{"type":"FeatureCollection","name":"brigantine_road_centerlines","metadata":{"source":"NJOGIS NG911 Road Centerlines (Tran_road)","url":"https://services2.arcgis.com/XVOqAjTOJ5P6ngMu/arcgis/rest/services/Tran_road/FeatureServer/0","query_url":"https://services2.arcgis.com/XVOqAjTOJ5P6ngMu/arcgis/rest/services/Tran_road/FeatureServer/0/query","retrieved_at_utc":"2026-09-04T20:05:05.920476+00:00","source_last_edit_date":1785341586960,"out_sr":4326,"query_envelope_wgs84":[-74.4217177,39.3685056,-74.3244469,39.4511255],"spatial_relationship":"esriSpatialRelIntersects","boundary_file":"brigantine_boundary.geojson","boundary_sha256":"1b774b220019f0b1ffd992a284455f159600016d5598a30a80f0f6d400081253","fields":["OBJECTID","PRIMENAME","ELEVTYP_F","ELEVTYP_T"],"feature_count":1401,"complete_objectid_inventory_verified":true,"municipal_clipping":"Envelope selection only; clip against the actual municipal boundary in the application."},"features":[{"type":"Feature","id":226,"properties":{"OBJECTID":226,"PRIMENAME":"Unnamed Segment","ELEVTYP_F":0,"ELEVTYP_T":0},"geometry":{"type":"LineString","coordinates":[[-74.3874633321026,39.3948708745847],[-74.3863306816136,39.3938642591858],[-74.3862308920181,39.3937772340591]]}},{"type":"Feature","id":528,"properties":{"OBJECTID":528,"PRIMENAME":"Unnamed Segment","ELEVTYP_F":0,"ELEVTYP_T":0},"geometry":{"type":"LineString","coordinates":[[-74.3824366965276,39.4007483311966],[-74.3816690367475,39.399882178497],[-74.3811499743719,39.3993037166316]]}},{"type":"Feature","id":656,"properties":{"OBJECTID":656,"PRIMENAME":"Unnamed Segment","ELEVTYP_F":0,"ELEVTYP_T":0},"geometry":{"type":"LineString","coordinates":[[-74.3855066443532,39.396374819609],[-74.385265899819,39.3961608064234],[-74.3841789560638,39.3952112704855]]}},{"type":"Feature","id":1285,"properties":{"OBJECTID":1285,"PRIMENAME":"West Brigantine Avenue","ELEVTYP_F":0,"ELEVTYP_T":0},"geometry":{"type":"LineString","coordinates":[[-74.375458269695,39.400475922948],[-74.3752372253664,39.4005962757288],[-74.3750796582373,39.4006823198137]]}},{"type":"Feature","id":1452,"properties":{"OBJECTID":1452,"PRIMENAME":"Bayshore Avenue","ELEVTYP_F":0,"ELEVTYP_T":0},"geometry":{"type":"LineString","coordinates":[[-74.3690870866374,39.4089612822431],[-74.3690103082028,39.4090799728274],[-74.3689258800931,39.4092379990527],[-74.3688479300774,39.4093960063919],[-74.3687829577374,39.4095415071702],[-74.3687244565727,39.4096895140339],[-74.3686788455022,39.4098526085264],[-74.3686429405504,39.4100307609436],[-74.3686036933967,39.410254074854],[-74.3685840834752,39.4103494367687]]}},{"type":"Feature","id":1579,"properties":{"OBJECTID":1579,"PRIMENAME":"Harbor Beach Boulevard","ELEVTYP_F":0,"ELEVTYP_T":0},"geometry":{"type":"LineString","coordinates":[[-74.406700141421,39.3809460069587],[-74.4068042413636,39.3809097653656],[-74.4068985913698,39.3808889187648],[-74.4069862473063,39.3808733112309],[-74.4071681697582,39.3808734565028],[-74.4073299670029,39.3808948093609],[-74.4074851859184,39.3809420207131],[-74.4076070634782,39.3809999691239],[-74.4077356785998,39.3810999579702],[-74.4078371444235,39.3812367726512],[-74.407972393897,39.3814314367113],[-74.4083780425637,39.3820942852969],[-74.4084935766514,39.3822973629417],[-74.4086242322661,39.3823272561687]]}},{"type":"Feature","id":1680,"properties":{"OBJECTID":1680,"PRIMENAME":"8th Street South","ELEVTYP_F":0,"ELEVTYP_T":0},"geometry":{"type":"LineString","coordinates":[[-74.3698473185094,39.406062591735],[-74.369807443942,39.4060177385217],[-74.3693475598058,39.4055228681754],[-74.3685463652798,39.4046310020052],[-74.368320436826,39.4043801234911]]}},{"type":"Feature","id":1763,"properties":{"OBJECTID":1763,"PRIMENAME":"Sheridan Boulevard","ELEVTYP_F":0,"ELEVTYP_T":0},"geometry":{"type":"LineString","coordinates":[[-74.3701600380639,39.4164482722566],[-74.3702871495784,39.4163155243566],[-74.3704146977426,39.4162138859477],[-74.3705615596562,39.4161002972478],[-74.3706929649568,39.4159986619202],[-74.3708514008864,39.4158850857134],[-74.3709436892492,39.4158233292497]]}},{"type":"Feature","id":2234,"properties":{"OBJECTID":2234,"PRIMENAME":"Atlantic Brigantine Boulevard","ELEVTYP_F":1,"ELEVTYP_T":0},"geometry":{"type":"LineString","coordinates":[[-74.4192455402198,39.3869175933945],[-74.4201641722493,39.3863974581718],[-74.4214698020105,39.3856566107611]]}},{"type":"Feature","id":2474,"properties":{"OBJECTID":2474,"PRIMENAME":"Revere Boulevard","ELEVTYP_F":0,"ELEVTYP_T":0},"geometry":{"type":"LineString","coordinates":[[-74.3872327493316,39.3952031497844],[-74.3871190894897,39.3952893077617],[-74.3868959086968,39.3954395532033]]}},{"type":"Feature","id":2733,"properties":{"OBJECTID":2733,"PRIMENAME":"Shipmaster Drive","ELEVTYP_F":0,"ELEVTYP_T":0},"geometry":{"type":"LineString","coordinates":[[-74.4005836421061,39.3877744260546],[-74.4006513939004,39.387804383445],[-74.4008171439449,39.387892990214],[-74.4009247628574,39.3879545852666]]}},{"type":"Feature","id":2740,"properties":{"OBJECTID":2740,"PRIMENAME":"Roosevelt Boulevard","ELEVTYP_F":0,"ELEVTYP_T":0},"geometry":{"type":"LineString","coordinates":[[-74.3677285334856,39.4126504179912],[-74.3676567585981,39.4125165565944],[-74.3676171798782,39.4124743387596],[-74.3674784038193,39.4123263124599],[-74.3674423401445,39.4122903987714],[-74.3673338734772,39.4121823852812]]}},{"type":"Feature","id":2814,"properties":{"OBJECTID":2814,"PRIMENAME":"Caspian Avenue","ELEVTYP_F":0,"ELEVTYP_T":0},"geometry":{"type":"LineString","coordinates":[[-74.4217173921517,39.373281791073],[-74.4225630792899,39.3729354694169]]}},{"type":"Feature","id":2990,"properties":{"OBJECTID":2990,"PRIMENAME":"Bayshore Avenue","ELEVTYP_F":0,"ELEVTYP_T":0},"geometry":{"type":"LineString","coordinates":[[-74.3874477692225,39.3964741570531],[-74.3871446822232,39.3967333832162],[-74.3871363556737,39.3967404590598]]}},{"type":"Feature","id":3069,"properties":{"OBJECTID":3069,"PRIMENAME":"West Brigantine Avenue","ELEVTYP_F":0,"ELEVTYP_T":0},"geometry":{"type":"LineString","coordinates":[[-74.3784685237188,39.3988322911804],[-74.3782032128037,39.3989756108061],[-74.3780890107782,39.3990378457059]]}},{"type":"Feature","id":3254,"properties":{"OBJECTID":3254,"PRIMENAME":"Revere Boulevard","ELEVTYP_F":0,"ELEVTYP_T":0},"geometry":{"type":"LineString","coordinates":[[-74.3861997934606,39.3959081896448],[-74.3858488272382,39.3961444662858]]}},{"type":"Feature","id":3319,"properties":{"OBJECTID":3319,"PRIMENAME":"Quimet Road","ELEVTYP_F":0,"ELEVTYP_T":0},"geometry":{"type":"LineString","coordinates":[[-74.3768473798312,39.416773900883],[-74.3766962752291,39.4167898030015],[-74.3762825278654,39.4168401860046],[-74.375749955778,39.416906337115],[-74.3740990043616,39.4171015347817],[-74.3728879181273,39.4172473572676]]}},{"type":"Feature","id":3782,"properties":{"OBJECTID":3782,"PRIMENAME":"Unnamed Segment","ELEVTYP_F":0,"ELEVTYP_T":0},"geometry":{"type":"LineString","coordinates":[[-74.4045737517378,39.3836088254045],[-74.4044645626324,39.3837087261559],[-74.4039558390381,39.3840433008294],[-74.4037617957918,39.3841384025162]]}},{"type":"Feature","id":4211,"properties":{"OBJECTID":4211,"PRIMENAME":"Revere Boulevard","ELEVTYP_F":0,"ELEVTYP_T":0},"geometry":{"type":"LineString","coordinates":[[-74.3874633321026,39.3948708745847],[-74.3875110408839,39.3949109245215],[-74.3875230976758,39.3949391070193],[-74.387523052443,39.3949672769169],[-74.3875068708121,39.3949954041905],[-74.3872327493316,39.3952031497844]]}},{"type":"Feature","id":4727,"properties":{"OBJECTID":4727,"PRIMENAME":"Beach Cove","ELEVTYP_F":0,"ELEVTYP_T":0},"geometry":{"type":"LineString","coordinates":[[-74.4018246763948,39.3900669519471],[-74.4018438092421,39.390124901547],[-74.4018575359055,39.3902026696934],[-74.4018677825192,39.3902885079144],[-74.4018846566401,39.3905700614589],[-74.4019484751065,39.3918947853732],[-74.4019503152901,39.3919453040407],[-74.4019551204724,39.3920771300177]]}},{"type":"Feature","id":4845,"properties":{"OBJECTID":4845,"PRIMENAME":"Bayshore Avenue","ELEVTYP_F":0,"ELEVTYP_T":0},"geometry":{"type":"LineString","coordinates":[[-74.393163471673,39.3925639657022],[-74.3935892018057,39.392391595054],[-74.3935933872374,39.3923898999645],[-74.3939385755456,39.3922473592547]]}},{"type":"Feature","id":4857,"properties":{"OBJECTID":4857,"PRIMENAME":"44th Street South","ELEVTYP_F":0,"ELEVTYP_T":0},"geometry":{"type":"LineString","coordinates":[[-74.3917807658028,39.3869164056544],[-74.3930679492877,39.3878225373163],[-74.3934016403766,39.3880596570389]]}},{"type":"Feature","id":4943,"properties":{"OBJECTID":4943,"PRIMENAME":"Cove Drive","ELEVTYP_F":0,"ELEVTYP_T":0},"geometry":{"type":"LineString","coordinates":[[-74.4054347505139,39.3891016847095],[-74.405625635638,39.3892404411382],[-74.40586039605,39.3894068802605],[-74.4059432491958,39.3894713061705],[-74.4059708265329,39.3895142428045],[-74.405977658504,39.3895651798341],[-74.4059603230372,39.3896161252586],[-74.405915323775,39.3896616669069],[-74.4057700440415,39.3897876025759],[-74.4053929283293,39.3900956618811],[-74.4049742991264,39.3904599989597],[-74.4048912516158,39.3905376885738],[-74.4048289399985,39.3906154221137],[-74.4047493208441,39.3907226022705],[-74.4046558693434,39.3908271073579],[-74.4045728222051,39.3909047967398],[-74.404493275393,39.3909583815998],[-74.4043964323919,39.3910065707882],[-74.4042926961371,39.3910493728187],[-74.4041889828833,39.3910761125277],[-74.4040541761814,39.391094781423],[-74.403884796031,39.3911160852879],[-74.4036428501593,39.3911561088114],[-74.4033084885939,39.3912150557443]]}},{"type":"Feature","id":5914,"properties":{"OBJECTID":5914,"PRIMENAME":"Lighthouse Drive","ELEVTYP_F":0,"ELEVTYP_T":0},"geometry":{"type":"LineString","coordinates":[[-74.400472522522,39.3842983797019],[-74.4008031550305,39.3846027713164],[-74.40098545119,39.3847708241342],[-74.4010412690115,39.3848306715971]]}},{"type":"Feature","id":6099,"properties":{"OBJECTID":6099,"PRIMENAME":"Hagen Road","ELEVTYP_F":0,"ELEVTYP_T":0},"geometry":{"type":"LineString","coordinates":[[-74.3667381216922,39.4181996897871],[-74.366742937532,39.4182303675505],[-74.3667526512997,39.4182595925282],[-74.3667805595491,39.418438036975],[-74.3668602028424,39.418998431235],[-74.3669994092152,39.4200690894808],[-74.3671546136632,39.4212180442321],[-74.3671571425848,39.4212287828513]]}},{"type":"Feature","id":6427,"properties":{"OBJECTID":6427,"PRIMENAME":"9th Street North","ELEVTYP_F":0,"ELEVTYP_T":0},"geometry":{"type":"LineString","coordinates":[[-74.35893179176,39.4129474869083],[-74.3583589001187,39.4124806902757]]}},{"type":"Feature","id":6851,"properties":{"OBJECTID":6851,"PRIMENAME":"Shipmaster Cove","ELEVTYP_F":0,"ELEVTYP_T":0},"geometry":{"type":"LineString","coordinates":[[-74.4005836421061,39.3877744260546],[-74.4003489660079,39.3880666014345],[-74.4002777076985,39.3881553165303]]}},{"type":"Feature","id":7410,"properties":{"OBJECTID":7410,"PRIMENAME":"4th Street South","ELEVTYP_F":0,"ELEVTYP_T":0},"geometry":{"type":"LineString","coordinates":[[-74.3649163324029,39.4055955099606],[-74.3653075766,39.406026673986]]}},{"type":"Feature","id":7670,"properties":{"OBJECTID":7670,"PRIMENAME":"West Brigantine Avenue","ELEVTYP_F":0,"ELEVTYP_T":0},"geometry":{"type":"LineString","coordinates":[[-74.3820821929068,39.3966109583367],[-74.3817414391757,39.3968457231533]]}},{"type":"Feature","id":7789,"properties":{"OBJECTID":7789,"PRIMENAME":"Unnamed Segment","ELEVTYP_F":0,"ELEVTYP_T":0},"geometry":{"type":"LineString","coordinates":[[-74.4167939081206,39.3748366933048],[-74.4162763017075,39.3750483702795]]}},{"type":"Feature","id":8070,"properties":{"OBJECTID":8070,"PRIMENAME":"West Brigantine Avenue","ELEVTYP_F":0,"ELEVTYP_T":0},"geometry":{"type":"LineString","coordinates":[[-74.3889389712066,39.3918717010143],[-74.388682126296,39.3920842444981],[-74.3886200911114,39.3921314647528]]}},{"type":"Feature","id":8142,"properties":{"OBJECTID":8142,"PRIMENAME":"Ocean Avenue","ELEVTYP_F":0,"ELEVTYP_T":0},"geometry":{"type":"LineString","coordinates":[[-74.3728379810621,39.3994506348303],[-74.3731427232006,39.3992902371793],[-74.3732288372509,39.3992440396623]]}},{"type":"Feature","id":8385,"properties":{"OBJECTID":8385,"PRIMENAME":"Harbor Beach Boulevard","ELEVTYP_F":0,"ELEVTYP_T":0},"geometry":{"type":"LineString","coordinates":[[-74.3976459995405,39.3867537611334],[-74.3976232012925,39.3868027116149],[-74.3976011904275,39.386851878631],[-74.3975799703613,39.3869012545554],[-74.397559544387,39.3869508317291],[-74.3975399156748,39.3870006024622],[-74.3975210872708,39.3870505590345],[-74.3975030620975,39.3871006936972],[-74.3974858429525,39.3871509986736]]}},{"type":"Feature","id":8441,"properties":{"OBJECTID":8441,"PRIMENAME":"West Brigantine Avenue","ELEVTYP_F":0,"ELEVTYP_T":0},"geometry":{"type":"LineString","coordinates":[[-74.3834584363994,39.3956622113873],[-74.3831163454951,39.3958981589872]]}},{"type":"Feature","id":8469,"properties":{"OBJECTID":8469,"PRIMENAME":"Coquille Beach Drive","ELEVTYP_F":0,"ELEVTYP_T":0},"geometry":{"type":"LineString","coordinates":[[-74.4029502769197,39.382752679206],[-74.4024895720298,39.382335830743],[-74.4024564668892,39.3823024434485],[-74.4024281058896,39.3822665234528],[-74.4024048123239,39.3822284709882],[-74.4023868444309,39.3821887213637],[-74.4023193976971,39.3820190429901]]}},{"type":"Feature","id":8933,"properties":{"OBJECTID":8933,"PRIMENAME":"Lafayette Place","ELEVTYP_F":0,"ELEVTYP_T":0},"geometry":{"type":"LineString","coordinates":[[-74.363960132577,39.4106290651168],[-74.3640189749467,39.4106386067342],[-74.3642543739576,39.4106628231309],[-74.3645707601571,39.4106841417926],[-74.3651137225613,39.4107112092876]]}},{"type":"Feature","id":9257,"properties":{"OBJECTID":9257,"PRIMENAME":"Unnamed Segment","ELEVTYP_F":0,"ELEVTYP_T":0},"geometry":{"type":"LineString","coordinates":[[-74.3751265484015,39.4025888139623],[-74.3743187506813,39.4017056565162],[-74.3739506820682,39.4012987647503]]}},{"type":"Feature","id":9364,"properties":{"OBJECTID":9364,"PRIMENAME":"Lagoon Boulevard","ELEVTYP_F":0,"ELEVTYP_T":0},"geometry":{"type":"LineString","coordinates":[[-74.4039573908186,39.3859642997621],[-74.403972370253,39.3860582688342],[-74.4041006146818,39.3862768739578],[-74.4042710247116,39.38655523252]]}},{"type":"Feature","id":9498,"properties":{"OBJECTID":9498,"PRIMENAME":"Roosevelt Boulevard","ELEVTYP_F":0,"ELEVTYP_T":0},"geometry":{"type":"LineString","coordinates":[[-74.3713270453424,39.4205111202131],[-74.3712515863947,39.4204165572306],[-74.3711259935107,39.4202021484955],[-74.3709183196666,39.4198297734673],[-74.3707974871246,39.4196266539607],[-74.3707346705395,39.4195213157873],[-74.3706620803147,39.4194760969172],[-74.3705409501382,39.4194534475886]]}},{"type":"Feature","id":9849,"properties":{"OBJECTID":9849,"PRIMENAME":"34th Street South","ELEVTYP_F":0,"ELEVTYP_T":0},"geometry":{"type":"LineString","coordinates":[[-74.3854812461429,39.3914982618897],[-74.3861157799922,39.3920579284066],[-74.3872645306302,39.3930675263426]]}},{"type":"Feature","id":10119,"properties":{"OBJECTID":10119,"PRIMENAME":"Evans Boulevard","ELEVTYP_F":0,"ELEVTYP_T":0},"geometry":{"type":"LineString","coordinates":[[-74.3688296412195,39.4086731383931],[-74.3680778511945,39.4090824611961]]}},{"type":"Feature","id":10196,"properties":{"OBJECTID":10196,"PRIMENAME":"East Brigantine Avenue","ELEVTYP_F":0,"ELEVTYP_T":0},"geometry":{"type":"LineString","coordinates":[[-74.3589056645795,39.4109306948288],[-74.3586920933107,39.4110882560034],[-74.3582666508645,39.4114007966359]]}},{"type":"Feature","id":10306,"properties":{"OBJECTID":10306,"PRIMENAME":"West Brigantine Avenue","ELEVTYP_F":0,"ELEVTYP_T":0},"geometry":{"type":"LineString","coordinates":[[-74.3720668679953,39.402329951951],[-74.3713273409578,39.4027383755976]]}},{"type":"Feature","id":10424,"properties":{"OBJECTID":10424,"PRIMENAME":"Lafayette Place","ELEVTYP_F":0,"ELEVTYP_T":0},"geometry":{"type":"LineString","coordinates":[[-74.3666440604401,39.4108586339745],[-74.367140442471,39.4109116159184],[-74.3675509068127,39.4109536802397]]}},{"type":"Feature","id":11454,"properties":{"OBJECTID":11454,"PRIMENAME":"Manitoba Avenue","ELEVTYP_F":0,"ELEVTYP_T":0},"geometry":{"type":"LineString","coordinates":[[-74.4065584202386,39.3835130598298],[-74.4064612239571,39.3834364051358]]}},{"type":"Feature","id":11888,"properties":{"OBJECTID":11888,"PRIMENAME":"West Beach Avenue","ELEVTYP_F":0,"ELEVTYP_T":0},"geometry":{"type":"LineString","coordinates":[[-74.3649504414315,39.4096373924602],[-74.3649425558959,39.4096289821672],[-74.3649342272512,39.4096208329618],[-74.364925469846,39.4096129588834],[-74.3649162987674,39.4096053734972],[-74.3649067298152,39.409598089871],[-74.3648967794747,39.4095911205529],[-74.3648864648881,39.4095844775494],[-74.3648758038252,39.4095781723048],[-74.3648648146525,39.4095722156817],[-74.364853516302,39.4095666179418],[-74.3648419282381,39.409561388729],[-74.3648300704245,39.4095565370517],[-74.3648179632895,39.4095520712683],[-74.3648056276909,39.4095479990724],[-74.36479308488,39.4095443274795],[-74.3647803564652,39.4095410628146],[-74.3647674643747,39.4095382107022],[-74.3647544308184,39.4095357760558],[-74.3647412782502,39.4095337630696],[-74.3647280293288,39.4095321752116],[-74.3647147068791,39.4095310152173],[-74.3647013338524,39.4095302850851],[-74.3646879332874,39.4095299860728],[-74.3646745282701,39.4095301186955],[-74.3646611418941,39.4095306827249],[-74.364647797221,39.4095316771891],[-74.3646345172406,39.409533100375],[-74.3646213248312,39.4095349498307],[-74.3646082427202,39.40953722237],[-74.3645952934449,39.409539914078],[-74.3645824993141,39.4095430203175],[-74.3645698823689,39.409546535737]]}},{"type":"Feature","id":11925,"properties":{"OBJECTID":11925,"PRIMENAME":"Shipmaster Drive","ELEVTYP_F":0,"ELEVTYP_T":0},"geometry":{"type":"LineString","coordinates":[[-74.4032165111614,39.3906345466884],[-74.4032493389565,39.3908205928619],[-74.4033084885939,39.3912150557443]]}},{"type":"Feature","id":12435,"properties":{"OBJECTID":12435,"PRIMENAME":"West Brigantine Avenue","ELEVTYP_F":0,"ELEVTYP_T":0},"geometry":{"type":"LineString","coordinates":[[-74.3735827942679,39.4014996761333],[-74.3728243771752,39.4019140746715]]}},{"type":"Feature","id":12688,"properties":{"OBJECTID":12688,"PRIMENAME":"Ocean Drive South","ELEVTYP_F":0,"ELEVTYP_T":0},"geometry":{"type":"LineString","coordinates":[[-74.4049900223405,39.3791512655129],[-74.4043703141932,39.3797575492291],[-74.4038667483423,39.3802079176383]]}},{"type":"Feature","id":12959,"properties":{"OBJECTID":12959,"PRIMENAME":"Unnamed Segment","ELEVTYP_F":0,"ELEVTYP_T":0},"geometry":{"type":"LineString","coordinates":[[-74.3858933375452,39.3977993438682],[-74.3848154540371,39.3968498500373]]}},{"type":"Feature","id":13111,"properties":{"OBJECTID":13111,"PRIMENAME":"West Brigantine Avenue","ELEVTYP_F":0,"ELEVTYP_T":0},"geometry":{"type":"LineString","coordinates":[[-74.3952544387808,39.3864808553186],[-74.3954087363237,39.386436569095],[-74.3955066465775,39.3863607398894],[-74.3955640415725,39.3863145675474],[-74.3956239813866,39.3862703852341],[-74.3956863515412,39.3862282773294],[-74.3957510329169,39.3861883242517],[-74.3958179019808,39.3861506023035],[-74.3958868310227,39.3861151835265],[-74.3959576883989,39.3860821355635],[-74.3960303387834,39.3860515215296],[-74.3961046434267,39.3860233998913],[-74.3961804604203,39.3859978243552],[-74.396257644968,39.3859748437653],[-74.3963360496624,39.3859545020096],[-74.3964155247661,39.3859368379367],[-74.396495918498,39.3859218852812],[-74.396577077323,39.3859096725995],[-74.3966588462448,39.3859002232152]]}},{"type":"Feature","id":13185,"properties":{"OBJECTID":13185,"PRIMENAME":"Bayshore Avenue","ELEVTYP_F":0,"ELEVTYP_T":0},"geometry":{"type":"LineString","coordinates":[[-74.3824366965276,39.4007483311966],[-74.3823892765001,39.4007894409623],[-74.3822759002406,39.4008872084579],[-74.3822078631288,39.4009398284653],[-74.3821239282916,39.4009973480091]]}},{"type":"Feature","id":13211,"properties":{"OBJECTID":13211,"PRIMENAME":"Unnamed Segment","ELEVTYP_F":0,"ELEVTYP_T":0},"geometry":{"type":"LineString","coordinates":[[-74.3901249130419,39.3908510578697],[-74.3898052460635,39.3906278352552],[-74.3893942486085,39.3903175432754],[-74.3890758837257,39.3901012668824],[-74.3886487833865,39.3897972165847],[-74.3881976457002,39.389480923095]]}},{"type":"Feature","id":13435,"properties":{"OBJECTID":13435,"PRIMENAME":"36th Street South","ELEVTYP_F":0,"ELEVTYP_T":0},"geometry":{"type":"LineString","coordinates":[[-74.3867942598694,39.39052332863],[-74.3870940765946,39.3907848694923],[-74.3883670497636,39.3919098396656],[-74.3886200911114,39.3921314647528]]}},{"type":"Feature","id":13988,"properties":{"OBJECTID":13988,"PRIMENAME":"Atlantic Brigantine Boulevard","ELEVTYP_F":0,"ELEVTYP_T":0},"geometry":{"type":"LineString","coordinates":[[-74.3886444534221,39.3948365363935],[-74.3880628460793,39.39485352328]]}},{"type":"Feature","id":14025,"properties":{"OBJECTID":14025,"PRIMENAME":"Crystal Lane","ELEVTYP_F":0,"ELEVTYP_T":0},"geometry":{"type":"LineString","coordinates":[[-74.393163471673,39.3925639657022],[-74.3932387485236,39.3926490671235],[-74.3936343592905,39.3932315643103]]}},{"type":"Feature","id":14084,"properties":{"OBJECTID":14084,"PRIMENAME":"Unnamed Segment","ELEVTYP_F":0,"ELEVTYP_T":0},"geometry":{"type":"LineString","coordinates":[[-74.3820821929068,39.3966109583367],[-74.3816993333682,39.3962762039809],[-74.3806116892952,39.3953078261639],[-74.3801944308303,39.3949421149962]]}},{"type":"Feature","id":14256,"properties":{"OBJECTID":14256,"PRIMENAME":"Grammercy Place","ELEVTYP_F":0,"ELEVTYP_T":0},"geometry":{"type":"LineString","coordinates":[[-74.4158471755637,39.3690316564545],[-74.4153953040884,39.3692139982964],[-74.4153052347902,39.3692504227159]]}},{"type":"Feature","id":15136,"properties":{"OBJECTID":15136,"PRIMENAME":"Bobby Jones Road","ELEVTYP_F":0,"ELEVTYP_T":0},"geometry":{"type":"LineString","coordinates":[[-74.3793823855876,39.414599479165],[-74.3793991513253,39.4146069101372],[-74.3797876390619,39.4147457202582]]}},{"type":"Feature","id":15470,"properties":{"OBJECTID":15470,"PRIMENAME":"Revere Boulevard","ELEVTYP_F":0,"ELEVTYP_T":0},"geometry":{"type":"LineString","coordinates":[[-74.382744213813,39.3982652801774],[-74.3824027786283,39.3985020504619]]}},{"type":"Feature","id":15997,"properties":{"OBJECTID":15997,"PRIMENAME":"Bayshore Avenue","ELEVTYP_F":0,"ELEVTYP_T":0},"geometry":{"type":"LineString","coordinates":[[-74.3862019965018,39.3975363926359],[-74.3858933375452,39.3977993438682]]}},{"type":"Feature","id":16173,"properties":{"OBJECTID":16173,"PRIMENAME":"Grammercy Place","ELEVTYP_F":0,"ELEVTYP_T":0},"geometry":{"type":"LineString","coordinates":[[-74.4172279007957,39.3684745077354],[-74.4165570051254,39.3687451908158]]}},{"type":"Feature","id":16226,"properties":{"OBJECTID":16226,"PRIMENAME":"Unnamed Segment","ELEVTYP_F":0,"ELEVTYP_T":0},"geometry":{"type":"LineString","coordinates":[[-74.3823148906955,39.3924892500147],[-74.3824272940794,39.3925880908977],[-74.3830678501026,39.393151356202]]}},{"type":"Feature","id":17094,"properties":{"OBJECTID":17094,"PRIMENAME":"Heald Road","ELEVTYP_F":0,"ELEVTYP_T":0},"geometry":{"type":"LineString","coordinates":[[-74.3615639267062,39.4133614527078],[-74.3621959901924,39.4133994890554],[-74.3631915373181,39.4134545337179],[-74.3654257864102,39.4135769046986],[-74.3654965707402,39.4135809671953]]}},{"type":"Feature","id":18120,"properties":{"OBJECTID":18120,"PRIMENAME":"Unnamed Segment","ELEVTYP_F":0,"ELEVTYP_T":0},"geometry":{"type":"LineString","coordinates":[[-74.3837854042434,39.3927027206095],[-74.38317872655,39.3921676983151]]}},{"type":"Feature","id":19160,"properties":{"OBJECTID":19160,"PRIMENAME":"Unnamed Segment","ELEVTYP_F":0,"ELEVTYP_T":0},"geometry":{"type":"LineString","coordinates":[[-74.415631078836,39.3740773249859],[-74.4156348812222,39.3740829875151],[-74.4158654273317,39.3744262304942]]}},{"type":"Feature","id":19447,"properties":{"OBJECTID":19447,"PRIMENAME":"36th Street South","ELEVTYP_F":0,"ELEVTYP_T":0},"geometry":{"type":"LineString","coordinates":[[-74.3862642440947,39.3900609917313],[-74.3867942598694,39.39052332863]]}},{"type":"Feature","id":19713,"properties":{"OBJECTID":19713,"PRIMENAME":"West Shore Drive","ELEVTYP_F":0,"ELEVTYP_T":0},"geometry":{"type":"LineString","coordinates":[[-74.375849563586,39.4125931002134],[-74.3758448795711,39.4125986792812],[-74.3758135251592,39.412636027262],[-74.3757768783463,39.4126703537011],[-74.37573541721,39.4127012096044],[-74.3756896894258,39.412728191993],[-74.3756402855534,39.4127509465777],[-74.3755878564392,39.4127691767854],[-74.3755791101161,39.4127722184452]]}},{"type":"Feature","id":20015,"properties":{"OBJECTID":20015,"PRIMENAME":"North Roosevelt Boulevard","ELEVTYP_F":0,"ELEVTYP_T":0},"geometry":{"type":"LineString","coordinates":[[-74.3673353723919,39.4123829098264],[-74.3675317413806,39.4125383605305],[-74.3675733443219,39.4125712961412],[-74.3677285334856,39.4126504179912]]}},{"type":"Feature","id":20284,"properties":{"OBJECTID":20284,"PRIMENAME":"Delmar Drive","ELEVTYP_F":0,"ELEVTYP_T":0},"geometry":{"type":"LineString","coordinates":[[-74.4025987542029,39.3861389752327],[-74.4026613935261,39.3861810637326],[-74.4027512045029,39.3862240531955],[-74.4027971867171,39.3862346625671]]}},{"type":"Feature","id":20385,"properties":{"OBJECTID":20385,"PRIMENAME":"Lincoln Drive","ELEVTYP_F":0,"ELEVTYP_T":0},"geometry":{"type":"LineString","coordinates":[[-74.3705409501382,39.4194534475886],[-74.3706573275987,39.4194234849106],[-74.3706885582349,39.4194066098106],[-74.3707407402462,39.4193784115055],[-74.3708180836043,39.4193036517403],[-74.3709224286021,39.419213957794],[-74.3709959189533,39.4191362272984],[-74.3710539384371,39.4190584805091],[-74.37109659461,39.4189627042686],[-74.3711276159957,39.4188789137805],[-74.3711432038763,39.4187950791652],[-74.3711472338213,39.4187023633681],[-74.3711476307287,39.4184867762017],[-74.3711487108826,39.4179000600778],[-74.3711306420592,39.4172354565983],[-74.3711159750826,39.4168193660402],[-74.3711047362978,39.4166367406155],[-74.3710665914637,39.4163792387536],[-74.3710207217129,39.4161456986068],[-74.3709436892492,39.4158233292497]]}},{"type":"Feature","id":20456,"properties":{"OBJECTID":20456,"PRIMENAME":"East Shore Drive","ELEVTYP_F":0,"ELEVTYP_T":0},"geometry":{"type":"LineString","coordinates":[[-74.3682247411148,39.4219405415529],[-74.3682232486493,39.4219436422163],[-74.3682231897603,39.4219749152105],[-74.3682256730415,39.4220093763118],[-74.3682330955811,39.4220908755571],[-74.368231849037,39.4221700030853],[-74.3682155391849,39.4222402460781],[-74.3681765720571,39.4223104904195],[-74.368134395537,39.4223556078091],[-74.3680728508,39.4224032299629],[-74.3675999773708,39.4226235525725],[-74.3671610037837,39.4228229017175],[-74.3665635739087,39.4230942071747],[-74.3664308116023,39.4231542939774],[-74.3663044663639,39.4232093633437],[-74.3661846882982,39.4232368198146],[-74.3660810903864,39.4232441961528],[-74.3659775871751,39.4232391072454],[-74.3658902510691,39.4232214347009],[-74.3657997183835,39.4231912102672],[-74.3656994890659,39.4231409038569],[-74.3656251513534,39.42308307767],[-74.3655702744817,39.4230303256083],[-74.365518623314,39.4229574786119],[-74.3654832148813,39.4228696043209],[-74.3654483327203,39.4227653946278]]}},{"type":"Feature","id":20915,"properties":{"OBJECTID":20915,"PRIMENAME":"Shipmaster Drive","ELEVTYP_F":0,"ELEVTYP_T":0},"geometry":{"type":"LineString","coordinates":[[-74.4009247628574,39.3879545852666],[-74.4011831703718,39.388102465875],[-74.4013833771078,39.3882474419438],[-74.4015214618478,39.388360185647],[-74.4017044069917,39.3885024558427],[-74.4018804000429,39.3886822807521],[-74.4019942796033,39.3887976662526],[-74.4021917047269,39.3890368420525]]}},{"type":"Feature","id":21799,"properties":{"OBJECTID":21799,"PRIMENAME":"Sheridan Boulevard","ELEVTYP_F":0,"ELEVTYP_T":0},"geometry":{"type":"LineString","coordinates":[[-74.3778591118956,39.4143032271214],[-74.3778939474939,39.4142998595624],[-74.3780556745581,39.4142793540119],[-74.3781637924396,39.4142495120557],[-74.3781897211147,39.4142386395157]]}},{"type":"Feature","id":21818,"properties":{"OBJECTID":21818,"PRIMENAME":"West Brigantine Avenue","ELEVTYP_F":0,"ELEVTYP_T":0},"geometry":{"type":"LineString","coordinates":[[-74.3840492031733,39.3952688818834],[-74.3838083144419,39.3954239356638]]}},{"type":"Feature","id":22008,"properties":{"OBJECTID":22008,"PRIMENAME":"Cove Drive","ELEVTYP_F":0,"ELEVTYP_T":0},"geometry":{"type":"LineString","coordinates":[[-74.4043865522467,39.3884449727113],[-74.4045898537988,39.3885316556069],[-74.4047141361287,39.3885988061675],[-74.4048039680847,39.3886551935218],[-74.4049144405968,39.3887303776579],[-74.4050766907068,39.3888484903641],[-74.405359810251,39.3890471503036],[-74.4054347505139,39.3891016847095]]}},{"type":"Feature","id":23731,"properties":{"OBJECTID":23731,"PRIMENAME":"8th Street North","ELEVTYP_F":0,"ELEVTYP_T":0},"geometry":{"type":"LineString","coordinates":[[-74.3596706873712,39.4125552592447],[-74.3605856267743,39.4133025710695]]}},{"type":"Feature","id":24018,"properties":{"OBJECTID":24018,"PRIMENAME":"35th Street South","ELEVTYP_F":0,"ELEVTYP_T":0},"geometry":{"type":"LineString","coordinates":[[-74.3879519465396,39.3925958824358],[-74.3892315405091,39.3937262044782],[-74.3900002062584,39.3943965446279]]}},{"type":"Feature","id":24461,"properties":{"OBJECTID":24461,"PRIMENAME":"Caspian Avenue","ELEVTYP_F":0,"ELEVTYP_T":0},"geometry":{"type":"LineString","coordinates":[[-74.4175608475084,39.3749617397091],[-74.4174896346563,39.3749913978611],[-74.4174408971602,39.3750116810013]]}},{"type":"Feature","id":25569,"properties":{"OBJECTID":25569,"PRIMENAME":"Ocean Avenue","ELEVTYP_F":0,"ELEVTYP_T":0},"geometry":{"type":"LineString","coordinates":[[-74.3736053439653,39.3990452240375],[-74.3737408930738,39.3989613271672],[-74.3739574985831,39.3988286448928]]}},{"type":"Feature","id":25750,"properties":{"OBJECTID":25750,"PRIMENAME":"Unnamed Segment","ELEVTYP_F":0,"ELEVTYP_T":0},"geometry":{"type":"LineString","coordinates":[[-74.3905549020058,39.3883629907398],[-74.391913624137,39.3893270537058]]}},{"type":"Feature","id":26552,"properties":{"OBJECTID":26552,"PRIMENAME":"Harbor Beach Boulevard","ELEVTYP_F":0,"ELEVTYP_T":0},"geometry":{"type":"LineString","coordinates":[[-74.4086242322661,39.3823272561687],[-74.408636990468,39.3822567853205],[-74.4084602414516,39.3819509443632],[-74.408063503781,39.3812917549567],[-74.4079222807524,39.3810929398602],[-74.4077742249687,39.3809516401534],[-74.4076591778287,39.3808923254097],[-74.4075866715645,39.3808493525401],[-74.4075141429582,39.3808224977338],[-74.4074277854119,39.3807929132484],[-74.407351775593,39.3807767904794],[-74.4072826977642,39.3807633089434],[-74.4071208996768,39.3807419560184],[-74.4069390135495,39.380741810702],[-74.4068513577671,39.3807574182008],[-74.406756971941,39.3807782647351],[-74.4066221492136,39.3808252174464],[-74.4066134757611,39.380828972253]]}},{"type":"Feature","id":27642,"properties":{"OBJECTID":27642,"PRIMENAME":"Unnamed Segment","ELEVTYP_F":0,"ELEVTYP_T":0},"geometry":{"type":"LineString","coordinates":[[-74.3973720953202,39.3925491225327],[-74.3974641793046,39.3925487452058],[-74.3975277550752,39.3925484859312]]}},{"type":"Feature","id":27829,"properties":{"OBJECTID":27829,"PRIMENAME":"Whalerman Cove","ELEVTYP_F":0,"ELEVTYP_T":0},"geometry":{"type":"LineString","coordinates":[[-74.3992633438448,39.38879269828],[-74.3999381438354,39.3887932534967]]}},{"type":"Feature","id":30012,"properties":{"OBJECTID":30012,"PRIMENAME":"Atlantic Brigantine Boulevard","ELEVTYP_F":0,"ELEVTYP_T":0},"geometry":{"type":"LineString","coordinates":[[-74.3890727230757,39.3948240414575],[-74.3886444534221,39.3948365363935]]}},{"type":"Feature","id":30306,"properties":{"OBJECTID":30306,"PRIMENAME":"Unnamed Segment","ELEVTYP_F":0,"ELEVTYP_T":0},"geometry":{"type":"LineString","coordinates":[[-74.390728102372,39.3903379132115],[-74.3898807345932,39.3897412239266],[-74.3888360866603,39.3890070574484]]}},{"type":"Feature","id":30748,"properties":{"OBJECTID":30748,"PRIMENAME":"Sunrise Avenue","ELEVTYP_F":0,"ELEVTYP_T":0},"geometry":{"type":"LineString","coordinates":[[-74.4134635900781,39.3708307497096],[-74.4137029839339,39.3707347401161],[-74.4139715486721,39.3706270284825]]}},{"type":"Feature","id":31219,"properties":{"OBJECTID":31219,"PRIMENAME":"Saint Katherine Place","ELEVTYP_F":0,"ELEVTYP_T":0},"geometry":{"type":"LineString","coordinates":[[-74.4139715486721,39.3706270284825],[-74.413765296022,39.3703134117975]]}},{"type":"Feature","id":31715,"properties":{"OBJECTID":31715,"PRIMENAME":"Bayshore Avenue","ELEVTYP_F":0,"ELEVTYP_T":0},"geometry":{"type":"LineString","coordinates":[[-74.3892708083199,39.3949192568468],[-74.3893260971815,39.3949548110347],[-74.3893907358746,39.3949849647568],[-74.3894683371538,39.3950091178911],[-74.3895356298959,39.3950172268769],[-74.3896184470804,39.3950092603921],[-74.3896346658561,39.395001970257],[-74.3896987253398,39.3949731764489],[-74.3897401787139,39.3949410912672],[-74.3897738433813,39.394911003882],[-74.3898256894273,39.3948628933026],[-74.3898593805562,39.3948388187838],[-74.3899189317201,39.394796729223]]}},{"type":"Feature","id":31718,"properties":{"OBJECTID":31718,"PRIMENAME":"West Brigantine Avenue","ELEVTYP_F":0,"ELEVTYP_T":0},"geometry":{"type":"LineString","coordinates":[[-74.38104508414,39.3973224274985],[-74.3807023083315,39.3975555945517]]}},{"type":"Feature","id":31938,"properties":{"OBJECTID":31938,"PRIMENAME":"Hackney Place","ELEVTYP_F":0,"ELEVTYP_T":0},"geometry":{"type":"LineString","coordinates":[[-74.3720620462377,39.4100046986891],[-74.3721510152139,39.410070060462],[-74.3722320022171,39.4101060625852],[-74.3723361590237,39.4101301463517],[-74.372548296882,39.4101782628452],[-74.3729571809288,39.4102715133271],[-74.3734445764346,39.4104011446957]]}},{"type":"Feature","id":32292,"properties":{"OBJECTID":32292,"PRIMENAME":"Unnamed Segment","ELEVTYP_F":0,"ELEVTYP_T":0},"geometry":{"type":"LineString","coordinates":[[-74.3799148651919,39.4016769436534],[-74.378964586885,39.4006024640079],[-74.3788971871675,39.4005309520869]]}},{"type":"Feature","id":34336,"properties":{"OBJECTID":34336,"PRIMENAME":"Saint Katherine Place","ELEVTYP_F":0,"ELEVTYP_T":0},"geometry":{"type":"LineString","coordinates":[[-74.4144046302154,39.3712728928373],[-74.4141743999887,39.3709295542337]]}},{"type":"Feature","id":34894,"properties":{"OBJECTID":34894,"PRIMENAME":"Delmar Drive","ELEVTYP_F":0,"ELEVTYP_T":0},"geometry":{"type":"LineString","coordinates":[[-74.4042678389746,39.385105987943],[-74.4041661617612,39.3850212005984],[-74.4040556995405,39.3849433520328],[-74.4039279387484,39.3848386919151],[-74.4037967872319,39.384755445506],[-74.4037311632863,39.3847232117533],[-74.4036690243007,39.3847043803323],[-74.4036033672615,39.3846962808646],[-74.4035307993171,39.3846962207258],[-74.4034686185887,39.3847069049608],[-74.4033787204118,39.3847282461023],[-74.4032947458202,39.3847638698666]]}},{"type":"Feature","id":35613,"properties":{"OBJECTID":35613,"PRIMENAME":"East Beach Avenue","ELEVTYP_F":0,"ELEVTYP_T":0},"geometry":{"type":"LineString","coordinates":[[-74.3644430346425,39.4099462366816],[-74.3642666156563,39.4101118415166]]}},{"type":"Feature","id":36166,"properties":{"OBJECTID":36166,"PRIMENAME":"Unnamed Segment","ELEVTYP_F":0,"ELEVTYP_T":0},"geometry":{"type":"LineString","coordinates":[[-74.3746769755756,39.3983795194653],[-74.3741522537846,39.397817740884]]}},{"type":"Feature","id":36271,"properties":{"OBJECTID":36271,"PRIMENAME":"15th Street South","ELEVTYP_F":0,"ELEVTYP_T":0},"geometry":{"type":"LineString","coordinates":[[-74.3714345665254,39.3991576142573],[-74.3720789018789,39.3998488837482]]}},{"type":"Feature","id":38172,"properties":{"OBJECTID":38172,"PRIMENAME":"6th Street North","ELEVTYP_F":0,"ELEVTYP_T":0},"geometry":{"type":"LineString","coordinates":[[-74.3608649158074,39.4115326493662],[-74.360568817709,39.4112902522932],[-74.3599936758246,39.4108194099788],[-74.3595451326468,39.4104590523493]]}},{"type":"Feature","id":39465,"properties":{"OBJECTID":39465,"PRIMENAME":"Unnamed Segment","ELEVTYP_F":0,"ELEVTYP_T":0},"geometry":{"type":"LineString","coordinates":[[-74.3841789560638,39.3952112704855],[-74.3841582485269,39.3951931554231]]}},{"type":"Feature","id":42072,"properties":{"OBJECTID":42072,"PRIMENAME":"8th Street South","ELEVTYP_F":0,"ELEVTYP_T":0},"geometry":{"type":"LineString","coordinates":[[-74.3718626978002,39.4082879540138],[-74.3716142720316,39.4080173711382]]}},{"type":"Feature","id":43446,"properties":{"OBJECTID":43446,"PRIMENAME":"7th Street North","ELEVTYP_F":0,"ELEVTYP_T":0},"geometry":{"type":"LineString","coordinates":[[-74.3599434797727,39.4117812998815],[-74.3602163150127,39.4120035187555]]}},{"type":"Feature","id":43659,"properties":{"OBJECTID":43659,"PRIMENAME":"11th Street South","ELEVTYP_F":0,"ELEVTYP_T":0},"geometry":{"type":"LineString","coordinates":[[-74.3690218236676,39.4014479001366],[-74.3701310717854,39.4026587955351],[-74.3705756616442,39.4031496923865]]}},{"type":"Feature","id":43958,"properties":{"OBJECTID":43958,"PRIMENAME":"Unnamed Segment","ELEVTYP_F":0,"ELEVTYP_T":0},"geometry":{"type":"LineString","coordinates":[[-74.3851107394036,39.3949446023558],[-74.3856584332881,39.3954349665992],[-74.3861997934606,39.3959081896448]]}},{"type":"Feature","id":46257,"properties":{"OBJECTID":46257,"PRIMENAME":"3rd Street South","ELEVTYP_F":0,"ELEVTYP_T":0},"geometry":{"type":"LineString","coordinates":[[-74.3641939010577,39.40603773476],[-74.3645666319829,39.4064508401704]]}},{"type":"Feature","id":46716,"properties":{"OBJECTID":46716,"PRIMENAME":"11th Street South","ELEVTYP_F":0,"ELEVTYP_T":0},"geometry":{"type":"LineString","coordinates":[[-74.3705756616442,39.4031496923865],[-74.3712709197204,39.403917351123],[-74.3721063969922,39.4048307628182]]}},{"type":"Feature","id":46932,"properties":{"OBJECTID":46932,"PRIMENAME":"Saint Charles Place","ELEVTYP_F":0,"ELEVTYP_T":0},"geometry":{"type":"LineString","coordinates":[[-74.4134635900781,39.3708307497096],[-74.4134630838478,39.3708299854481],[-74.413294159145,39.3705887476792],[-74.4132870910472,39.3705795163386],[-74.4132821535968,39.370569485767],[-74.4132794984672,39.3705589479395],[-74.413279197231,39.3705482118867],[-74.4132812622589,39.3705375965038],[-74.4132856328234,39.3705274062185],[-74.4132921797189,39.3705179490106],[-74.4133007111159,39.3705094949791],[-74.4133109760169,39.3705022970637],[-74.413765296022,39.3703134117975]]}},{"type":"Feature","id":47186,"properties":{"OBJECTID":47186,"PRIMENAME":"Ocean Avenue","ELEVTYP_F":0,"ELEVTYP_T":0},"geometry":{"type":"LineString","coordinates":[[-74.3908506398899,39.3881109143075],[-74.3905549020058,39.3883629907398]]}},{"type":"Feature","id":48962,"properties":{"OBJECTID":48962,"PRIMENAME":"North Roosevelt Boulevard","ELEVTYP_F":0,"ELEVTYP_T":0},"geometry":{"type":"LineString","coordinates":[[-74.3677285334856,39.4126504179912],[-74.3679021914919,39.4128152997508]]}},{"type":"Feature","id":49602,"properties":{"OBJECTID":49602,"PRIMENAME":"Sandy Lane","ELEVTYP_F":0,"ELEVTYP_T":0},"geometry":{"type":"LineString","coordinates":[[-74.4050779134759,39.3790652606733],[-74.4046652940052,39.378803151687]]}},{"type":"Feature","id":50519,"properties":{"OBJECTID":50519,"PRIMENAME":"Unnamed Segment","ELEVTYP_F":0,"ELEVTYP_T":0},"geometry":{"type":"LineString","coordinates":[[-74.3788971871675,39.4005309520869],[-74.3785659134096,39.4001794926931],[-74.3781390501507,39.3997094847522],[-74.3777927321264,39.3993241254421],[-74.3777163665117,39.399240852427]]}},{"type":"Feature","id":50546,"properties":{"OBJECTID":50546,"PRIMENAME":"Ocean Drive West","ELEVTYP_F":0,"ELEVTYP_T":0},"geometry":{"type":"LineString","coordinates":[[-74.4093411131118,39.3806560927037],[-74.4088952317139,39.3799707569142]]}},{"type":"Feature","id":50636,"properties":{"OBJECTID":50636,"PRIMENAME":"Vardon Road","ELEVTYP_F":0,"ELEVTYP_T":0},"geometry":{"type":"LineString","coordinates":[[-74.3724909255335,39.4152095164521],[-74.3725025915662,39.4152665580298],[-74.3726104942594,39.4157941950106],[-74.3726285513717,39.4158888303744]]}},{"type":"Feature","id":51099,"properties":{"OBJECTID":51099,"PRIMENAME":"West Brigantine Avenue","ELEVTYP_F":0,"ELEVTYP_T":0},"geometry":{"type":"LineString","coordinates":[[-74.3851944831105,39.3944799548376],[-74.3850942286489,39.3945478386526],[-74.3848384855502,39.3947225660872]]}},{"type":"Feature","id":51676,"properties":{"OBJECTID":51676,"PRIMENAME":"East Shore Drive","ELEVTYP_F":0,"ELEVTYP_T":0},"geometry":{"type":"LineString","coordinates":[[-74.365216981894,39.4220700951082],[-74.3651614823308,39.4219004597705],[-74.3650810465486,39.4216468607738],[-74.3650166782758,39.4214685944161],[-74.364958731737,39.4213204546114],[-74.3648910299266,39.4211823527666],[-74.3648168715126,39.4210517659555],[-74.3647264856365,39.4209286557809],[-74.3646231890521,39.4208005616986],[-74.3644972459703,39.42066738856],[-74.364368058485,39.4205467587405],[-74.364242049331,39.4204487299492],[-74.3641031285197,39.4203456883002],[-74.3639479913835,39.4202450984139],[-74.3638187469601,39.4201546158806],[-74.3636991015724,39.4200791625853],[-74.3635953869311,39.4200402453736]]}},{"type":"Feature","id":51783,"properties":{"OBJECTID":51783,"PRIMENAME":"Bayshore Avenue","ELEVTYP_F":0,"ELEVTYP_T":0},"geometry":{"type":"LineString","coordinates":[[-74.390671924625,39.393934973335],[-74.3904968211173,39.3940561118591],[-74.3903414496607,39.3941626072274]]}},{"type":"Feature","id":52127,"properties":{"OBJECTID":52127,"PRIMENAME":"West Brigantine Avenue","ELEVTYP_F":0,"ELEVTYP_T":0},"geometry":{"type":"LineString","coordinates":[[-74.3939979808665,39.3875506623168],[-74.3934016403766,39.3880596570389]]}},{"type":"Feature","id":52322,"properties":{"OBJECTID":52322,"PRIMENAME":"North Connecticut Avenue","ELEVTYP_F":0,"ELEVTYP_T":0},"geometry":{"type":"LineString","coordinates":[[-74.4210363176559,39.3706605093079],[-74.4208641981486,39.3704014551564],[-74.4207643857482,39.3703723668119],[-74.4207386248787,39.3703648590514]]}},{"type":"Feature","id":52772,"properties":{"OBJECTID":52772,"PRIMENAME":"Waterview Drive","ELEVTYP_F":0,"ELEVTYP_T":0},"geometry":{"type":"LineString","coordinates":[[-74.406161405121,39.3802140460919],[-74.4062839935921,39.3801613188962],[-74.4063669267712,39.3801318968599],[-74.4064602971864,39.3801024840554],[-74.4065363201022,39.3800811014448],[-74.4066469432637,39.3800597186219],[-74.4067817280104,39.3800410736852],[-74.4068784683526,39.3800304162313],[-74.4070097716351,39.3800225031538],[-74.4071272654921,39.3800225969852],[-74.407251651686,39.3800280235605],[-74.4073760271969,39.3800415482438],[-74.4075245562905,39.3800631100687],[-74.4076662427441,39.3800954020852],[-74.4077836595626,39.3801276746987],[-74.4078768869311,39.3801518829447],[-74.4079701538812,39.3801733995378],[-74.4080392394836,39.3801814992559],[-74.4081359982157,39.3801842663894],[-74.408211999675,39.3801789449455],[-74.4083122465713,39.3801656253813],[-74.408440106211,39.3801389279655],[-74.4085887686069,39.3800853946151],[-74.4088952317139,39.3799707569142]]}},{"type":"Feature","id":52894,"properties":{"OBJECTID":52894,"PRIMENAME":"18th Street South","ELEVTYP_F":0,"ELEVTYP_T":0},"geometry":{"type":"LineString","coordinates":[[-74.3770087229794,39.4015624344443],[-74.3776359789537,39.4022497561838]]}},{"type":"Feature","id":53401,"properties":{"OBJECTID":53401,"PRIMENAME":"Ocean Avenue","ELEVTYP_F":0,"ELEVTYP_T":0},"geometry":{"type":"LineString","coordinates":[[-74.3753956292712,39.3979304976646],[-74.3757581577771,39.3977049458237]]}},{"type":"Feature","id":53744,"properties":{"OBJECTID":53744,"PRIMENAME":"Main Sail Way","ELEVTYP_F":0,"ELEVTYP_T":0},"geometry":{"type":"LineString","coordinates":[[-74.4178853007963,39.3748272074419],[-74.4176301128935,39.3749329322986],[-74.4175608475084,39.3749617397091]]}},{"type":"Feature","id":54122,"properties":{"OBJECTID":54122,"PRIMENAME":"North Rhode Island Avenue","ELEVTYP_F":0,"ELEVTYP_T":0},"geometry":{"type":"LineString","coordinates":[[-74.4169936262069,39.3693975989635],[-74.4166090874046,39.3688238362719],[-74.4165570051254,39.3687451908158]]}},{"type":"Feature","id":54250,"properties":{"OBJECTID":54250,"PRIMENAME":"West Shore Drive","ELEVTYP_F":0,"ELEVTYP_T":0},"geometry":{"type":"LineString","coordinates":[[-74.375849563586,39.4125931002134],[-74.3759274031705,39.4127342424041],[-74.3760499271222,39.4129426850642],[-74.3760811327374,39.4129907120879],[-74.3761177678615,39.4130305908332]]}},{"type":"Feature","id":54323,"properties":{"OBJECTID":54323,"PRIMENAME":"Drexel Avenue","ELEVTYP_F":0,"ELEVTYP_T":0},"geometry":{"type":"LineString","coordinates":[[-74.4184241603559,39.3721329218293],[-74.4180038787841,39.3723014234003]]}},{"type":"Feature","id":54428,"properties":{"OBJECTID":54428,"PRIMENAME":"Atlantic Brigantine Boulevard","ELEVTYP_F":0,"ELEVTYP_T":0},"geometry":{"type":"LineString","coordinates":[[-74.3941526703683,39.3946500585376],[-74.3936938489826,39.394672703532]]}},{"type":"Feature","id":54432,"properties":{"OBJECTID":54432,"PRIMENAME":"Grammercy Place","ELEVTYP_F":0,"ELEVTYP_T":0},"geometry":{"type":"LineString","coordinates":[[-74.4165570051254,39.3687451908158],[-74.4158471755637,39.3690316564545]]}},{"type":"Feature","id":54443,"properties":{"OBJECTID":54443,"PRIMENAME":"West Brigantine Avenue","ELEVTYP_F":0,"ELEVTYP_T":0},"geometry":{"type":"LineString","coordinates":[[-74.3750796582373,39.4006823198137],[-74.3747043039715,39.400887263249]]}},{"type":"Feature","id":54776,"properties":{"OBJECTID":54776,"PRIMENAME":"Halyard Drive","ELEVTYP_F":0,"ELEVTYP_T":0},"geometry":{"type":"LineString","coordinates":[[-74.4185218546563,39.3745649164152],[-74.4181730777164,39.3740562569441]]}},{"type":"Feature","id":55035,"properties":{"OBJECTID":55035,"PRIMENAME":"West Brigantine Avenue","ELEVTYP_F":0,"ELEVTYP_T":0},"geometry":{"type":"LineString","coordinates":[[-74.3910210484028,39.390088497493],[-74.390728102372,39.3903379132115]]}},{"type":"Feature","id":55284,"properties":{"OBJECTID":55284,"PRIMENAME":"West Brigantine Avenue","ELEVTYP_F":0,"ELEVTYP_T":0},"geometry":{"type":"LineString","coordinates":[[-74.3653075766,39.406026673986],[-74.3646672542023,39.4063770167255],[-74.3645666319829,39.4064508401704]]}},{"type":"Feature","id":56192,"properties":{"OBJECTID":56192,"PRIMENAME":"13th Street North","ELEVTYP_F":0,"ELEVTYP_T":0},"geometry":{"type":"LineString","coordinates":[[-74.3550425014287,39.4137669495305],[-74.3562731774709,39.4147573754886],[-74.3565622671467,39.4149967678366]]}},{"type":"Feature","id":56252,"properties":{"OBJECTID":56252,"PRIMENAME":"Dylan Drive","ELEVTYP_F":0,"ELEVTYP_T":0},"geometry":{"type":"LineString","coordinates":[[-74.4149007611879,39.3700159775229],[-74.4143818866925,39.3702242402764]]}},{"type":"Feature","id":56264,"properties":{"OBJECTID":56264,"PRIMENAME":"Travers Place","ELEVTYP_F":0,"ELEVTYP_T":0},"geometry":{"type":"LineString","coordinates":[[-74.3674352915192,39.4218772363304],[-74.3674003755186,39.4218925857984],[-74.367225794123,39.4219693338799],[-74.3665553353356,39.4222722073604],[-74.3655374371024,39.4227280198903],[-74.3654483327203,39.4227653946278]]}},{"type":"Feature","id":56805,"properties":{"OBJECTID":56805,"PRIMENAME":"Tower Lane","ELEVTYP_F":0,"ELEVTYP_T":0},"geometry":{"type":"LineString","coordinates":[[-74.3942406772159,39.3926974139678],[-74.3942687591831,39.3927374568209],[-74.3943153021222,39.3928008418636],[-74.3943580419024,39.392828035422],[-74.3944124430269,39.3928431579598],[-74.3944785167167,39.3928372050307],[-74.3945679769044,39.3928101313796],[-74.3946170925145,39.3927934569452],[-74.3947274350034,39.3927559941889]]}},{"type":"Feature","id":59783,"properties":{"OBJECTID":59783,"PRIMENAME":"Seaspray Court","ELEVTYP_F":0,"ELEVTYP_T":0},"geometry":{"type":"LineString","coordinates":[[-74.4056772367725,39.3796637808114],[-74.4055831438203,39.3797317144894],[-74.4054205870865,39.3798549452174],[-74.4052372508647,39.3800130010855],[-74.4051853481632,39.3800666090329],[-74.4051576240818,39.3801094738312],[-74.4051437672472,39.3801523499272],[-74.4051437055233,39.3801979549998],[-74.4051712751281,39.3802435555683],[-74.4052575945357,39.3803267648987],[-74.4054973005889,39.3805894367549],[-74.4055784014467,39.3806783058743]]}},{"type":"Feature","id":60156,"properties":{"OBJECTID":60156,"PRIMENAME":"Coquille Beach Drive","ELEVTYP_F":0,"ELEVTYP_T":0},"geometry":{"type":"LineString","coordinates":[[-74.4027044490999,39.3828810675716],[-74.4027498757983,39.3830135285173]]}},{"type":"Feature","id":60410,"properties":{"OBJECTID":60410,"PRIMENAME":"4th Street North","ELEVTYP_F":0,"ELEVTYP_T":0},"geometry":{"type":"LineString","coordinates":[[-74.3621719118697,39.4105814374856],[-74.3621051258601,39.4105435508122],[-74.3620049180931,39.4104745711372],[-74.3617583135345,39.4102826869267],[-74.3611111164585,39.4097341045174],[-74.3608319689492,39.4095171669121]]}},{"type":"Feature","id":60528,"properties":{"OBJECTID":60528,"PRIMENAME":"Harbor Beach Boulevard","ELEVTYP_F":0,"ELEVTYP_T":0},"geometry":{"type":"LineString","coordinates":[[-74.4039422938676,39.3823935276564],[-74.4041485661129,39.3822868639577],[-74.404519320086,39.3820913416379]]}},{"type":"Feature","id":60755,"properties":{"OBJECTID":60755,"PRIMENAME":"Unnamed Segment","ELEVTYP_F":0,"ELEVTYP_T":0},"geometry":{"type":"LineString","coordinates":[[-74.3861997934606,39.3959081896448],[-74.3864077522925,39.3960899354441],[-74.3871363556737,39.3967404590598]]}},{"type":"Feature","id":60924,"properties":{"OBJECTID":60924,"PRIMENAME":"8th Street South","ELEVTYP_F":0,"ELEVTYP_T":0},"geometry":{"type":"LineString","coordinates":[[-74.3716142720316,39.4080173711382],[-74.3714135335979,39.4077986779796],[-74.3705008586123,39.4067977827538],[-74.3704923116225,39.4067881355595]]}},{"type":"Feature","id":61298,"properties":{"OBJECTID":61298,"PRIMENAME":"26th Street South","ELEVTYP_F":0,"ELEVTYP_T":0},"geometry":{"type":"LineString","coordinates":[[-74.3830850759518,39.3980316935454],[-74.3839141229631,39.3987544383032],[-74.384337953141,39.3991307683203]]}},{"type":"Feature","id":61602,"properties":{"OBJECTID":61602,"PRIMENAME":"Mediterranean Avenue","ELEVTYP_F":0,"ELEVTYP_T":0},"geometry":{"type":"LineString","coordinates":[[-74.4207386248787,39.3703648590514],[-74.4207516154319,39.3703594918765],[-74.4208180741319,39.3703320345466],[-74.42207524051,39.3698246598752]]}},{"type":"Feature","id":61813,"properties":{"OBJECTID":61813,"PRIMENAME":"Privateer Road","ELEVTYP_F":0,"ELEVTYP_T":0},"geometry":{"type":"LineString","coordinates":[[-74.3984102197367,39.3902736517522],[-74.3983826006086,39.3891163600617],[-74.398373279078,39.3883950125154],[-74.3983733490904,39.3883467438393],[-74.3983872338701,39.3882877793579],[-74.3984115184543,39.388231486734],[-74.3984496049522,39.3881725154458],[-74.3985084732339,39.3881055180832],[-74.3985776625661,39.388046601801],[-74.3986606664059,39.3880010960841],[-74.3987609302286,39.3879609597113],[-74.3988508030531,39.3879369034998],[-74.398968329513,39.387923579103],[-74.399047764966,39.3879236480469],[-74.3991480208849,39.3879371614842],[-74.3993002529113,39.3879768305643]]}},{"type":"Feature","id":62428,"properties":{"OBJECTID":62428,"PRIMENAME":"Shipmaster Drive","ELEVTYP_F":0,"ELEVTYP_T":0},"geometry":{"type":"LineString","coordinates":[[-74.3976415400138,39.3871666764304],[-74.3980674506913,39.3872095259774],[-74.3985511891139,39.3872447909732],[-74.3985661536155,39.3872464236667]]}},{"type":"Feature","id":62584,"properties":{"OBJECTID":62584,"PRIMENAME":"23rd Street South","ELEVTYP_F":0,"ELEVTYP_T":0},"geometry":{"type":"LineString","coordinates":[[-74.3773149730025,39.3956925495298],[-74.3779151005554,39.3963637525719]]}},{"type":"Feature","id":62614,"properties":{"OBJECTID":62614,"PRIMENAME":"Ocean Avenue","ELEVTYP_F":0,"ELEVTYP_T":0},"geometry":{"type":"LineString","coordinates":[[-74.377555989903,39.3965860475749],[-74.3779151005554,39.3963637525719]]}},{"type":"Feature","id":62618,"properties":{"OBJECTID":62618,"PRIMENAME":"35th Street South","ELEVTYP_F":0,"ELEVTYP_T":0},"geometry":{"type":"LineString","coordinates":[[-74.3861457287269,39.3910048884547],[-74.3867056683766,39.3915013278909],[-74.3878054096907,39.3924665037358],[-74.3879519465396,39.3925958824358]]}},{"type":"Feature","id":62727,"properties":{"OBJECTID":62727,"PRIMENAME":"Putnam Place","ELEVTYP_F":0,"ELEVTYP_T":0},"geometry":{"type":"LineString","coordinates":[[-74.3664609606786,39.4114355313152],[-74.3663907573934,39.411461562239]]}},{"type":"Feature","id":62914,"properties":{"OBJECTID":62914,"PRIMENAME":"31st Street South","ELEVTYP_F":0,"ELEVTYP_T":0},"geometry":{"type":"LineString","coordinates":[[-74.3865450889431,39.3956757501351],[-74.3868155147664,39.3959181802029],[-74.3874477692225,39.3964741570531]]}},{"type":"Feature","id":62937,"properties":{"OBJECTID":62937,"PRIMENAME":"North Vermont Avenue","ELEVTYP_F":0,"ELEVTYP_T":0},"geometry":{"type":"LineString","coordinates":[[-74.4153052347902,39.3692504227159],[-74.4154367651579,39.3694466143751],[-74.4155682201205,39.369643390449],[-74.4156233796894,39.3697259570814]]}},{"type":"Feature","id":63280,"properties":{"OBJECTID":63280,"PRIMENAME":"27th Street South","ELEVTYP_F":0,"ELEVTYP_T":0},"geometry":{"type":"LineString","coordinates":[[-74.3837779797596,39.3975617827722],[-74.3839843804446,39.397743421396],[-74.3849647184123,39.3985958224687]]}},{"type":"Feature","id":63418,"properties":{"OBJECTID":63418,"PRIMENAME":"Vardon Road","ELEVTYP_F":0,"ELEVTYP_T":0},"geometry":{"type":"LineString","coordinates":[[-74.3728879181273,39.4172473572676],[-74.3730126458463,39.4178785131356],[-74.373021346999,39.4179225474461]]}},{"type":"Feature","id":63419,"properties":{"OBJECTID":63419,"PRIMENAME":"Ocean Avenue","ELEVTYP_F":0,"ELEVTYP_T":0},"geometry":{"type":"LineString","coordinates":[[-74.3798300880397,39.3951699309179],[-74.3801944308303,39.3949421149962]]}},{"type":"Feature","id":63607,"properties":{"OBJECTID":63607,"PRIMENAME":"East Shore Drive","ELEVTYP_F":0,"ELEVTYP_T":0},"geometry":{"type":"LineString","coordinates":[[-74.365051951536,39.4158984089712],[-74.3649611911036,39.4159913266264],[-74.364835872938,39.4161069925158],[-74.3647065440995,39.4162101333773],[-74.3646633873595,39.4162344074964]]}},{"type":"Feature","id":64438,"properties":{"OBJECTID":64438,"PRIMENAME":"Revere Boulevard","ELEVTYP_F":0,"ELEVTYP_T":0},"geometry":{"type":"LineString","coordinates":[[-74.3762626517174,39.4019708835174],[-74.3760005089391,39.4021143941753],[-74.3758777987227,39.4021809551646]]}},{"type":"Feature","id":64529,"properties":{"OBJECTID":64529,"PRIMENAME":"Adriatic Avenue","ELEVTYP_F":0,"ELEVTYP_T":0},"geometry":{"type":"LineString","coordinates":[[-74.4166745045201,39.3736657583287],[-74.4170437191903,39.37352011743],[-74.417803870803,39.3732129400911],[-74.4191631941964,39.3726636159649]]}},{"type":"Feature","id":64535,"properties":{"OBJECTID":64535,"PRIMENAME":"Anchorage Court","ELEVTYP_F":0,"ELEVTYP_T":0},"geometry":{"type":"LineString","coordinates":[[-74.4172046870425,39.373808355317],[-74.4183254523098,39.3733572572604]]}},{"type":"Feature","id":64609,"properties":{"OBJECTID":64609,"PRIMENAME":"Beach Cove","ELEVTYP_F":0,"ELEVTYP_T":0},"geometry":{"type":"LineString","coordinates":[[-74.4017898647322,39.3899616265961],[-74.4018246763948,39.3900669519471]]}},{"type":"Feature","id":64620,"properties":{"OBJECTID":64620,"PRIMENAME":"Bayshore Avenue","ELEVTYP_F":0,"ELEVTYP_T":0},"geometry":{"type":"LineString","coordinates":[[-74.3855825844296,39.3980656413966],[-74.385270622664,39.3983333376392]]}},{"type":"Feature","id":64789,"properties":{"OBJECTID":64789,"PRIMENAME":"Melrose Avenue","ELEVTYP_F":0,"ELEVTYP_T":0},"geometry":{"type":"LineString","coordinates":[[-74.4182754455521,39.3713592704785],[-74.4186818800131,39.371195473951],[-74.4195619533275,39.3708388188913]]}},{"type":"Feature","id":65063,"properties":{"OBJECTID":65063,"PRIMENAME":"West Brigantine Avenue","ELEVTYP_F":0,"ELEVTYP_T":0},"geometry":{"type":"LineString","coordinates":[[-74.3898294119874,39.3911014849847],[-74.3895299389603,39.3913552837818]]}},{"type":"Feature","id":65258,"properties":{"OBJECTID":65258,"PRIMENAME":"Atlantic Brigantine Boulevard","ELEVTYP_F":0,"ELEVTYP_T":0},"geometry":{"type":"LineString","coordinates":[[-74.4167477093406,39.3883077150397],[-74.4168389841232,39.3882615464839],[-74.4170911890937,39.3881278064563],[-74.4171416313649,39.3881010587459],[-74.4175904794563,39.3878511103916],[-74.4184852693647,39.3873465123208]]}},{"type":"Feature","id":65404,"properties":{"OBJECTID":65404,"PRIMENAME":"West Brigantine Avenue","ELEVTYP_F":0,"ELEVTYP_T":0},"geometry":{"type":"LineString","coordinates":[[-74.382770637403,39.3961366007557],[-74.3824273380541,39.3963731495299]]}},{"type":"Feature","id":66670,"properties":{"OBJECTID":66670,"PRIMENAME":"Ocean Avenue","ELEVTYP_F":0,"ELEVTYP_T":0},"geometry":{"type":"LineString","coordinates":[[-74.3819866655467,39.3938267937769],[-74.38224564388,39.393666298656],[-74.3823477694334,39.393602290834]]}},{"type":"Feature","id":66716,"properties":{"OBJECTID":66716,"PRIMENAME":"North Rhode Island Avenue","ELEVTYP_F":0,"ELEVTYP_T":0},"geometry":{"type":"LineString","coordinates":[[-74.4206661868842,39.37491922621],[-74.4205082234579,39.3746810954113],[-74.4203080675454,39.3743793556218],[-74.4201079168364,39.3740776154764],[-74.4200418371804,39.3739779966472]]}},{"type":"Feature","id":66726,"properties":{"OBJECTID":66726,"PRIMENAME":"Ross Drive South","ELEVTYP_F":0,"ELEVTYP_T":0},"geometry":{"type":"LineString","coordinates":[[-74.4008367563498,39.3824605522358],[-74.4007276416929,39.3825365421724],[-74.4006375740185,39.3826034861632],[-74.4005727091492,39.3826621056537],[-74.4005186438925,39.3827151061051],[-74.4004825816639,39.3827709495586],[-74.4004537113475,39.3828212249661],[-74.4004320735024,39.3828602771083],[-74.4003816235712,39.3829077343256],[-74.4003167900374,39.382943975877],[-74.4002555304769,39.3829802213564],[-74.4002123139877,39.3830165093016],[-74.4001545482893,39.3830584409077]]}},{"type":"Feature","id":66751,"properties":{"OBJECTID":66751,"PRIMENAME":"West Shore Drive","ELEVTYP_F":0,"ELEVTYP_T":0},"geometry":{"type":"LineString","coordinates":[[-74.3753996319418,39.4117913997767],[-74.3754629176796,39.4119026768579],[-74.3755016754864,39.4119708270208],[-74.375653261768,39.4122370146534],[-74.3758027836108,39.4125082632763],[-74.3758154517843,39.4125312472287],[-74.375849563586,39.4125931002134]]}},{"type":"Feature","id":66759,"properties":{"OBJECTID":66759,"PRIMENAME":"11th Street North","ELEVTYP_F":0,"ELEVTYP_T":0},"geometry":{"type":"LineString","coordinates":[[-74.361774794706,39.4172800690269],[-74.3608400147298,39.416509185565],[-74.360670983053,39.4163710418772]]}},{"type":"Feature","id":66768,"properties":{"OBJECTID":66768,"PRIMENAME":"Lafayette Place","ELEVTYP_F":0,"ELEVTYP_T":0},"geometry":{"type":"LineString","coordinates":[[-74.3788585866626,39.4152740067511],[-74.3790004256253,39.4154356814433],[-74.3791966103158,39.4156741525144],[-74.3793478461147,39.4158680969039],[-74.3795194425843,39.4161001714494],[-74.3796216014716,39.4162432432664],[-74.3797237444053,39.416395841841],[-74.3797961391562,39.4165151880644]]}},{"type":"Feature","id":66887,"properties":{"OBJECTID":66887,"PRIMENAME":"Sheridan Place","ELEVTYP_F":0,"ELEVTYP_T":0},"geometry":{"type":"LineString","coordinates":[[-74.3654965707402,39.4135809671953],[-74.3654676330169,39.4138852891354],[-74.3654197446843,39.4144362022683]]}},{"type":"Feature","id":66926,"properties":{"OBJECTID":66926,"PRIMENAME":"Washington Drive","ELEVTYP_F":0,"ELEVTYP_T":0},"geometry":{"type":"LineString","coordinates":[[-74.3693357699137,39.4171117680989],[-74.3693474013898,39.4173472476788],[-74.3693081335199,39.4176944449851],[-74.3692869349215,39.4178793248413]]}},{"type":"Feature","id":67023,"properties":{"OBJECTID":67023,"PRIMENAME":"Seaspray Road","ELEVTYP_F":0,"ELEVTYP_T":0},"geometry":{"type":"LineString","coordinates":[[-74.4084331266979,39.3792531721137],[-74.4082131058923,39.3793342695391],[-74.4081128668382,39.3793690606499],[-74.4080472150651,39.3793877897053],[-74.4079953807812,39.3793903844945],[-74.4079435511163,39.3793903435044],[-74.4078675716068,39.3793796025109],[-74.4077811655794,39.3793607540544],[-74.4076878962625,39.3793418991886],[-74.4075842582204,39.3793257276237],[-74.4074771808749,39.3793149346499],[-74.4073631683015,39.3793041081318],[-74.4072491498385,39.3792986358912],[-74.4071350918102,39.3792958812405],[-74.4070073035924,39.3792957791913],[-74.4068898002665,39.3793037303345],[-74.4067792310521,39.379311686914],[-74.4066444583878,39.3793223137819],[-74.4065165778584,39.3793383013253],[-74.4063645166609,39.3793676669683],[-74.4062297151361,39.3793997379315],[-74.4060914680122,39.3794425408683],[-74.4059428327533,39.3795013975245],[-74.4057871957813,39.3795844106529],[-74.4056772367725,39.3796637808114]]}},{"type":"Feature","id":67039,"properties":{"OBJECTID":67039,"PRIMENAME":"North New Jersey Avenue","ELEVTYP_F":0,"ELEVTYP_T":0},"geometry":{"type":"LineString","coordinates":[[-74.4216319158788,39.3691744624806],[-74.4218450488104,39.3694870628131]]}},{"type":"Feature","id":67044,"properties":{"OBJECTID":67044,"PRIMENAME":"Ocean Avenue","ELEVTYP_F":0,"ELEVTYP_T":0},"geometry":{"type":"LineString","coordinates":[[-74.3812670033387,39.394273329765],[-74.381413233045,39.3941821580813],[-74.3816263404393,39.3940500613793]]}},{"type":"Feature","id":67847,"properties":{"OBJECTID":67847,"PRIMENAME":"9th Street South","ELEVTYP_F":0,"ELEVTYP_T":0},"geometry":{"type":"LineString","coordinates":[[-74.3690676074927,39.4039711511805],[-74.3698600632119,39.4048419451313],[-74.3705980755912,39.4056524607042]]}},{"type":"Feature","id":68000,"properties":{"OBJECTID":68000,"PRIMENAME":"Manitoba Avenue","ELEVTYP_F":0,"ELEVTYP_T":0},"geometry":{"type":"LineString","coordinates":[[-74.4054094635978,39.3824609270659],[-74.4051789895786,39.3822037458405],[-74.4049124598072,39.3818725938253]]}},{"type":"Feature","id":68319,"properties":{"OBJECTID":68319,"PRIMENAME":"Girard Place","ELEVTYP_F":0,"ELEVTYP_T":0},"geometry":{"type":"LineString","coordinates":[[-74.3675509068127,39.4109536802397],[-74.3673816865622,39.4119057605164],[-74.3673338734772,39.4121823852812]]}},{"type":"Feature","id":68534,"properties":{"OBJECTID":68534,"PRIMENAME":"18th Street South","ELEVTYP_F":0,"ELEVTYP_T":0},"geometry":{"type":"LineString","coordinates":[[-74.3738290172498,39.3980740549301],[-74.3743157479266,39.3986060854189]]}},{"type":"Feature","id":68836,"properties":{"OBJECTID":68836,"PRIMENAME":"West Brigantine Avenue","ELEVTYP_F":0,"ELEVTYP_T":0},"geometry":{"type":"LineString","coordinates":[[-74.3862308920181,39.3937772340591],[-74.3858866293255,39.3940107997345]]}},{"type":"Feature","id":68898,"properties":{"OBJECTID":68898,"PRIMENAME":"Lagoon Boulevard","ELEVTYP_F":0,"ELEVTYP_T":0},"geometry":{"type":"LineString","coordinates":[[-74.4102118553779,39.3819956901192],[-74.410167467328,39.38201229465],[-74.4095838217761,39.3822155707224],[-74.4087510336928,39.382518921078],[-74.4087399888106,39.3825234695941]]}},{"type":"Feature","id":68969,"properties":{"OBJECTID":68969,"PRIMENAME":"Risley Road","ELEVTYP_F":0,"ELEVTYP_T":0},"geometry":{"type":"LineString","coordinates":[[-74.373145637252,39.4110439048623],[-74.3729790493612,39.4109959761254],[-74.3725354366231,39.410884732012],[-74.3721998373342,39.4108184954443],[-74.37189508794,39.4107612980937],[-74.3716559070085,39.4107131496826],[-74.3713550052041,39.4106619130616],[-74.3710424937967,39.4106106627943],[-74.3709190627676,39.4105776061255],[-74.3708110591555,39.4105475589199],[-74.3706722592251,39.4104994928838],[-74.3706136510478,39.4104771599077]]}},{"type":"Feature","id":68987,"properties":{"OBJECTID":68987,"PRIMENAME":"Bayshore Avenue","ELEVTYP_F":0,"ELEVTYP_T":0},"geometry":{"type":"LineString","coordinates":[[-74.3900002062584,39.3943965446279],[-74.3896397242104,39.3946438613302]]}},{"type":"Feature","id":69088,"properties":{"OBJECTID":69088,"PRIMENAME":"Explorer Cove","ELEVTYP_F":0,"ELEVTYP_T":0},"geometry":{"type":"LineString","coordinates":[[-74.401116575105,39.3894093710537],[-74.4009347012207,39.3889560961609],[-74.400864292525,39.3887806197402]]}},{"type":"Feature","id":69128,"properties":{"OBJECTID":69128,"PRIMENAME":"Hagen Road","ELEVTYP_F":0,"ELEVTYP_T":0},"geometry":{"type":"LineString","coordinates":[[-74.3671571425848,39.4212287828513],[-74.3671906434556,39.4213714573342],[-74.3672307556788,39.4214998337497],[-74.367274975601,39.4216094358642],[-74.3673352484419,39.4217284462032],[-74.3674352915192,39.4218772363304]]}},{"type":"Feature","id":69190,"properties":{"OBJECTID":69190,"PRIMENAME":"Bayshore Avenue","ELEVTYP_F":0,"ELEVTYP_T":0},"geometry":{"type":"LineString","coordinates":[[-74.3923215447471,39.3928625485127],[-74.3924540347879,39.3928583327726],[-74.3926022176819,39.3927970771244],[-74.3927609538913,39.3927301190133],[-74.3931617361428,39.3925646775457],[-74.393163471673,39.3925639657022]]}},{"type":"Feature","id":69458,"properties":{"OBJECTID":69458,"PRIMENAME":"Ocean Avenue","ELEVTYP_F":0,"ELEVTYP_T":0},"geometry":{"type":"LineString","coordinates":[[-74.3750374209082,39.3981534722043],[-74.3750563402068,39.39814160462],[-74.3753956292712,39.3979304976646]]}},{"type":"Feature","id":69522,"properties":{"OBJECTID":69522,"PRIMENAME":"Ocean Avenue","ELEVTYP_F":0,"ELEVTYP_T":0},"geometry":{"type":"LineString","coordinates":[[-74.3675224702982,39.4022634459881],[-74.3675320152281,39.4022501952386],[-74.3676329492212,39.4021748877047],[-74.3679392692444,39.4020160423357],[-74.368265894903,39.4018420361172]]}},{"type":"Feature","id":69651,"properties":{"OBJECTID":69651,"PRIMENAME":"20th Street South","ELEVTYP_F":0,"ELEVTYP_T":0},"geometry":{"type":"LineString","coordinates":[[-74.3757581577771,39.3977049458237],[-74.3761849940711,39.3981736168186],[-74.3772601345028,39.3993611256091],[-74.3773380173224,39.3994469822232]]}},{"type":"Feature","id":70208,"properties":{"OBJECTID":70208,"PRIMENAME":"Quay Circle","ELEVTYP_F":0,"ELEVTYP_T":0},"geometry":{"type":"LineString","coordinates":[[-74.3679021914919,39.4128152997508],[-74.3677503577071,39.4128641092104],[-74.3675264132304,39.4129177241293],[-74.3674065198052,39.4129408435279]]}},{"type":"Feature","id":70244,"properties":{"OBJECTID":70244,"PRIMENAME":"Drexel Avenue","ELEVTYP_F":0,"ELEVTYP_T":0},"geometry":{"type":"LineString","coordinates":[[-74.4212515264867,39.3709843973772],[-74.4225089753584,39.3704843490461]]}},{"type":"Feature","id":70253,"properties":{"OBJECTID":70253,"PRIMENAME":"Sheridan Boulevard","ELEVTYP_F":0,"ELEVTYP_T":0},"geometry":{"type":"LineString","coordinates":[[-74.3787288926581,39.4136393882653],[-74.3789024775716,39.4133312609203]]}},{"type":"Feature","id":70346,"properties":{"OBJECTID":70346,"PRIMENAME":"East Brigantine Avenue","ELEVTYP_F":0,"ELEVTYP_T":0},"geometry":{"type":"LineString","coordinates":[[-74.3563408804943,39.4128136786795],[-74.3557790453363,39.4132255170524],[-74.3557010910756,39.4132828320339]]}},{"type":"Feature","id":70446,"properties":{"OBJECTID":70446,"PRIMENAME":"29th Street South","ELEVTYP_F":0,"ELEVTYP_T":0},"geometry":{"type":"LineString","coordinates":[[-74.3812043773224,39.3931423297042],[-74.3819866655467,39.3938267937769]]}},{"type":"Feature","id":70492,"properties":{"OBJECTID":70492,"PRIMENAME":"North Rhode Island Avenue","ELEVTYP_F":0,"ELEVTYP_T":0},"geometry":{"type":"LineString","coordinates":[[-74.4209627371039,39.3753690587079],[-74.420893974136,39.3752352979691],[-74.4208099099811,39.3750866454401],[-74.4207334823742,39.3749736637093],[-74.4206661868842,39.37491922621]]}},{"type":"Feature","id":70614,"properties":{"OBJECTID":70614,"PRIMENAME":"West Brigantine Avenue","ELEVTYP_F":0,"ELEVTYP_T":0},"geometry":{"type":"LineString","coordinates":[[-74.3762124388931,39.4000653193048],[-74.3758339032347,39.4002714169535]]}},{"type":"Feature","id":71780,"properties":{"OBJECTID":71780,"PRIMENAME":"Bayshore Avenue","ELEVTYP_F":0,"ELEVTYP_T":0},"geometry":{"type":"LineString","coordinates":[[-74.3696613649229,39.4083457209999],[-74.3695242374045,39.4084473209613],[-74.369448101844,39.4085258440161],[-74.3693605772002,39.4086185760894],[-74.3692730382262,39.4087188585991],[-74.3691984627633,39.4088141579684],[-74.3690946471291,39.4089495668165],[-74.3690870866374,39.4089612822431]]}},{"type":"Feature","id":72067,"properties":{"OBJECTID":72067,"PRIMENAME":"West Brigantine Avenue","ELEVTYP_F":0,"ELEVTYP_T":0},"geometry":{"type":"LineString","coordinates":[[-74.3747043039715,39.400887263249],[-74.3743317449368,39.4010906987383]]}},{"type":"Feature","id":72137,"properties":{"OBJECTID":72137,"PRIMENAME":"Ocean Avenue","ELEVTYP_F":0,"ELEVTYP_T":0},"geometry":{"type":"LineString","coordinates":[[-74.3732288372509,39.3992440396623],[-74.3733661369539,39.3991703854703],[-74.3735787378558,39.399061696946],[-74.3736053439653,39.3990452240375]]}},{"type":"Feature","id":72921,"properties":{"OBJECTID":72921,"PRIMENAME":"Parkside Avenue","ELEVTYP_F":0,"ELEVTYP_T":0},"geometry":{"type":"LineString","coordinates":[[-74.418200019346,39.37591334491],[-74.4192693056528,39.3754852218654],[-74.4193739128094,39.3754433374936],[-74.4206661868842,39.37491922621]]}},{"type":"Feature","id":73539,"properties":{"OBJECTID":73539,"PRIMENAME":"20th Street South","ELEVTYP_F":0,"ELEVTYP_T":0},"geometry":{"type":"LineString","coordinates":[[-74.3773380173224,39.3994469822232],[-74.3783715203415,39.4005861949946],[-74.3785118198435,39.400740757227]]}},{"type":"Feature","id":74147,"properties":{"OBJECTID":74147,"PRIMENAME":"26th Street South","ELEVTYP_F":0,"ELEVTYP_T":0},"geometry":{"type":"LineString","coordinates":[[-74.3790598437613,39.3945017731813],[-74.3798300880397,39.3951699309179]]}},{"type":"Feature","id":74764,"properties":{"OBJECTID":74764,"PRIMENAME":"3rd Street South","ELEVTYP_F":0,"ELEVTYP_T":0},"geometry":{"type":"LineString","coordinates":[[-74.3645666319829,39.4064508401704],[-74.3651565700359,39.4071045509813],[-74.3660862629475,39.4081261549056]]}},{"type":"Feature","id":74877,"properties":{"OBJECTID":74877,"PRIMENAME":"Bayshore Avenue","ELEVTYP_F":0,"ELEVTYP_T":0},"geometry":{"type":"LineString","coordinates":[[-74.3745360985547,39.4038094995152],[-74.3744678822441,39.4038782319303],[-74.3743771277002,39.4039835395761],[-74.3742766166114,39.4041013847847],[-74.3741793441013,39.4042292818574],[-74.3740982717626,39.40434212235],[-74.3740269014542,39.4044524753639],[-74.3740131294413,39.4044742877943]]}},{"type":"Feature","id":75026,"properties":{"OBJECTID":75026,"PRIMENAME":"Unnamed Segment","ELEVTYP_F":0,"ELEVTYP_T":0},"geometry":{"type":"LineString","coordinates":[[-74.4062096797938,39.3779009732927],[-74.4058104824522,39.3776832222454]]}},{"type":"Feature","id":75244,"properties":{"OBJECTID":75244,"PRIMENAME":"Brady Place","ELEVTYP_F":0,"ELEVTYP_T":0},"geometry":{"type":"LineString","coordinates":[[-74.3731778237815,39.4141045405976],[-74.3733553326395,39.4150847097678]]}},{"type":"Feature","id":75333,"properties":{"OBJECTID":75333,"PRIMENAME":"Sheridan Boulevard","ELEVTYP_F":0,"ELEVTYP_T":0},"geometry":{"type":"LineString","coordinates":[[-74.3692869349215,39.4178793248413],[-74.3692834035532,39.4178766626118],[-74.3690423341744,39.4176948757312],[-74.3689767028316,39.4176549540302],[-74.3689059800929,39.41762066016],[-74.3688309665613,39.4175923796558],[-74.3687525082537,39.4175704305455],[-74.3686714884745,39.4175550624402],[-74.3685888255104,39.4175464475241],[-74.368505450556,39.4175446859341],[-74.3684412887796,39.4175486282616]]}},{"type":"Feature","id":75586,"properties":{"OBJECTID":75586,"PRIMENAME":"28th Street South","ELEVTYP_F":0,"ELEVTYP_T":0},"geometry":{"type":"LineString","coordinates":[[-74.3812670033387,39.394273329765],[-74.3818672310976,39.3947957521387],[-74.3829750400417,39.3957735015468],[-74.3831163454951,39.3958981589872]]}},{"type":"Feature","id":75817,"properties":{"OBJECTID":75817,"PRIMENAME":"Melrose Avenue","ELEVTYP_F":0,"ELEVTYP_T":0},"geometry":{"type":"LineString","coordinates":[[-74.4170517743495,39.3718551785611],[-74.4180668818582,39.3714447059697],[-74.4182654655924,39.3713632990884],[-74.4182754455521,39.3713592704785]]}},{"type":"Feature","id":76113,"properties":{"OBJECTID":76113,"PRIMENAME":"Heald Road","ELEVTYP_F":0,"ELEVTYP_T":0},"geometry":{"type":"LineString","coordinates":[[-74.3671097228191,39.4136675332445],[-74.3671313520508,39.4136686470171],[-74.3672978083323,39.413674521058],[-74.3674398462828,39.4136594990863],[-74.3675916864333,39.4136273836897],[-74.3676098078238,39.4136233642205],[-74.3677469984568,39.4135929371655],[-74.3678150282676,39.4135755254308]]}},{"type":"Feature","id":76205,"properties":{"OBJECTID":76205,"PRIMENAME":"Whalerman Road","ELEVTYP_F":0,"ELEVTYP_T":0},"geometry":{"type":"LineString","coordinates":[[-74.3992633438448,39.38879269828],[-74.3992705237183,39.3892619382943],[-74.3992756944275,39.3895541629738]]}},{"type":"Feature","id":76210,"properties":{"OBJECTID":76210,"PRIMENAME":"Sloop Court","ELEVTYP_F":0,"ELEVTYP_T":0},"geometry":{"type":"LineString","coordinates":[[-74.416503893188,39.3729030079316],[-74.4163143235579,39.372629371277]]}},{"type":"Feature","id":76443,"properties":{"OBJECTID":76443,"PRIMENAME":"Harbor Beach Boulevard","ELEVTYP_F":0,"ELEVTYP_T":0},"geometry":{"type":"LineString","coordinates":[[-74.4009380310665,39.3839930939152],[-74.4010773533803,39.3839068702085],[-74.4010964431109,39.3838950525503],[-74.4012162048553,39.3838209116717],[-74.4014721626591,39.3836870851762],[-74.4017660461687,39.3835291287237],[-74.4018210037359,39.3835010006023]]}},{"type":"Feature","id":76619,"properties":{"OBJECTID":76619,"PRIMENAME":"Spinnaker Way","ELEVTYP_F":0,"ELEVTYP_T":0},"geometry":{"type":"LineString","coordinates":[[-74.4186638814083,39.3738665874113],[-74.4181730777164,39.3740562569441]]}},{"type":"Feature","id":76803,"properties":{"OBJECTID":76803,"PRIMENAME":"West Brigantine Avenue","ELEVTYP_F":0,"ELEVTYP_T":0},"geometry":{"type":"LineString","coordinates":[[-74.3668097058245,39.4052038567396],[-74.3660576179806,39.405615884126]]}},{"type":"Feature","id":76833,"properties":{"OBJECTID":76833,"PRIMENAME":"Bay Court","ELEVTYP_F":0,"ELEVTYP_T":0},"geometry":{"type":"LineString","coordinates":[[-74.4097561283876,39.3804805004328],[-74.409417350111,39.380606263619],[-74.4093411131118,39.3806560927037]]}},{"type":"Feature","id":77033,"properties":{"OBJECTID":77033,"PRIMENAME":"Kirby Place","ELEVTYP_F":0,"ELEVTYP_T":0},"geometry":{"type":"LineString","coordinates":[[-74.3632534719229,39.4172460412368],[-74.3631688912334,39.4172535742676],[-74.3631105130773,39.4172568556669],[-74.3629974750274,39.4172630101899],[-74.3628015972763,39.4172582231032],[-74.3627271188637,39.4172564039069],[-74.3620491657306,39.4172618895567],[-74.3619603517411,39.4172617842078],[-74.3618594555746,39.4172678970825],[-74.361774794706,39.4172800690269]]}},{"type":"Feature","id":77082,"properties":{"OBJECTID":77082,"PRIMENAME":"Bayshore Avenue","ELEVTYP_F":0,"ELEVTYP_T":0},"geometry":{"type":"LineString","coordinates":[[-74.3821239282916,39.4009973480091],[-74.3820103376448,39.4010751541319],[-74.38184521508,39.4011553246768],[-74.3817522857569,39.401194382768]]}},{"type":"Feature","id":77253,"properties":{"OBJECTID":77253,"PRIMENAME":"Lagoon Court","ELEVTYP_F":0,"ELEVTYP_T":0},"geometry":{"type":"LineString","coordinates":[[-74.4098169618699,39.3814030912019],[-74.4091153991664,39.3816598687657]]}},{"type":"Feature","id":77390,"properties":{"OBJECTID":77390,"PRIMENAME":"Beacon Lane","ELEVTYP_F":0,"ELEVTYP_T":0},"geometry":{"type":"LineString","coordinates":[[-74.3985181505639,39.3857480479824],[-74.3983951594364,39.385677020241]]}},{"type":"Feature","id":77473,"properties":{"OBJECTID":77473,"PRIMENAME":"Marsden Place","ELEVTYP_F":0,"ELEVTYP_T":0},"geometry":{"type":"LineString","coordinates":[[-74.3797961391562,39.4165151880644],[-74.3805989558683,39.416205098065]]}},{"type":"Feature","id":77626,"properties":{"OBJECTID":77626,"PRIMENAME":"Lafayette Place","ELEVTYP_F":0,"ELEVTYP_T":0},"geometry":{"type":"LineString","coordinates":[[-74.3755791101161,39.4127722184452],[-74.3759894551136,39.4129719714227],[-74.3761177678615,39.4130305908332]]}},{"type":"Feature","id":77729,"properties":{"OBJECTID":77729,"PRIMENAME":"4th Street South","ELEVTYP_F":0,"ELEVTYP_T":0},"geometry":{"type":"LineString","coordinates":[[-74.3668355201072,39.4077091545636],[-74.3673384342311,39.4082625655764],[-74.3680778511945,39.4090824611961]]}},{"type":"Feature","id":77815,"properties":{"OBJECTID":77815,"PRIMENAME":"Bayshore Avenue","ELEVTYP_F":0,"ELEVTYP_T":0},"geometry":{"type":"LineString","coordinates":[[-74.3919533216559,39.3930690102147],[-74.3918114740571,39.393151329926],[-74.3916018183791,39.3932847114569]]}},{"type":"Feature","id":77947,"properties":{"OBJECTID":77947,"PRIMENAME":"Atlantic Brigantine Boulevard","ELEVTYP_F":0,"ELEVTYP_T":0},"geometry":{"type":"LineString","coordinates":[[-74.3874633321026,39.3948708745847],[-74.3868770900282,39.3948875754149]]}},{"type":"Feature","id":78276,"properties":{"OBJECTID":78276,"PRIMENAME":"Edgewater Drive","ELEVTYP_F":0,"ELEVTYP_T":0},"geometry":{"type":"LineString","coordinates":[[-74.4026069600258,39.39418439302],[-74.4026436550559,39.3942868920029]]}},{"type":"Feature","id":78822,"properties":{"OBJECTID":78822,"PRIMENAME":"Ocean Avenue","ELEVTYP_F":0,"ELEVTYP_T":0},"geometry":{"type":"LineString","coordinates":[[-74.3779151005554,39.3963637525719],[-74.3779753949449,39.3963264198569],[-74.378275628782,39.3961394806696]]}},{"type":"Feature","id":79349,"properties":{"OBJECTID":79349,"PRIMENAME":"Revere Boulevard","ELEVTYP_F":0,"ELEVTYP_T":0},"geometry":{"type":"LineString","coordinates":[[-74.3800195513698,39.399919669675],[-74.3796418421451,39.4001254499816]]}},{"type":"Feature","id":79429,"properties":{"OBJECTID":79429,"PRIMENAME":"Evans Boulevard","ELEVTYP_F":0,"ELEVTYP_T":0},"geometry":{"type":"LineString","coordinates":[[-74.3678677986071,39.4091898524059],[-74.3676645068188,39.4092777566771],[-74.3675873079766,39.4092986178827],[-74.3674676149816,39.4093314013897],[-74.3673672626764,39.409355229435],[-74.3672475561828,39.4093760419475],[-74.3671819901288,39.4093846985849]]}},{"type":"Feature","id":80118,"properties":{"OBJECTID":80118,"PRIMENAME":"31st Street South","ELEVTYP_F":0,"ELEVTYP_T":0},"geometry":{"type":"LineString","coordinates":[[-74.3851944831105,39.3944799548376],[-74.3852725917523,39.3945602881122],[-74.3852926171113,39.3946051165491],[-74.3853167495511,39.3946927813591],[-74.3853428773775,39.3947494775877],[-74.385375792293,39.3947898714404],[-74.3854294726062,39.3948337448197],[-74.3854979951215,39.3948682707252],[-74.3856434182939,39.3949214864085]]}},{"type":"Feature","id":81425,"properties":{"OBJECTID":81425,"PRIMENAME":"FR RT 87 SB to RAMP B100170","ELEVTYP_F":0,"ELEVTYP_T":0},"geometry":{"type":"LineString","coordinates":[[-74.4192455402198,39.3869175933945],[-74.4192277818116,39.3868841665945]]}},{"type":"Feature","id":82273,"properties":{"OBJECTID":82273,"PRIMENAME":"Ocean Avenue","ELEVTYP_F":0,"ELEVTYP_T":0},"geometry":{"type":"LineString","coordinates":[[-74.388514458554,39.3892457323664],[-74.3886350472508,39.3891562564934],[-74.3888360866603,39.3890070574484]]}},{"type":"Feature","id":82859,"properties":{"OBJECTID":82859,"PRIMENAME":"North New Hampshire Avenue","ELEVTYP_F":0,"ELEVTYP_T":0},"geometry":{"type":"LineString","coordinates":[[-74.418200019346,39.37591334491],[-74.4180329991035,39.3756726848701],[-74.4179897028575,39.3756102950926],[-74.4178288918884,39.3753671042521],[-74.4175608475084,39.3749617397091]]}},{"type":"Feature","id":82929,"properties":{"OBJECTID":82929,"PRIMENAME":"Ocean Avenue","ELEVTYP_F":0,"ELEVTYP_T":0},"geometry":{"type":"LineString","coordinates":[[-74.3697783175317,39.4010499980927],[-74.3702491444233,39.4008008899967],[-74.3705511290007,39.4006456297783]]}},{"type":"Feature","id":83280,"properties":{"OBJECTID":83280,"PRIMENAME":"Atlantic Brigantine Boulevard","ELEVTYP_F":0,"ELEVTYP_T":0},"geometry":{"type":"LineString","coordinates":[[-74.3891909550038,39.3947533986633],[-74.3891555940889,39.3947819465923],[-74.3890727230757,39.3948240414575]]}},{"type":"Feature","id":83552,"properties":{"OBJECTID":83552,"PRIMENAME":"Evans Boulevard","ELEVTYP_F":0,"ELEVTYP_T":0},"geometry":{"type":"LineString","coordinates":[[-74.3696613649229,39.4083457209999],[-74.3694181515258,39.4083966273276],[-74.369308329489,39.408432169457],[-74.3691885785143,39.408477942435],[-74.3690465470976,39.4085524095737],[-74.3688658148293,39.4086534651258],[-74.3688296412195,39.4086731383931]]}},{"type":"Feature","id":84148,"properties":{"OBJECTID":84148,"PRIMENAME":"18th Street South","ELEVTYP_F":0,"ELEVTYP_T":0},"geometry":{"type":"LineString","coordinates":[[-74.3743157479266,39.3986060854189],[-74.3746947261569,39.3990203186989],[-74.3749081496361,39.3992615897822],[-74.3757617789363,39.4001921827936],[-74.3758339032347,39.4002714169535]]}},{"type":"Feature","id":84782,"properties":{"OBJECTID":84782,"PRIMENAME":"Sheridan Boulevard","ELEVTYP_F":0,"ELEVTYP_T":0},"geometry":{"type":"LineString","coordinates":[[-74.3675521023578,39.4177487995633],[-74.3677682157978,39.4177076689466],[-74.3681543083653,39.4176302680976],[-74.3683821367209,39.4175706705976],[-74.3684412887796,39.4175486282616]]}},{"type":"Feature","id":86177,"properties":{"OBJECTID":86177,"PRIMENAME":"Lafayette Place","ELEVTYP_F":0,"ELEVTYP_T":0},"geometry":{"type":"LineString","coordinates":[[-74.3797961391562,39.4165151880644],[-74.3798626049328,39.4166247256064],[-74.3799523706718,39.4168122631494],[-74.3800053909796,39.4169393865695],[-74.3800543082677,39.417085587389],[-74.3800868846833,39.4172031619199],[-74.3801152720435,39.4173493145204],[-74.3801273456189,39.4174922929964],[-74.380131165855,39.4176384472934],[-74.3801309264616,39.4177782278443],[-74.3801183979227,39.4179211809589],[-74.3801074785936,39.4179721559063]]}},{"type":"Feature","id":86301,"properties":{"OBJECTID":86301,"PRIMENAME":"Atlantic Avenue","ELEVTYP_F":0,"ELEVTYP_T":0},"geometry":{"type":"LineString","coordinates":[[-74.4123077798973,39.3685053620366],[-74.4116582786411,39.3687664781144]]}},{"type":"Feature","id":86510,"properties":{"OBJECTID":86510,"PRIMENAME":"Ocean Avenue","ELEVTYP_F":0,"ELEVTYP_T":0},"geometry":{"type":"LineString","coordinates":[[-74.3851484004985,39.3917446317391],[-74.3853483203901,39.3915969474371],[-74.3854812461429,39.3914982618897]]}},{"type":"Feature","id":86715,"properties":{"OBJECTID":86715,"PRIMENAME":"Ocean Drive West","ELEVTYP_F":0,"ELEVTYP_T":0},"geometry":{"type":"LineString","coordinates":[[-74.4102118553779,39.3819956901192],[-74.4101516601613,39.3819234602627],[-74.4101181618723,39.3818717182138],[-74.4099171662138,39.3815612639025],[-74.4098169618699,39.3814030912019]]}},{"type":"Feature","id":86878,"properties":{"OBJECTID":86878,"PRIMENAME":"Barkentine Court","ELEVTYP_F":0,"ELEVTYP_T":0},"geometry":{"type":"LineString","coordinates":[[-74.4173306047584,39.3725713505946],[-74.4173409209209,39.3725865329272],[-74.417586819321,39.3729655644651],[-74.417856102606,39.3728559932582],[-74.4176193331462,39.3724734249674],[-74.4176095725447,39.3724595077864]]}},{"type":"Feature","id":86949,"properties":{"OBJECTID":86949,"PRIMENAME":"West Brigantine Avenue","ELEVTYP_F":0,"ELEVTYP_T":0},"geometry":{"type":"LineString","coordinates":[[-74.3928133349044,39.3885603091992],[-74.3925215982524,39.388808384816],[-74.3924164153979,39.3888978240206],[-74.3922098930499,39.3890741230929]]}},{"type":"Feature","id":88064,"properties":{"OBJECTID":88064,"PRIMENAME":"22nd Street South","ELEVTYP_F":0,"ELEVTYP_T":0},"geometry":{"type":"LineString","coordinates":[[-74.3766161801185,39.3961769961162],[-74.3771972298697,39.3968083697548]]}},{"type":"Feature","id":88119,"properties":{"OBJECTID":88119,"PRIMENAME":"MacDonald Place","ELEVTYP_F":0,"ELEVTYP_T":0},"geometry":{"type":"LineString","coordinates":[[-74.3653479702566,39.4152222804368],[-74.3658826938103,39.4152505463826],[-74.3660360025345,39.4152663735303],[-74.3661570123268,39.4152915532676],[-74.3662981749738,39.4153292753689],[-74.366415101611,39.4153794906014],[-74.3665239992363,39.4154265662222],[-74.3666126556202,39.4154892681443],[-74.366713393905,39.4155645049695],[-74.3667939627507,39.4156365883324],[-74.3668704771524,39.4157180560437],[-74.3669348753623,39.4158057713109],[-74.3669992379977,39.4159122934147],[-74.3670353408874,39.4160250158248],[-74.3670553334763,39.4161220702049],[-74.3670631776476,39.4162410199691],[-74.3670629398586,39.4163662210589],[-74.3670747899813,39.416500826803],[-74.3670987054819,39.4166573555954],[-74.3671347435019,39.4168045362053],[-74.367162770965,39.4169203796173],[-74.367214928232,39.4170800709],[-74.3673153787035,39.4173086780271],[-74.3674239007948,39.4175185134716],[-74.3675521023578,39.4177487995633]]}},{"type":"Feature","id":88166,"properties":{"OBJECTID":88166,"PRIMENAME":"Revere Boulevard","ELEVTYP_F":0,"ELEVTYP_T":0},"geometry":{"type":"LineString","coordinates":[[-74.3781389900788,39.4009437659452],[-74.3781005568051,39.4009646747588],[-74.377763500822,39.4011492136441]]}},{"type":"Feature","id":88332,"properties":{"OBJECTID":88332,"PRIMENAME":"Revere Boulevard","ELEVTYP_F":0,"ELEVTYP_T":0},"geometry":{"type":"LineString","coordinates":[[-74.377763500822,39.4011492136441],[-74.3773819866682,39.4013580579075]]}},{"type":"Feature","id":88552,"properties":{"OBJECTID":88552,"PRIMENAME":"Bayshore Avenue","ELEVTYP_F":0,"ELEVTYP_T":0},"geometry":{"type":"LineString","coordinates":[[-74.3911398439183,39.3936113702767],[-74.390671924625,39.393934973335]]}},{"type":"Feature","id":88566,"properties":{"OBJECTID":88566,"PRIMENAME":"Risley Road","ELEVTYP_F":0,"ELEVTYP_T":0},"geometry":{"type":"LineString","coordinates":[[-74.3753996319418,39.4117913997767],[-74.3752660412696,39.4117767591297],[-74.3752004748528,39.4117647180668],[-74.3751310721202,39.4117407012005],[-74.375003816971,39.411686640782],[-74.3748032764037,39.4116026551341],[-74.3745718887468,39.4115096026519],[-74.3741901115257,39.4113744620811],[-74.3737658433015,39.411230322896],[-74.3734071752412,39.4111191733455],[-74.373145637252,39.4110439048623]]}},{"type":"Feature","id":89122,"properties":{"OBJECTID":89122,"PRIMENAME":"West Brigantine Avenue","ELEVTYP_F":0,"ELEVTYP_T":0},"geometry":{"type":"LineString","coordinates":[[-74.3831163454951,39.3958981589872],[-74.3827875366696,39.3961249487693],[-74.382770637403,39.3961366007557]]}},{"type":"Feature","id":89221,"properties":{"OBJECTID":89221,"PRIMENAME":"Lafayette Place","ELEVTYP_F":0,"ELEVTYP_T":0},"geometry":{"type":"LineString","coordinates":[[-74.3799513966411,39.4187214742902],[-74.3799570244776,39.4188867949512],[-74.3799811606863,39.4191377719727]]}},{"type":"Feature","id":89270,"properties":{"OBJECTID":89270,"PRIMENAME":"Lagoon Boulevard","ELEVTYP_F":0,"ELEVTYP_T":0},"geometry":{"type":"LineString","coordinates":[[-74.4048683675297,39.3846153360044],[-74.4046718933906,39.3847717334324],[-74.4042678389746,39.385105987943]]}},{"type":"Feature","id":89654,"properties":{"OBJECTID":89654,"PRIMENAME":"Revere Boulevard","ELEVTYP_F":0,"ELEVTYP_T":0},"geometry":{"type":"LineString","coordinates":[[-74.3785118198435,39.400740757227],[-74.3781389900788,39.4009437659452]]}},{"type":"Feature","id":89732,"properties":{"OBJECTID":89732,"PRIMENAME":"Lafayette Place","ELEVTYP_F":0,"ELEVTYP_T":0},"geometry":{"type":"LineString","coordinates":[[-74.3684644134878,39.4110472730729],[-74.3691197650723,39.4111144291505],[-74.3708405777747,39.4112959729668],[-74.3711222078343,39.4113381833556],[-74.3713922596733,39.411383400651],[-74.3716468855424,39.4114255808157],[-74.3719901916236,39.4114978123766],[-74.3722255111629,39.4115489483166],[-74.3724608255462,39.4116031032605],[-74.3728414945605,39.4117034070973]]}},{"type":"Feature","id":89830,"properties":{"OBJECTID":89830,"PRIMENAME":"39th Street South","ELEVTYP_F":0,"ELEVTYP_T":0},"geometry":{"type":"LineString","coordinates":[[-74.39042828063,39.3905931976549],[-74.3919146813558,39.3916464213416],[-74.3929944275831,39.3924063740839],[-74.3930776133459,39.3924794301221]]}},{"type":"Feature","id":90142,"properties":{"OBJECTID":90142,"PRIMENAME":"Bayshore Avenue","ELEVTYP_F":0,"ELEVTYP_T":0},"geometry":{"type":"LineString","coordinates":[[-74.3799148651919,39.4016769436534],[-74.379841858994,39.401695374374],[-74.3794652509457,39.4017904510121]]}},{"type":"Feature","id":90699,"properties":{"OBJECTID":90699,"PRIMENAME":"West Brigantine Avenue","ELEVTYP_F":0,"ELEVTYP_T":0},"geometry":{"type":"LineString","coordinates":[[-74.3882981441865,39.392360391028],[-74.3881575485453,39.3924551737267],[-74.3879519465396,39.3925958824358]]}},{"type":"Feature","id":90752,"properties":{"OBJECTID":90752,"PRIMENAME":"Sheridan Place","ELEVTYP_F":0,"ELEVTYP_T":0},"geometry":{"type":"LineString","coordinates":[[-74.3657565814179,39.4107617626523],[-74.3657490051479,39.4108545841914]]}},{"type":"Feature","id":90778,"properties":{"OBJECTID":90778,"PRIMENAME":"Lagoon Boulevard","ELEVTYP_F":0,"ELEVTYP_T":0},"geometry":{"type":"LineString","coordinates":[[-74.4005937244554,39.3901944859185],[-74.4004701135498,39.3902038251889],[-74.400110688533,39.3902222701455],[-74.3996268607641,39.3902352802874],[-74.3992910474885,39.3902460817329],[-74.399284075926,39.3902463234201]]}},{"type":"Feature","id":90801,"properties":{"OBJECTID":90801,"PRIMENAME":"Harbor Beach Boulevard","ELEVTYP_F":0,"ELEVTYP_T":0},"geometry":{"type":"LineString","coordinates":[[-74.3974858429525,39.3871509986736],[-74.3974445183263,39.3872837208495],[-74.397408792254,39.3874174180119],[-74.3973787027573,39.3875519479927],[-74.3973542818649,39.3876871677378],[-74.3973355555781,39.3878229334585],[-74.397322543843,39.3879591007847],[-74.3973152605295,39.3880955249187],[-74.397313713416,39.3882320607886],[-74.3973252643125,39.3889218624117]]}},{"type":"Feature","id":90808,"properties":{"OBJECTID":90808,"PRIMENAME":"Ocean Avenue","ELEVTYP_F":0,"ELEVTYP_T":0},"geometry":{"type":"LineString","coordinates":[[-74.3739574985831,39.3988286448928],[-74.3740003662768,39.3988023878678],[-74.3743139416046,39.3986072364959],[-74.3743157479266,39.3986060854189]]}},{"type":"Feature","id":91025,"properties":{"OBJECTID":91025,"PRIMENAME":"West Brigantine Avenue","ELEVTYP_F":0,"ELEVTYP_T":0},"geometry":{"type":"LineString","coordinates":[[-74.3788490596303,39.3986267364738],[-74.3784685237188,39.3988322911804]]}},{"type":"Feature","id":91220,"properties":{"OBJECTID":91220,"PRIMENAME":"West Shore Drive","ELEVTYP_F":0,"ELEVTYP_T":0},"geometry":{"type":"LineString","coordinates":[[-74.3787288926581,39.4136393882653],[-74.3789185961216,39.4136710238103],[-74.3791029317982,39.413716381675],[-74.3792905078037,39.4137717910444],[-74.3794748050818,39.413839744872],[-74.3799565824692,39.4140259863423],[-74.3802035221308,39.4141213492471]]}},{"type":"Feature","id":91519,"properties":{"OBJECTID":91519,"PRIMENAME":"West Brigantine Avenue","ELEVTYP_F":0,"ELEVTYP_T":0},"geometry":{"type":"LineString","coordinates":[[-74.3675620996541,39.4047935813699],[-74.3668306086084,39.4051923765215],[-74.3668097058245,39.4052038567396]]}},{"type":"Feature","id":91910,"properties":{"OBJECTID":91910,"PRIMENAME":"8th Street North","ELEVTYP_F":0,"ELEVTYP_T":0},"geometry":{"type":"LineString","coordinates":[[-74.3592874387078,39.412241603126],[-74.3593771026734,39.41231545652],[-74.3595720596386,39.4124746923998]]}},{"type":"Feature","id":92020,"properties":{"OBJECTID":92020,"PRIMENAME":"Surf Lane","ELEVTYP_F":0,"ELEVTYP_T":0},"geometry":{"type":"LineString","coordinates":[[-74.4038667483423,39.3802079176383],[-74.4038824550048,39.3802344539546],[-74.4039169580358,39.3802800605464],[-74.4039894479117,39.380333770601],[-74.4041413263764,39.3804411133824],[-74.4042483444258,39.380521676823],[-74.4043553206287,39.380607567498],[-74.4044519774192,39.3806854315241],[-74.4045762258082,39.3807927789668],[-74.4047650026264,39.3809575019077],[-74.4048592110823,39.3810397081758]]}},{"type":"Feature","id":92583,"properties":{"OBJECTID":92583,"PRIMENAME":"12th Street","ELEVTYP_F":0,"ELEVTYP_T":0},"geometry":{"type":"LineString","coordinates":[[-74.3740381396336,39.4057404726673],[-74.3739190125295,39.4056071960595],[-74.373639543047,39.4052945306864]]}},{"type":"Feature","id":92647,"properties":{"OBJECTID":92647,"PRIMENAME":"Harbor Beach Boulevard","ELEVTYP_F":0,"ELEVTYP_T":0},"geometry":{"type":"LineString","coordinates":[[-74.4047010376,39.381995261993],[-74.4049124598072,39.3818725938253]]}},{"type":"Feature","id":92793,"properties":{"OBJECTID":92793,"PRIMENAME":"Ross Drive East","ELEVTYP_F":0,"ELEVTYP_T":0},"geometry":{"type":"LineString","coordinates":[[-74.4001545482893,39.3830584409077],[-74.400147515088,39.3830527516884],[-74.4000719473029,39.3829996131383],[-74.4000180437007,39.3829632688628],[-74.3999425428448,39.3828877803903],[-74.3998526894609,39.3828039335496]]}},{"type":"Feature","id":93029,"properties":{"OBJECTID":93029,"PRIMENAME":"Heald Road","ELEVTYP_F":0,"ELEVTYP_T":0},"geometry":{"type":"LineString","coordinates":[[-74.3605856267743,39.4133025710695],[-74.3615639267062,39.4133614527078]]}},{"type":"Feature","id":93106,"properties":{"OBJECTID":93106,"PRIMENAME":"6th Street South","ELEVTYP_F":0,"ELEVTYP_T":0},"geometry":{"type":"LineString","coordinates":[[-74.3668097058245,39.4052038567396],[-74.3672506969211,39.4056850143777],[-74.3682287642217,39.4067727998111],[-74.3683336994593,39.4068883726015]]}},{"type":"Feature","id":93149,"properties":{"OBJECTID":93149,"PRIMENAME":"Atlantic Brigantine Boulevard","ELEVTYP_F":0,"ELEVTYP_T":0},"geometry":{"type":"LineString","coordinates":[[-74.4026436550559,39.3942868920029],[-74.4028660884888,39.3942400442165],[-74.4031766972927,39.3941720464653],[-74.4034588228734,39.3941019920405],[-74.4037435835487,39.3940199133744],[-74.4039973337332,39.3939458255855],[-74.4042794904887,39.3938516897954],[-74.4045746493908,39.3937455103218],[-74.404825773749,39.3936493434594],[-74.4052469021703,39.393467293214]]}},{"type":"Feature","id":93345,"properties":{"OBJECTID":93345,"PRIMENAME":"Hamilton Place","ELEVTYP_F":0,"ELEVTYP_T":0},"geometry":{"type":"LineString","coordinates":[[-74.3599417651553,39.4097686158278],[-74.3601972051173,39.4099811338642]]}},{"type":"Feature","id":93384,"properties":{"OBJECTID":93384,"PRIMENAME":"Main Sail Way","ELEVTYP_F":0,"ELEVTYP_T":0},"geometry":{"type":"LineString","coordinates":[[-74.4200418371804,39.3739779966472],[-74.419661702732,39.3741162808148],[-74.4196557634543,39.3741185764757]]}},{"type":"Feature","id":93449,"properties":{"OBJECTID":93449,"PRIMENAME":"Galleon Court","ELEVTYP_F":0,"ELEVTYP_T":0},"geometry":{"type":"LineString","coordinates":[[-74.4173306047584,39.3725713505946],[-74.4171916486364,39.3723668711663],[-74.4171515874077,39.3723821104412],[-74.4170252786626,39.3724301551057],[-74.4167713764356,39.372526736746]]}},{"type":"Feature","id":93549,"properties":{"OBJECTID":93549,"PRIMENAME":"20th Street South","ELEVTYP_F":0,"ELEVTYP_T":0},"geometry":{"type":"LineString","coordinates":[[-74.3785118198435,39.400740757227],[-74.3793299617369,39.4016421007827],[-74.3794652509457,39.4017904510121]]}},{"type":"Feature","id":93586,"properties":{"OBJECTID":93586,"PRIMENAME":"19th Street South","ELEVTYP_F":0,"ELEVTYP_T":0},"geometry":{"type":"LineString","coordinates":[[-74.3750374209082,39.3981534722043],[-74.3756029461238,39.3987802797525],[-74.3765089438251,39.3997766540437],[-74.376586897685,39.3998614680996]]}},{"type":"Feature","id":93700,"properties":{"OBJECTID":93700,"PRIMENAME":"Quay Boulevard","ELEVTYP_F":0,"ELEVTYP_T":0},"geometry":{"type":"LineString","coordinates":[[-74.3674065198052,39.4129408435279],[-74.3673874341916,39.4129445285705],[-74.3672407611264,39.4129593244954],[-74.3670207355275,39.41296206567],[-74.3667506651298,39.4129438009927],[-74.3661101304664,39.4129131103588],[-74.3655626076916,39.4128866421783]]}},{"type":"Feature","id":93749,"properties":{"OBJECTID":93749,"PRIMENAME":"Bayshore Avenue","ELEVTYP_F":0,"ELEVTYP_T":0},"geometry":{"type":"LineString","coordinates":[[-74.3837120304441,39.3996636523475],[-74.3832306944772,39.4000722727356]]}},{"type":"Feature","id":93816,"properties":{"OBJECTID":93816,"PRIMENAME":"West Brigantine Avenue","ELEVTYP_F":0,"ELEVTYP_T":0},"geometry":{"type":"LineString","coordinates":[[-74.3645666319829,39.4064508401704],[-74.364540865074,39.4064697279163],[-74.364411277925,39.4065875297832],[-74.3641682218469,39.4067955585296],[-74.3639368545761,39.4069984667602]]}},{"type":"Feature","id":94032,"properties":{"OBJECTID":94032,"PRIMENAME":"35th Street South","ELEVTYP_F":0,"ELEVTYP_T":0},"geometry":{"type":"LineString","coordinates":[[-74.3856099657346,39.3905298857847],[-74.3861457287269,39.3910048884547]]}},{"type":"Feature","id":94441,"properties":{"OBJECTID":94441,"PRIMENAME":"Monroe Avenue","ELEVTYP_F":0,"ELEVTYP_T":0},"geometry":{"type":"LineString","coordinates":[[-74.3952741278748,39.3945653816273],[-74.3952604199692,39.3943978647711],[-74.39524225988,39.3941759632565]]}},{"type":"Feature","id":94478,"properties":{"OBJECTID":94478,"PRIMENAME":"Lagoon Boulevard","ELEVTYP_F":0,"ELEVTYP_T":0},"geometry":{"type":"LineString","coordinates":[[-74.399284075926,39.3902463234201],[-74.398814716697,39.3902613740221],[-74.3984149970823,39.3902734910759],[-74.3984102197367,39.3902736517522]]}},{"type":"Feature","id":94505,"properties":{"OBJECTID":94505,"PRIMENAME":"Magnolia Way","ELEVTYP_F":0,"ELEVTYP_T":0},"geometry":{"type":"LineString","coordinates":[[-74.4051709008867,39.3933836258507],[-74.4052469021703,39.393467293214]]}},{"type":"Feature","id":94658,"properties":{"OBJECTID":94658,"PRIMENAME":"Privateer Road","ELEVTYP_F":0,"ELEVTYP_T":0},"geometry":{"type":"LineString","coordinates":[[-74.3984129206208,39.3903877086011],[-74.3984102197367,39.3902736517522]]}},{"type":"Feature","id":94824,"properties":{"OBJECTID":94824,"PRIMENAME":"Caspian Avenue","ELEVTYP_F":0,"ELEVTYP_T":0},"geometry":{"type":"LineString","coordinates":[[-74.4164999062256,39.3753927671919],[-74.4162936437353,39.3754754004824],[-74.4162106893427,39.3755015344529],[-74.4161707722196,39.3755110605661],[-74.4161369878216,39.3755110362242]]}},{"type":"Feature","id":94874,"properties":{"OBJECTID":94874,"PRIMENAME":"West Shore Drive","ELEVTYP_F":0,"ELEVTYP_T":0},"geometry":{"type":"LineString","coordinates":[[-74.382328452046,39.4155454887884],[-74.3823610361592,39.4156092002452],[-74.38237407098,39.4156346862677],[-74.382486881157,39.4158882783808],[-74.3825996236146,39.4161820388073],[-74.3826800860728,39.4164330992413],[-74.3827251137908,39.4166012880765],[-74.3827540122916,39.4167192977555],[-74.3827667370075,39.4168573339394],[-74.382769749588,39.4170029108423],[-74.3827501066355,39.4171283671507],[-74.3827110836247,39.417263853246],[-74.3826655800987,39.4173792611536],[-74.3826201154778,39.4174720734024],[-74.3825682075061,39.417564906152],[-74.382509799289,39.4176501268546],[-74.3824255589892,39.417750477389],[-74.3823153209164,39.4178607959444],[-74.3822083896387,39.4179409976799],[-74.3821144342227,39.4180086652173],[-74.3819783961077,39.4180938619053],[-74.3818391614428,39.4181640091184],[-74.3816804934468,39.4182341084761],[-74.381528307455,39.4183017162983],[-74.3813728805709,39.4183592712879],[-74.3811559330637,39.418436861894],[-74.3809325503543,39.4185094199435],[-74.3807091800503,39.4185744279688],[-74.3803984335019,39.4186468962754],[-74.3801750746673,39.4186843090718],[-74.3799513966411,39.4187214742902]]}},{"type":"Feature","id":94898,"properties":{"OBJECTID":94898,"PRIMENAME":"Spalding Place","ELEVTYP_F":0,"ELEVTYP_T":0},"geometry":{"type":"LineString","coordinates":[[-74.3624309335701,39.4187740104853],[-74.3625102127187,39.418799309495],[-74.3625707744575,39.4188025113339],[-74.363847948581,39.418791382958]]}},{"type":"Feature","id":95039,"properties":{"OBJECTID":95039,"PRIMENAME":"Hamilton Place","ELEVTYP_F":0,"ELEVTYP_T":0},"geometry":{"type":"LineString","coordinates":[[-74.3656298199735,39.4121697767498],[-74.3672275600774,39.4122574691855]]}},{"type":"Feature","id":95079,"properties":{"OBJECTID":95079,"PRIMENAME":"Adelphia Place","ELEVTYP_F":0,"ELEVTYP_T":0},"geometry":{"type":"LineString","coordinates":[[-74.4141743999887,39.3709295542337],[-74.4136671084045,39.371137892569]]}},{"type":"Feature","id":95257,"properties":{"OBJECTID":95257,"PRIMENAME":"5th Street South","ELEVTYP_F":0,"ELEVTYP_T":0},"geometry":{"type":"LineString","coordinates":[[-74.3688296412195,39.4086731383931],[-74.3690870866374,39.4089612822431]]}},{"type":"Feature","id":95274,"properties":{"OBJECTID":95274,"PRIMENAME":"Atlantic Brigantine Boulevard","ELEVTYP_F":0,"ELEVTYP_T":0},"geometry":{"type":"LineString","coordinates":[[-74.3880628460793,39.39485352328],[-74.3877013388565,39.3948641115971]]}},{"type":"Feature","id":95438,"properties":{"OBJECTID":95438,"PRIMENAME":"Graff Lane","ELEVTYP_F":0,"ELEVTYP_T":0},"geometry":{"type":"LineString","coordinates":[[-74.4210363176559,39.3706605093079],[-74.4222450461643,39.3701782775388],[-74.4222947196149,39.3701584596115]]}},{"type":"Feature","id":96258,"properties":{"OBJECTID":96258,"PRIMENAME":"Bishop James T Walters Lane","ELEVTYP_F":0,"ELEVTYP_T":0},"geometry":{"type":"LineString","coordinates":[[-74.4198383420974,39.3700643264959],[-74.4201904874499,39.3705913186775]]}},{"type":"Feature","id":96426,"properties":{"OBJECTID":96426,"PRIMENAME":"West Brigantine Avenue","ELEVTYP_F":0,"ELEVTYP_T":0},"geometry":{"type":"LineString","coordinates":[[-74.3803440864573,39.3977981626011],[-74.3802495273671,39.3978608855505],[-74.3800779487262,39.3979535672568],[-74.3799767451061,39.3980112584524]]}},{"type":"Feature","id":96708,"properties":{"OBJECTID":96708,"PRIMENAME":"East Shore Drive","ELEVTYP_F":0,"ELEVTYP_T":0},"geometry":{"type":"LineString","coordinates":[[-74.3632534719229,39.4172460412368],[-74.3631264159169,39.4173789454328],[-74.363009092023,39.4175133986131],[-74.3628917583817,39.41766978975],[-74.3627743763363,39.4178511932271],[-74.3626888189575,39.4180134155743]]}},{"type":"Feature","id":97767,"properties":{"OBJECTID":97767,"PRIMENAME":"24th Street South","ELEVTYP_F":0,"ELEVTYP_T":0},"geometry":{"type":"LineString","coordinates":[[-74.3786339933505,39.3959163034633],[-74.3791452145709,39.3964801621921],[-74.3802565931939,39.3977020838731],[-74.3803440864573,39.3977981626011]]}},{"type":"Feature","id":98033,"properties":{"OBJECTID":98033,"PRIMENAME":"West Brigantine Avenue","ELEVTYP_F":0,"ELEVTYP_T":0},"geometry":{"type":"LineString","coordinates":[[-74.3807023083315,39.3975555945517],[-74.3804082105835,39.3977556430442],[-74.3803440864573,39.3977981626011]]}},{"type":"Feature","id":98398,"properties":{"OBJECTID":98398,"PRIMENAME":"21st Street South","ELEVTYP_F":0,"ELEVTYP_T":0},"geometry":{"type":"LineString","coordinates":[[-74.3792665760466,39.4003298047167],[-74.3797025629665,39.4008098402441],[-74.3803760555102,39.4015605368634]]}},{"type":"Feature","id":99207,"properties":{"OBJECTID":99207,"PRIMENAME":"Fownes Avenue","ELEVTYP_F":0,"ELEVTYP_T":0},"geometry":{"type":"LineString","coordinates":[[-74.3637891426611,39.4181043810416],[-74.3637628651305,39.4179650370148],[-74.3636745922635,39.4177051401152],[-74.3635741592819,39.4174733725818],[-74.3635356199937,39.4174142961355],[-74.3634911400726,39.4173697092847],[-74.3634392253851,39.41732623969],[-74.3633913352077,39.4172879363836],[-74.3633407590243,39.417266214537],[-74.3632534719229,39.4172460412368]]}},{"type":"Feature","id":99610,"properties":{"OBJECTID":99610,"PRIMENAME":"Sailfish Drive","ELEVTYP_F":0,"ELEVTYP_T":0},"geometry":{"type":"LineString","coordinates":[[-74.4044311277525,39.386505091078],[-74.4042710247116,39.38655523252]]}},{"type":"Feature","id":99882,"properties":{"OBJECTID":99882,"PRIMENAME":"Platt Avenue","ELEVTYP_F":0,"ELEVTYP_T":0},"geometry":{"type":"LineString","coordinates":[[-74.3797876390619,39.4147457202582],[-74.3797797977863,39.4147566118456],[-74.3796895513375,39.4148296077307],[-74.3796095178758,39.4148718634765]]}},{"type":"Feature","id":99913,"properties":{"OBJECTID":99913,"PRIMENAME":"Sandy Lane","ELEVTYP_F":0,"ELEVTYP_T":0},"geometry":{"type":"LineString","coordinates":[[-74.406161405121,39.3802140460919],[-74.406011209023,39.3800109380714],[-74.4058801120443,39.3798660256829],[-74.4057144780283,39.379699642369],[-74.4056772367725,39.3796637808114]]}},{"type":"Feature","id":100069,"properties":{"OBJECTID":100069,"PRIMENAME":"Unnamed Segment","ELEVTYP_F":0,"ELEVTYP_T":0},"geometry":{"type":"LineString","coordinates":[[-74.4027509915785,39.384521454],[-74.4018210037359,39.3835010006023]]}},{"type":"Feature","id":100523,"properties":{"OBJECTID":100523,"PRIMENAME":"Unnamed Segment","ELEVTYP_F":0,"ELEVTYP_T":0},"geometry":{"type":"LineString","coordinates":[[-74.4162763017075,39.3750483702795],[-74.4164999062256,39.3753927671919]]}},{"type":"Feature","id":100755,"properties":{"OBJECTID":100755,"PRIMENAME":"Saint Charles Place","ELEVTYP_F":0,"ELEVTYP_T":0},"geometry":{"type":"LineString","coordinates":[[-74.4136671084045,39.371137892569],[-74.4134635900781,39.3708307497096]]}},{"type":"Feature","id":100995,"properties":{"OBJECTID":100995,"PRIMENAME":"44th Cove","ELEVTYP_F":0,"ELEVTYP_T":0},"geometry":{"type":"LineString","coordinates":[[-74.3960367732849,39.3899187929977],[-74.3964091025557,39.3895963450836]]}},{"type":"Feature","id":101227,"properties":{"OBJECTID":101227,"PRIMENAME":"Brigantine Avenue","ELEVTYP_F":0,"ELEVTYP_T":0},"geometry":{"type":"LineString","coordinates":[[-74.3890727230757,39.3948240414575],[-74.3891839084249,39.3948682696833],[-74.3892666365377,39.3949165621752],[-74.3892708083199,39.3949192568468]]}},{"type":"Feature","id":101514,"properties":{"OBJECTID":101514,"PRIMENAME":"East Brigantine Avenue","ELEVTYP_F":0,"ELEVTYP_T":0},"geometry":{"type":"LineString","coordinates":[[-74.3614853411522,39.4090354809266],[-74.3608662095646,39.4094921953097],[-74.3608319689492,39.4095171669121]]}},{"type":"Feature","id":101856,"properties":{"OBJECTID":101856,"PRIMENAME":"Revere Boulevard","ELEVTYP_F":0,"ELEVTYP_T":0},"geometry":{"type":"LineString","coordinates":[[-74.3815224382838,39.3990966343026],[-74.3814847076971,39.3991213346366],[-74.3811499743719,39.3993037166316]]}},{"type":"Feature","id":101999,"properties":{"OBJECTID":101999,"PRIMENAME":"Grammercy Place","ELEVTYP_F":0,"ELEVTYP_T":0},"geometry":{"type":"LineString","coordinates":[[-74.4139210436719,39.3698104573857],[-74.4135368736012,39.3699660384988]]}},{"type":"Feature","id":102090,"properties":{"OBJECTID":102090,"PRIMENAME":"East Brigantine Avenue","ELEVTYP_F":0,"ELEVTYP_T":0},"geometry":{"type":"LineString","coordinates":[[-74.3544094256605,39.4142332205958],[-74.3540065250073,39.4145308924371]]}},{"type":"Feature","id":102095,"properties":{"OBJECTID":102095,"PRIMENAME":"Spinnaker Way","ELEVTYP_F":0,"ELEVTYP_T":0},"geometry":{"type":"LineString","coordinates":[[-74.4181730777164,39.3740562569441],[-74.417543128028,39.3743005283147]]}},{"type":"Feature","id":104411,"properties":{"OBJECTID":104411,"PRIMENAME":"Bayshore Avenue","ELEVTYP_F":0,"ELEVTYP_T":0},"geometry":{"type":"LineString","coordinates":[[-74.3973600573666,39.3912085328715],[-74.3975147207339,39.391162431799]]}},{"type":"Feature","id":104826,"properties":{"OBJECTID":104826,"PRIMENAME":"Bayshore Avenue","ELEVTYP_F":0,"ELEVTYP_T":0},"geometry":{"type":"LineString","coordinates":[[-74.3740131294413,39.4044742877943],[-74.3739652501577,39.4045502906833],[-74.3738970721168,39.4046757210981],[-74.3738386401169,39.4047936106127],[-74.3737704492116,39.404926563534],[-74.3737217011505,39.4050519590666],[-74.3736761559199,39.4051673915771],[-74.373639543047,39.4052945306864]]}},{"type":"Feature","id":104996,"properties":{"OBJECTID":104996,"PRIMENAME":"Lighthouse Drive","ELEVTYP_F":0,"ELEVTYP_T":0},"geometry":{"type":"LineString","coordinates":[[-74.4014942721964,39.3871627259483],[-74.4014906857069,39.3871722507292],[-74.4013936882452,39.3873571984702],[-74.4012412880426,39.3875876771552],[-74.4010889860432,39.3877725497517],[-74.4009247628574,39.3879545852666]]}},{"type":"Feature","id":105016,"properties":{"OBJECTID":105016,"PRIMENAME":"Lincoln Drive","ELEVTYP_F":0,"ELEVTYP_T":0},"geometry":{"type":"LineString","coordinates":[[-74.3684155057565,39.4133026292897],[-74.3684635242506,39.413272042845],[-74.368552364691,39.4132362021976],[-74.3686682229358,39.4131944349877],[-74.3687994863942,39.4131676482415],[-74.3689075368024,39.4131557983983],[-74.3690310218098,39.4131619232992],[-74.3691467677628,39.4131800101094],[-74.3692740894113,39.4131981098121],[-74.3694013125486,39.4132491290374],[-74.3694938899247,39.4132971447278],[-74.3695940979708,39.4133721037479],[-74.3696788435546,39.4134440249754],[-74.3697635695828,39.4135459004526],[-74.3698828721928,39.4137076979875],[-74.3701715978546,39.4141091597997],[-74.3703601479462,39.4143997215931],[-74.3704909077859,39.4146453831914],[-74.3706139142429,39.4149119021588],[-74.370740707567,39.4152173866238],[-74.3708252107888,39.4154419924409],[-74.3708866060701,39.415624673605],[-74.3709288268253,39.4157444855013],[-74.3709436892492,39.4158233292497]]}},{"type":"Feature","id":105048,"properties":{"OBJECTID":105048,"PRIMENAME":"Casa Drive","ELEVTYP_F":0,"ELEVTYP_T":0},"geometry":{"type":"LineString","coordinates":[[-74.4032947458202,39.3847638698666],[-74.4033198115156,39.3848301161227],[-74.4033267144317,39.3848783906257],[-74.4033196930965,39.3849159456836],[-74.4033058353422,39.3849588215236],[-74.4032711897619,39.3850151056897],[-74.4032296331328,39.3850794291923],[-74.4031845868394,39.385159839965],[-74.4031326431654,39.3852643793598],[-74.4031013705295,39.3853635536316],[-74.4030735999637,39.3854627587354],[-74.4030562040729,39.3855565910625],[-74.4030387587242,39.3856852926239],[-74.4030385843348,39.3858113187673],[-74.4030487772712,39.3859373805705],[-74.4030624350876,39.3860392829527],[-74.4030727208856,39.3860982681528],[-74.4030899303501,39.386165332136],[-74.4031150801995,39.3862213093089]]}},{"type":"Feature","id":105425,"properties":{"OBJECTID":105425,"PRIMENAME":"East Brigantine Avenue","ELEVTYP_F":0,"ELEVTYP_T":0},"geometry":{"type":"LineString","coordinates":[[-74.3601972051173,39.4099811338642],[-74.3597451597842,39.4103114955783],[-74.3595451326468,39.4104590523493]]}},{"type":"Feature","id":105617,"properties":{"OBJECTID":105617,"PRIMENAME":"Ocean Avenue","ELEVTYP_F":0,"ELEVTYP_T":0},"geometry":{"type":"LineString","coordinates":[[-74.3867942598694,39.39052332863],[-74.3872315691425,39.3901984474827]]}},{"type":"Feature","id":105750,"properties":{"OBJECTID":105750,"PRIMENAME":"10th Street North","ELEVTYP_F":0,"ELEVTYP_T":0},"geometry":{"type":"LineString","coordinates":[[-74.3569784629571,39.4123462765132],[-74.357068006077,39.4124196063685],[-74.3575815183977,39.4128401346011],[-74.3580033638114,39.4131789100072],[-74.3582994517533,39.4134166906078]]}},{"type":"Feature","id":105806,"properties":{"OBJECTID":105806,"PRIMENAME":"West Brigantine Avenue","ELEVTYP_F":0,"ELEVTYP_T":0},"geometry":{"type":"LineString","coordinates":[[-74.3876023420099,39.392835406016],[-74.3872645306302,39.3930675263426]]}},{"type":"Feature","id":106131,"properties":{"OBJECTID":106131,"PRIMENAME":"Harbor Beach Boulevard","ELEVTYP_F":0,"ELEVTYP_T":0},"geometry":{"type":"LineString","coordinates":[[-74.3981000134004,39.386132157126],[-74.3979469800481,39.3862322394114],[-74.3979043704084,39.3862956164265],[-74.3978631626104,39.3863595492213],[-74.397823368692,39.3864240191251],[-74.3977850002785,39.3864890073104],[-74.3977480685787,39.3865544947983],[-74.3977125843821,39.3866204624639],[-74.3976785580557,39.3866868910422],[-74.3976459995405,39.3867537611334]]}},{"type":"Feature","id":106312,"properties":{"OBJECTID":106312,"PRIMENAME":"17th Street South","ELEVTYP_F":0,"ELEVTYP_T":0},"geometry":{"type":"LineString","coordinates":[[-74.3731020205094,39.3985114979293],[-74.3735409623632,39.3989721196566],[-74.3736053439653,39.3990452240375]]}},{"type":"Feature","id":108073,"properties":{"OBJECTID":108073,"PRIMENAME":"19th Street South","ELEVTYP_F":0,"ELEVTYP_T":0},"geometry":{"type":"LineString","coordinates":[[-74.377763500822,39.4011492136441],[-74.3784660511154,39.4019291657277],[-74.3785492001769,39.402021148852]]}},{"type":"Feature","id":108087,"properties":{"OBJECTID":108087,"PRIMENAME":"North Massachusetts Avenue","ELEVTYP_F":0,"ELEVTYP_T":0},"geometry":{"type":"LineString","coordinates":[[-74.4208532905951,39.3719768507117],[-74.4210609644485,39.3722925239753],[-74.4212796460185,39.372624925089]]}},{"type":"Feature","id":109077,"properties":{"OBJECTID":109077,"PRIMENAME":"West Brigantine Avenue","ELEVTYP_F":0,"ELEVTYP_T":0},"geometry":{"type":"LineString","coordinates":[[-74.376586897685,39.3998614680996],[-74.3762124388931,39.4000653193048]]}},{"type":"Feature","id":109379,"properties":{"OBJECTID":109379,"PRIMENAME":"12th Street South","ELEVTYP_F":0,"ELEVTYP_T":0},"geometry":{"type":"LineString","coordinates":[[-74.373639543047,39.4052945306864],[-74.3730176590629,39.4045988197719],[-74.3728559581598,39.4044213832851]]}},{"type":"Feature","id":109771,"properties":{"OBJECTID":109771,"PRIMENAME":"Shipmaster Drive","ELEVTYP_F":0,"ELEVTYP_T":0},"geometry":{"type":"LineString","coordinates":[[-74.3974858429525,39.3871509986736],[-74.3976415400138,39.3871666764304]]}},{"type":"Feature","id":110017,"properties":{"OBJECTID":110017,"PRIMENAME":"Georgia Place","ELEVTYP_F":0,"ELEVTYP_T":0},"geometry":{"type":"LineString","coordinates":[[-74.3704923116225,39.4067881355595],[-74.3698643520307,39.4071300855187],[-74.369742819269,39.407196263853]]}},{"type":"Feature","id":110193,"properties":{"OBJECTID":110193,"PRIMENAME":"Vardon Road","ELEVTYP_F":0,"ELEVTYP_T":0},"geometry":{"type":"LineString","coordinates":[[-74.3726285513717,39.4158888303744],[-74.3727575122133,39.4165659105025]]}},{"type":"Feature","id":110393,"properties":{"OBJECTID":110393,"PRIMENAME":"North Saint Katherine Place","ELEVTYP_F":0,"ELEVTYP_T":0},"geometry":{"type":"LineString","coordinates":[[-74.4133417135157,39.3700471705378],[-74.4127223334618,39.36912075899],[-74.4123077798973,39.3685053620366]]}},{"type":"Feature","id":110456,"properties":{"OBJECTID":110456,"PRIMENAME":"Anchorage Court","ELEVTYP_F":0,"ELEVTYP_T":0},"geometry":{"type":"LineString","coordinates":[[-74.4178853007963,39.3748272074419],[-74.4177021880371,39.3745453569239],[-74.417543128028,39.3743005283147]]}},{"type":"Feature","id":110798,"properties":{"OBJECTID":110798,"PRIMENAME":"Ocean Avenue","ELEVTYP_F":0,"ELEVTYP_T":0},"geometry":{"type":"LineString","coordinates":[[-74.3757581577771,39.3977049458237],[-74.3761173876578,39.397481447667]]}},{"type":"Feature","id":111779,"properties":{"OBJECTID":111779,"PRIMENAME":"Unnamed Segment","ELEVTYP_F":0,"ELEVTYP_T":0},"geometry":{"type":"LineString","coordinates":[[-74.3813963602867,39.3970834750221],[-74.3824226888621,39.3979828943382],[-74.382744213813,39.3982652801774]]}},{"type":"Feature","id":112232,"properties":{"OBJECTID":112232,"PRIMENAME":"Galleon Court","ELEVTYP_F":0,"ELEVTYP_T":0},"geometry":{"type":"LineString","coordinates":[[-74.4167713764356,39.372526736746],[-74.416707005598,39.3724232041125]]}},{"type":"Feature","id":112423,"properties":{"OBJECTID":112423,"PRIMENAME":"Sheridan Boulevard","ELEVTYP_F":0,"ELEVTYP_T":0},"geometry":{"type":"LineString","coordinates":[[-74.3724909255335,39.4152095164521],[-74.3726704266176,39.4151686383394],[-74.3729329360733,39.4151270264097],[-74.3731375321987,39.4151062727473],[-74.3733553326395,39.4150847097678]]}},{"type":"Feature","id":112822,"properties":{"OBJECTID":112822,"PRIMENAME":"Adriatic Avenue","ELEVTYP_F":0,"ELEVTYP_T":0},"geometry":{"type":"LineString","coordinates":[[-74.4161483795768,39.373873276859],[-74.4162841061506,39.373819738704],[-74.4165613552515,39.3737103771214]]}},{"type":"Feature","id":113723,"properties":{"OBJECTID":113723,"PRIMENAME":"Unnamed Segment","ELEVTYP_F":0,"ELEVTYP_T":0},"geometry":{"type":"LineString","coordinates":[[-74.3848154540371,39.3968498500373],[-74.3846437191008,39.3966985863016],[-74.3835358926019,39.3957302437809],[-74.3834584363994,39.3956622113873]]}},{"type":"Feature","id":114034,"properties":{"OBJECTID":114034,"PRIMENAME":"Unnamed Segment","ELEVTYP_F":0,"ELEVTYP_T":0},"geometry":{"type":"LineString","coordinates":[[-74.3724645521006,39.3996471722975],[-74.3721806199676,39.3993400066347],[-74.3721144563216,39.3992693839263],[-74.3720396922678,39.3991895815447]]}},{"type":"Feature","id":114338,"properties":{"OBJECTID":114338,"PRIMENAME":"38th Street South","ELEVTYP_F":0,"ELEVTYP_T":0},"geometry":{"type":"LineString","coordinates":[[-74.3878726457926,39.3897223107055],[-74.389199035866,39.3906515038316],[-74.3898294119874,39.3911014849847]]}},{"type":"Feature","id":114670,"properties":{"OBJECTID":114670,"PRIMENAME":"37th Street South","ELEVTYP_F":0,"ELEVTYP_T":0},"geometry":{"type":"LineString","coordinates":[[-74.3872315691425,39.3901984474827],[-74.3879857256292,39.3907231298565],[-74.3892333979331,39.391611693317]]}},{"type":"Feature","id":115063,"properties":{"OBJECTID":115063,"PRIMENAME":"Unnamed Segment","ELEVTYP_F":0,"ELEVTYP_T":0},"geometry":{"type":"LineString","coordinates":[[-74.385270622664,39.3983333376392],[-74.3850488488867,39.398135788747],[-74.3844365285427,39.3975967593338],[-74.3841259533701,39.3973246032537]]}},{"type":"Feature","id":115194,"properties":{"OBJECTID":115194,"PRIMENAME":"Sheridan Square","ELEVTYP_F":0,"ELEVTYP_T":0},"geometry":{"type":"LineString","coordinates":[[-74.3704624921035,39.4080035192516],[-74.3707996205063,39.4083832055424]]}},{"type":"Feature","id":115615,"properties":{"OBJECTID":115615,"PRIMENAME":"14th Street South","ELEVTYP_F":0,"ELEVTYP_T":0},"geometry":{"type":"LineString","coordinates":[[-74.3728243771752,39.4019140746715],[-74.3725138086129,39.4015747843124],[-74.3714163555597,39.4003641712478],[-74.3713139361062,39.4002493722779]]}},{"type":"Feature","id":115825,"properties":{"OBJECTID":115825,"PRIMENAME":"Coquille Beach Drive","ELEVTYP_F":0,"ELEVTYP_T":0},"geometry":{"type":"LineString","coordinates":[[-74.4030597243117,39.3828517041487],[-74.403004745524,39.3828019617722],[-74.4029502769197,39.382752679206]]}},{"type":"Feature","id":115836,"properties":{"OBJECTID":115836,"PRIMENAME":"West Brigantine Avenue","ELEVTYP_F":0,"ELEVTYP_T":0},"geometry":{"type":"LineString","coordinates":[[-74.3713273409578,39.4027383755976],[-74.3710243364326,39.4029056902799],[-74.3705756616442,39.4031496923865]]}},{"type":"Feature","id":115967,"properties":{"OBJECTID":115967,"PRIMENAME":"East Shore Drive","ELEVTYP_F":0,"ELEVTYP_T":0},"geometry":{"type":"LineString","coordinates":[[-74.3707898862179,39.4213261351164],[-74.3707670836697,39.4213496485859],[-74.3706828173956,39.4214148187875],[-74.3705985683851,39.4214699396246],[-74.3704981732308,39.4215275421466],[-74.3703783531482,39.4215801244015],[-74.3702682598438,39.4216176442985],[-74.3701614009961,39.4216476451227],[-74.3700319269266,39.4216750938418],[-74.3699283943403,39.4216875262681],[-74.3698021432252,39.4216949076168],[-74.3696921241763,39.4216922865159],[-74.3695756408057,39.42168210666],[-74.3694721235935,39.4216669445006],[-74.3693653940272,39.4216467539811],[-74.3692521606701,39.4216215313935],[-74.3691519096831,39.4216013209352],[-74.3690613134674,39.4215861729426],[-74.3689707333701,39.4215810462942],[-74.3688607051701,39.4215834211327],[-74.3687700525613,39.4215983919883],[-74.3686923727444,39.4216233997141],[-74.3686275835159,39.4216459231273],[-74.3685749221468,39.4216763124769],[-74.3685248417962,39.421708353183],[-74.3684893206919,39.4217350001242],[-74.368420233565,39.4217837120153],[-74.3683489592316,39.4218287974728],[-74.3683003630965,39.4218613883479],[-74.3682549852157,39.4218964537405],[-74.368235083741,39.4219188899375],[-74.3682247411148,39.4219405415529]]}},{"type":"Feature","id":115979,"properties":{"OBJECTID":115979,"PRIMENAME":"Unnamed Segment","ELEVTYP_F":0,"ELEVTYP_T":0},"geometry":{"type":"LineString","coordinates":[[-74.3834369844567,39.3977930373402],[-74.3826419825658,39.3971003886358],[-74.3820821929068,39.3966109583367]]}},{"type":"Feature","id":115989,"properties":{"OBJECTID":115989,"PRIMENAME":"Ocean Drive South","ELEVTYP_F":0,"ELEVTYP_T":0},"geometry":{"type":"LineString","coordinates":[[-74.4069405096772,39.3775632944883],[-74.40690594883,39.3775607409829],[-74.4067746501137,39.3775686800755],[-74.4066640345072,39.3775873723268],[-74.4065569052124,39.3776167742614],[-74.4064600820821,39.3776649653018],[-74.4063701328897,39.3777319427118],[-74.4062698451724,39.3778310624173],[-74.4062096797938,39.3779009732927]]}},{"type":"Feature","id":116100,"properties":{"OBJECTID":116100,"PRIMENAME":"Lafayette Place","ELEVTYP_F":0,"ELEVTYP_T":0},"geometry":{"type":"LineString","coordinates":[[-74.3629604150315,39.4102112126435],[-74.3630621309949,39.4102610161129],[-74.3630974010393,39.4102782854484],[-74.3631849284084,39.4103344542909],[-74.3632717444556,39.410392214848],[-74.3633942164791,39.4104612475026],[-74.3635214256721,39.4105152656226],[-74.3636486815008,39.4105633266583],[-74.3637952454867,39.4106024039487],[-74.363960132577,39.4106290651168]]}},{"type":"Feature","id":116166,"properties":{"OBJECTID":116166,"PRIMENAME":"Ocean Drive South","ELEVTYP_F":0,"ELEVTYP_T":0},"geometry":{"type":"LineString","coordinates":[[-74.4038667483423,39.3802079176383],[-74.4033428425768,39.3806764704306],[-74.4033324627545,39.3807113040937]]}},{"type":"Feature","id":116167,"properties":{"OBJECTID":116167,"PRIMENAME":"Unnamed Segment","ELEVTYP_F":0,"ELEVTYP_T":0},"geometry":{"type":"LineString","coordinates":[[-74.380393114206,39.3997161340778],[-74.380096364555,39.3993922538316],[-74.3792789291687,39.3984805099768],[-74.3792264763832,39.3984229347438]]}},{"type":"Feature","id":116697,"properties":{"OBJECTID":116697,"PRIMENAME":"Heald Road","ELEVTYP_F":0,"ELEVTYP_T":0},"geometry":{"type":"LineString","coordinates":[[-74.3665341331895,39.4136388053884],[-74.3668342303144,39.4136533440973],[-74.3671097228191,39.4136675332445]]}},{"type":"Feature","id":117177,"properties":{"OBJECTID":117177,"PRIMENAME":"Caverly Drive","ELEVTYP_F":0,"ELEVTYP_T":0},"geometry":{"type":"LineString","coordinates":[[-74.3728414945605,39.4117034070973],[-74.3729131052008,39.4115438255251],[-74.373145637252,39.4110439048623]]}},{"type":"Feature","id":117198,"properties":{"OBJECTID":117198,"PRIMENAME":"Atlantic Brigantine Boulevard","ELEVTYP_F":0,"ELEVTYP_T":0},"geometry":{"type":"LineString","coordinates":[[-74.3899189317201,39.394796729223],[-74.3897871016611,39.3947162662216],[-74.3896862615452,39.3946639762749],[-74.3896397242104,39.3946438613302]]}},{"type":"Feature","id":117287,"properties":{"OBJECTID":117287,"PRIMENAME":"Unnamed Segment","ELEVTYP_F":0,"ELEVTYP_T":0},"geometry":{"type":"LineString","coordinates":[[-74.3877621939334,39.3962052222533],[-74.3870903350992,39.3956085454741],[-74.3868959086968,39.3954395532033]]}},{"type":"Feature","id":117351,"properties":{"OBJECTID":117351,"PRIMENAME":"Harbor Beach Boulevard","ELEVTYP_F":0,"ELEVTYP_T":0},"geometry":{"type":"LineString","coordinates":[[-74.3978771629173,39.3941031579087],[-74.3981012784576,39.3944827757918]]}},{"type":"Feature","id":117686,"properties":{"OBJECTID":117686,"PRIMENAME":"Unnamed Segment","ELEVTYP_F":0,"ELEVTYP_T":0},"geometry":{"type":"LineString","coordinates":[[-74.3773819866682,39.4013580579075],[-74.3771320144623,39.4010825971059],[-74.3763468014104,39.4002115859499],[-74.3762124388931,39.4000653193048]]}},{"type":"Feature","id":117947,"properties":{"OBJECTID":117947,"PRIMENAME":"Marc Lane","ELEVTYP_F":0,"ELEVTYP_T":0},"geometry":{"type":"LineString","coordinates":[[-74.3946184603921,39.3918301154311],[-74.3946910522335,39.3919365751694]]}},{"type":"Feature","id":117957,"properties":{"OBJECTID":117957,"PRIMENAME":"19th Street South","ELEVTYP_F":0,"ELEVTYP_T":0},"geometry":{"type":"LineString","coordinates":[[-74.3785492001769,39.402021148852],[-74.3790579902712,39.4025839887498],[-74.3791304962009,39.4026717329181]]}},{"type":"Feature","id":118277,"properties":{"OBJECTID":118277,"PRIMENAME":"Liberty Avenue","ELEVTYP_F":0,"ELEVTYP_T":0},"geometry":{"type":"LineString","coordinates":[[-74.4156655951469,39.3749010310678],[-74.4156700298185,39.3748992371711],[-74.4160735872938,39.3747361377961]]}},{"type":"Feature","id":118332,"properties":{"OBJECTID":118332,"PRIMENAME":"12th Street South","ELEVTYP_F":0,"ELEVTYP_T":0},"geometry":{"type":"LineString","coordinates":[[-74.3728559581598,39.4044213832851],[-74.3720125359002,39.403496080275],[-74.3713273409578,39.4027383755976]]}},{"type":"Feature","id":118375,"properties":{"OBJECTID":118375,"PRIMENAME":"Lagoon Boulevard","ELEVTYP_F":0,"ELEVTYP_T":0},"geometry":{"type":"LineString","coordinates":[[-74.4064612239571,39.3834364051358],[-74.4063445141165,39.3834811749949],[-74.4061301170826,39.3836044747948],[-74.4058421570156,39.3838369644215],[-74.4055541601762,39.3840694812207],[-74.4048683675297,39.3846153360044]]}},{"type":"Feature","id":118522,"properties":{"OBJECTID":118522,"PRIMENAME":"Lighthouse Drive","ELEVTYP_F":0,"ELEVTYP_T":0},"geometry":{"type":"LineString","coordinates":[[-74.4003697679788,39.3842038413915],[-74.400472522522,39.3842983797019]]}},{"type":"Feature","id":118597,"properties":{"OBJECTID":118597,"PRIMENAME":"Harbor Beach Boulevard","ELEVTYP_F":0,"ELEVTYP_T":0},"geometry":{"type":"LineString","coordinates":[[-74.4088084058982,39.3826395002005],[-74.4087831290114,39.3825965659918],[-74.4087399888106,39.3825234695941]]}},{"type":"Feature","id":119149,"properties":{"OBJECTID":119149,"PRIMENAME":"North New Hampshire Avenue","ELEVTYP_F":0,"ELEVTYP_T":0},"geometry":{"type":"LineString","coordinates":[[-74.4166745045201,39.3736657583287],[-74.4164528663744,39.3733386504588],[-74.4162317064675,39.3730122460239]]}},{"type":"Feature","id":119682,"properties":{"OBJECTID":119682,"PRIMENAME":"Atlantic Brigantine Boulevard","ELEVTYP_F":0,"ELEVTYP_T":1},"geometry":{"type":"LineString","coordinates":[[-74.4184852693647,39.3873465123208],[-74.4185015912074,39.3873373256307],[-74.4191240629344,39.386986397216],[-74.4191954053117,39.3869460033215]]}},{"type":"Feature","id":120132,"properties":{"OBJECTID":120132,"PRIMENAME":"Ocean Avenue","ELEVTYP_F":0,"ELEVTYP_T":0},"geometry":{"type":"LineString","coordinates":[[-74.3875546243547,39.3899584875809],[-74.3878726457926,39.3897223107055]]}},{"type":"Feature","id":120163,"properties":{"OBJECTID":120163,"PRIMENAME":"East Shore Drive","ELEVTYP_F":0,"ELEVTYP_T":0},"geometry":{"type":"LineString","coordinates":[[-74.3635953869311,39.4200402453736],[-74.3634307937766,39.4199784402568],[-74.3632302731133,39.4199154936977],[-74.3630847833744,39.4198601080289],[-74.3629684023047,39.4197997318069],[-74.3628585095054,39.4197343375539],[-74.3627486562711,39.4196488734203],[-74.3626485675622,39.4195483746488],[-74.3626335279143,39.4195280942966]]}},{"type":"Feature","id":120351,"properties":{"OBJECTID":120351,"PRIMENAME":"West Brigantine Avenue","ELEVTYP_F":0,"ELEVTYP_T":0},"geometry":{"type":"LineString","coordinates":[[-74.3769619321368,39.3996518772728],[-74.3769112765771,39.3996794999709],[-74.37660365394,39.3998523427201],[-74.376586897685,39.3998614680996]]}},{"type":"Feature","id":120475,"properties":{"OBJECTID":120475,"PRIMENAME":"Tower Lane","ELEVTYP_F":0,"ELEVTYP_T":0},"geometry":{"type":"LineString","coordinates":[[-74.3939385755456,39.3922473592547],[-74.3939545314447,39.3922726611791],[-74.3941458615449,39.392558581358]]}},{"type":"Feature","id":120696,"properties":{"OBJECTID":120696,"PRIMENAME":"North Roosevelt Boulevard","ELEVTYP_F":0,"ELEVTYP_T":0},"geometry":{"type":"LineString","coordinates":[[-74.3679021914919,39.4128152997508],[-74.3684155057565,39.4133026292897]]}},{"type":"Feature","id":120815,"properties":{"OBJECTID":120815,"PRIMENAME":"23rd Street South","ELEVTYP_F":0,"ELEVTYP_T":0},"geometry":{"type":"LineString","coordinates":[[-74.3779151005554,39.3963637525719],[-74.3783095059753,39.3968048433842],[-74.3794007987026,39.3979923216488],[-74.3796027990528,39.3982160553064]]}},{"type":"Feature","id":120858,"properties":{"OBJECTID":120858,"PRIMENAME":"Drexel Avenue","ELEVTYP_F":0,"ELEVTYP_T":0},"geometry":{"type":"LineString","coordinates":[[-74.41872129417,39.3720137925368],[-74.4184241603559,39.3721329218293]]}},{"type":"Feature","id":120998,"properties":{"OBJECTID":120998,"PRIMENAME":"Horizon Lane","ELEVTYP_F":0,"ELEVTYP_T":0},"geometry":{"type":"LineString","coordinates":[[-74.4100120309597,39.38337141511],[-74.4101249283887,39.38326343268],[-74.4102143708564,39.3831806654183],[-74.4102852144435,39.383116498903],[-74.4103157485457,39.3830886262824],[-74.4103517270112,39.3830641358704],[-74.4103909505583,39.3830472525499],[-74.4104404680714,39.3830311464275],[-74.4105269027105,39.3830044148437],[-74.4106167708213,39.3829749951255],[-74.4106997244631,39.382958942496],[-74.4107549994431,39.3829509398039],[-74.4107917946892,39.3829512148387],[-74.4108310248362,39.3829563795008],[-74.4108795832511,39.382971407913],[-74.4109155080239,39.3829889524935],[-74.4109380975972,39.3830038790242],[-74.4109648116297,39.3830305326955],[-74.4109933177858,39.383066439909],[-74.4112864494854,39.3835117906818],[-74.4113967976461,39.3836835061954],[-74.4114174571613,39.3837424985828]]}},{"type":"Feature","id":121297,"properties":{"OBJECTID":121297,"PRIMENAME":"Magnolia Way","ELEVTYP_F":0,"ELEVTYP_T":0},"geometry":{"type":"LineString","coordinates":[[-74.3989769439589,39.3945624227795],[-74.3990046664967,39.3949934599637]]}},{"type":"Feature","id":121644,"properties":{"OBJECTID":121644,"PRIMENAME":"Bayshore Avenue","ELEVTYP_F":0,"ELEVTYP_T":0},"geometry":{"type":"LineString","coordinates":[[-74.3734988991789,39.4063502179929],[-74.3734959231033,39.4064697602019],[-74.3734827786532,39.4065751514614],[-74.3734598872998,39.40670815341],[-74.3734176144134,39.406833583743],[-74.3733656386619,39.4069615293461],[-74.3733136721299,39.4070643794907],[-74.3732455325329,39.4071672119912],[-74.3731774168369,39.4072560973593]]}},{"type":"Feature","id":122000,"properties":{"OBJECTID":122000,"PRIMENAME":"Edgewater Drive","ELEVTYP_F":0,"ELEVTYP_T":0},"geometry":{"type":"LineString","coordinates":[[-74.4026436550559,39.3942868920029],[-74.4026847909984,39.3944018591135],[-74.4027731547157,39.3947055481063]]}},{"type":"Feature","id":122044,"properties":{"OBJECTID":122044,"PRIMENAME":"Unnamed Segment","ELEVTYP_F":0,"ELEVTYP_T":0},"geometry":{"type":"LineString","coordinates":[[-74.377555989903,39.3965860475749],[-74.37737024485,39.3963812731427],[-74.3770964331611,39.3960898625018],[-74.3770279599938,39.3960084088434],[-74.3769756584652,39.3959269722436]]}},{"type":"Feature","id":122407,"properties":{"OBJECTID":122407,"PRIMENAME":"Lagoon Boulevard","ELEVTYP_F":0,"ELEVTYP_T":0},"geometry":{"type":"LineString","coordinates":[[-74.4102857222255,39.3820842404798],[-74.4102401867873,39.382029648945],[-74.4102118553779,39.3819956901192]]}},{"type":"Feature","id":122442,"properties":{"OBJECTID":122442,"PRIMENAME":"Sailfish Drive","ELEVTYP_F":0,"ELEVTYP_T":0},"geometry":{"type":"LineString","coordinates":[[-74.4034152602508,39.3891757241926],[-74.4035036465181,39.3892549269324]]}},{"type":"Feature","id":122535,"properties":{"OBJECTID":122535,"PRIMENAME":"East Brigantine Avenue","ELEVTYP_F":0,"ELEVTYP_T":0},"geometry":{"type":"LineString","coordinates":[[-74.3582666508645,39.4114007966359],[-74.3580710298502,39.4115445467205],[-74.3577167814819,39.4118048617229],[-74.3576230570333,39.4118735799779]]}},{"type":"Feature","id":122695,"properties":{"OBJECTID":122695,"PRIMENAME":"Atlantic Brigantine Boulevard","ELEVTYP_F":0,"ELEVTYP_T":0},"geometry":{"type":"LineString","coordinates":[[-74.3868770900282,39.3948875754149],[-74.3862804425125,39.3949045666927]]}},{"type":"Feature","id":122774,"properties":{"OBJECTID":122774,"PRIMENAME":"Ockenlander Drive","ELEVTYP_F":0,"ELEVTYP_T":0},"geometry":{"type":"LineString","coordinates":[[-74.4093595337794,39.383017596397],[-74.4095180927234,39.3828668735357],[-74.4096045828661,39.3827972282835],[-74.4098155234939,39.3826579399854]]}},{"type":"Feature","id":122990,"properties":{"OBJECTID":122990,"PRIMENAME":"Unnamed Segment","ELEVTYP_F":0,"ELEVTYP_T":0},"geometry":{"type":"LineString","coordinates":[[-74.4036388065944,39.3825505673696],[-74.4035442451792,39.3824435327282]]}},{"type":"Feature","id":123386,"properties":{"OBJECTID":123386,"PRIMENAME":"West Brigantine Avenue","ELEVTYP_F":0,"ELEVTYP_T":0},"geometry":{"type":"LineString","coordinates":[[-74.3773380173224,39.3994469822232],[-74.3769619321368,39.3996518772728]]}},{"type":"Feature","id":123542,"properties":{"OBJECTID":123542,"PRIMENAME":"Lagoon Boulevard","ELEVTYP_F":0,"ELEVTYP_T":0},"geometry":{"type":"LineString","coordinates":[[-74.4087399888106,39.3825234695941],[-74.4082183081324,39.38273697369],[-74.4078584608787,39.3828644452111]]}},{"type":"Feature","id":124058,"properties":{"OBJECTID":124058,"PRIMENAME":"Bayshore Avenue","ELEVTYP_F":0,"ELEVTYP_T":0},"geometry":{"type":"LineString","coordinates":[[-74.3725142072407,39.4077705384391],[-74.3723805221597,39.4078313455337],[-74.3722154047739,39.4078939024434],[-74.3720373963223,39.4079413988472],[-74.3718302590964,39.4079888619912],[-74.3716555069761,39.4080162636075],[-74.3716142720316,39.4080173711382]]}},{"type":"Feature","id":124268,"properties":{"OBJECTID":124268,"PRIMENAME":"34th Street South","ELEVTYP_F":0,"ELEVTYP_T":0},"geometry":{"type":"LineString","coordinates":[[-74.3872645306302,39.3930675263426],[-74.387481422856,39.3932581203575],[-74.3888108551375,39.3944269891433],[-74.3891909550038,39.3947533986633]]}},{"type":"Feature","id":124305,"properties":{"OBJECTID":124305,"PRIMENAME":"Unnamed Segment","ELEVTYP_F":0,"ELEVTYP_T":0},"geometry":{"type":"LineString","coordinates":[[-74.3868959086968,39.3954395532033],[-74.3862804425125,39.3949045666927]]}},{"type":"Feature","id":124414,"properties":{"OBJECTID":124414,"PRIMENAME":"Anchorage Court","ELEVTYP_F":0,"ELEVTYP_T":0},"geometry":{"type":"LineString","coordinates":[[-74.4188860216522,39.372968678857],[-74.4189848860184,39.373101559183]]}},{"type":"Feature","id":125088,"properties":{"OBJECTID":125088,"PRIMENAME":"Fownes Avenue","ELEVTYP_F":0,"ELEVTYP_T":0},"geometry":{"type":"LineString","coordinates":[[-74.3635953869311,39.4200402453736],[-74.3636380887866,39.4198711360205],[-74.3636544382757,39.4197647346791],[-74.3636667397041,39.4196645873477],[-74.3637073759605,39.4195206537975],[-74.3637219985088,39.4194827256292]]}},{"type":"Feature","id":125432,"properties":{"OBJECTID":125432,"PRIMENAME":"East Beach Avenue","ELEVTYP_F":0,"ELEVTYP_T":0},"geometry":{"type":"LineString","coordinates":[[-74.3645698823689,39.409546535737],[-74.3645608571457,39.4095493345501],[-74.3645519445693,39.4095523427571],[-74.3645431527105,39.4095555576337],[-74.3645344895311,39.4095589762688],[-74.364525962876,39.4095625955663],[-74.364517580467,39.409566412249],[-74.3645093498947,39.4095704228603],[-74.3645012786127,39.4095746237686],[-74.36449337393,39.4095790111696],[-74.3644856430049,39.40958358109],[-74.3644780928384,39.4095883293917],[-74.3644707302676,39.4095932517747],[-74.36446356196,39.4095983437813],[-74.364456594407,39.4096036008005],[-74.3644498339183,39.4096090180715],[-74.364443286616,39.4096145906888]]}},{"type":"Feature","id":125492,"properties":{"OBJECTID":125492,"PRIMENAME":"24th Street South","ELEVTYP_F":0,"ELEVTYP_T":0},"geometry":{"type":"LineString","coordinates":[[-74.3815224382838,39.3990966343026],[-74.3816660598275,39.3992561388631],[-74.3825922804202,39.4002775268393],[-74.3827680251066,39.4004670987979]]}},{"type":"Feature","id":126242,"properties":{"OBJECTID":126242,"PRIMENAME":"Unnamed Segment","ELEVTYP_F":0,"ELEVTYP_T":0},"geometry":{"type":"LineString","coordinates":[[-74.3777163665117,39.399240852427],[-74.3769994503619,39.398459342616],[-74.3761659513176,39.3975350395196],[-74.3761173876578,39.397481447667]]}},{"type":"Feature","id":126261,"properties":{"OBJECTID":126261,"PRIMENAME":"Evans Boulevard","ELEVTYP_F":0,"ELEVTYP_T":0},"geometry":{"type":"LineString","coordinates":[[-74.3668770750407,39.4094011536437],[-74.3667485915819,39.4094025712503],[-74.3665490642436,39.4093902339787],[-74.3663175565982,39.4093689921318],[-74.3661323517738,39.4093627933501],[-74.365978383702,39.4093651149112]]}},{"type":"Feature","id":126335,"properties":{"OBJECTID":126335,"PRIMENAME":"Unnamed Segment","ELEVTYP_F":0,"ELEVTYP_T":0},"geometry":{"type":"LineString","coordinates":[[-74.4165870412535,39.374528617762],[-74.4163739152772,39.3742102194909]]}},{"type":"Feature","id":127042,"properties":{"OBJECTID":127042,"PRIMENAME":"Unnamed Segment","ELEVTYP_F":0,"ELEVTYP_T":0},"geometry":{"type":"LineString","coordinates":[[-74.3934894984529,39.3922944484624],[-74.3924396144998,39.3915564111504],[-74.3909602151569,39.3905023485506],[-74.390728102372,39.3903379132115]]}},{"type":"Feature","id":127593,"properties":{"OBJECTID":127593,"PRIMENAME":"Unnamed Segment","ELEVTYP_F":0,"ELEVTYP_T":0},"geometry":{"type":"LineString","coordinates":[[-74.3811499743719,39.3993037166316],[-74.3807750320044,39.3988858836812],[-74.3800501770197,39.3980931550543],[-74.3799767451061,39.3980112584524]]}},{"type":"Feature","id":127609,"properties":{"OBJECTID":127609,"PRIMENAME":"Sailfish Drive","ELEVTYP_F":0,"ELEVTYP_T":0},"geometry":{"type":"LineString","coordinates":[[-74.4042710247116,39.38655523252],[-74.4038701812298,39.3866808724824],[-74.4037484114685,39.3867195136565]]}},{"type":"Feature","id":127954,"properties":{"OBJECTID":127954,"PRIMENAME":"Royal Place","ELEVTYP_F":0,"ELEVTYP_T":0},"geometry":{"type":"LineString","coordinates":[[-74.3626335279143,39.4195280942966],[-74.3626823550024,39.4195037979127],[-74.3627307996459,39.4194944651461],[-74.3627832800847,39.4194851371197],[-74.3628760607011,39.4194852465174],[-74.3637219985088,39.4194827256292]]}},{"type":"Feature","id":128448,"properties":{"OBJECTID":128448,"PRIMENAME":"Unnamed Segment","ELEVTYP_F":0,"ELEVTYP_T":0},"geometry":{"type":"LineString","coordinates":[[-74.3796418421451,39.4001254499816],[-74.3789465677956,39.3993566327439],[-74.3784685237188,39.3988322911804]]}},{"type":"Feature","id":128719,"properties":{"OBJECTID":128719,"PRIMENAME":"Seaside Road","ELEVTYP_F":0,"ELEVTYP_T":0},"geometry":{"type":"LineString","coordinates":[[-74.4039422938676,39.3823935276564],[-74.4038313699155,39.3822950040644]]}},{"type":"Feature","id":129019,"properties":{"OBJECTID":129019,"PRIMENAME":"Unnamed Segment","ELEVTYP_F":0,"ELEVTYP_T":0},"geometry":{"type":"LineString","coordinates":[[-74.3869169401924,39.3933063913051],[-74.3867393259833,39.3931384311541],[-74.3861954723178,39.3926652629117],[-74.3852729542782,39.3918536195326],[-74.3851484004985,39.3917446317391]]}},{"type":"Feature","id":129067,"properties":{"OBJECTID":129067,"PRIMENAME":"North Connecticut Avenue","ELEVTYP_F":0,"ELEVTYP_T":0},"geometry":{"type":"LineString","coordinates":[[-74.4212515264867,39.3709843973772],[-74.4210363176559,39.3706605093079]]}},{"type":"Feature","id":129497,"properties":{"OBJECTID":129497,"PRIMENAME":"West Brigantine Avenue","ELEVTYP_F":0,"ELEVTYP_T":0},"geometry":{"type":"LineString","coordinates":[[-74.39042828063,39.3905931976549],[-74.3902464791285,39.3907480187603],[-74.3901249130419,39.3908510578697]]}},{"type":"Feature","id":129625,"properties":{"OBJECTID":129625,"PRIMENAME":"Ocean Avenue","ELEVTYP_F":0,"ELEVTYP_T":0},"geometry":{"type":"LineString","coordinates":[[-74.3891607827894,39.3887737119134],[-74.3894998269895,39.3885509770588]]}},{"type":"Feature","id":129728,"properties":{"OBJECTID":129728,"PRIMENAME":"Quay Circle","ELEVTYP_F":0,"ELEVTYP_T":0},"geometry":{"type":"LineString","coordinates":[[-74.368070644524,39.4126614980551],[-74.36805761513,39.4126836303744],[-74.3680239723623,39.4127301852495],[-74.3679898255111,39.4127626005691],[-74.3679390354492,39.4127985929853],[-74.3679021914919,39.4128152997508]]}},{"type":"Feature","id":129767,"properties":{"OBJECTID":129767,"PRIMENAME":"Lagoon Boulevard","ELEVTYP_F":0,"ELEVTYP_T":0},"geometry":{"type":"LineString","coordinates":[[-74.4106001973304,39.3818502224754],[-74.4102118553779,39.3819956901192]]}},{"type":"Feature","id":130163,"properties":{"OBJECTID":130163,"PRIMENAME":"Platt Avenue","ELEVTYP_F":0,"ELEVTYP_T":0},"geometry":{"type":"LineString","coordinates":[[-74.380383417518,39.4138454595746],[-74.3802035221308,39.4141213492471]]}},{"type":"Feature","id":130244,"properties":{"OBJECTID":130244,"PRIMENAME":"Revere Boulevard","ELEVTYP_F":0,"ELEVTYP_T":0},"geometry":{"type":"LineString","coordinates":[[-74.3865450889431,39.3956757501351],[-74.3861997934606,39.3959081896448]]}},{"type":"Feature","id":130572,"properties":{"OBJECTID":130572,"PRIMENAME":"Washington Drive","ELEVTYP_F":0,"ELEVTYP_T":0},"geometry":{"type":"LineString","coordinates":[[-74.3678150282676,39.4135755254308],[-74.3679110261892,39.4137890666306],[-74.3679521433857,39.413880530185],[-74.3680057615615,39.4139593084165],[-74.3680953427439,39.4140948526344],[-74.3680984485924,39.4140994961809],[-74.3681232658976,39.4141368913363],[-74.3682146435105,39.4142745804999],[-74.3684764198516,39.4146221462577],[-74.368564969685,39.414741984373],[-74.3686457400688,39.4148767489116],[-74.3687380933715,39.4150265464116],[-74.368834247709,39.4152062745208],[-74.3689341999495,39.4154189274849],[-74.3689918107877,39.4155597073444],[-74.3690532878261,39.415715426798],[-74.3691223957188,39.415898117563],[-74.3691722064063,39.4160837790418],[-74.3692259169395,39.4162664253938],[-74.3692564540191,39.4164430868794],[-74.3692907542006,39.4166706297902],[-74.3693288132233,39.4169700571748],[-74.3693357699137,39.4171117680989]]}},{"type":"Feature","id":131370,"properties":{"OBJECTID":131370,"PRIMENAME":"East Brigantine Avenue","ELEVTYP_F":0,"ELEVTYP_T":0},"geometry":{"type":"LineString","coordinates":[[-74.3557010910756,39.4132828320339],[-74.3550425014287,39.4137669495305]]}},{"type":"Feature","id":131545,"properties":{"OBJECTID":131545,"PRIMENAME":"East Brigantine Avenue","ELEVTYP_F":0,"ELEVTYP_T":0},"geometry":{"type":"LineString","coordinates":[[-74.3621203981238,39.4085761193127],[-74.3618997628652,39.4087329367165],[-74.3616373320932,39.4089233651534],[-74.3614853411522,39.4090354809266]]}},{"type":"Feature","id":131867,"properties":{"OBJECTID":131867,"PRIMENAME":"22nd Street South","ELEVTYP_F":0,"ELEVTYP_T":0},"geometry":{"type":"LineString","coordinates":[[-74.3771972298697,39.3968083697548],[-74.3775100988941,39.3971483097019],[-74.378339583135,39.3980694687477],[-74.3788490596303,39.3986267364738]]}},{"type":"Feature","id":131912,"properties":{"OBJECTID":131912,"PRIMENAME":"North Rhode Island Avenue","ELEVTYP_F":0,"ELEVTYP_T":0},"geometry":{"type":"LineString","coordinates":[[-74.41872129417,39.3720137925368],[-74.4184935808342,39.3716795047781],[-74.4182754455521,39.3713592704785]]}},{"type":"Feature","id":132278,"properties":{"OBJECTID":132278,"PRIMENAME":"Liberty Avenue","ELEVTYP_F":0,"ELEVTYP_T":0},"geometry":{"type":"LineString","coordinates":[[-74.4160735872938,39.3747361377961],[-74.4165870412535,39.374528617762]]}},{"type":"Feature","id":133321,"properties":{"OBJECTID":133321,"PRIMENAME":"Ocean Drive South","ELEVTYP_F":0,"ELEVTYP_T":0},"geometry":{"type":"LineString","coordinates":[[-74.4054896033839,39.3786546793423],[-74.4053425420022,39.3788063952628],[-74.4050779134759,39.3790652606733]]}},{"type":"Feature","id":133340,"properties":{"OBJECTID":133340,"PRIMENAME":"Sheridan Boulevard","ELEVTYP_F":0,"ELEVTYP_T":0},"geometry":{"type":"LineString","coordinates":[[-74.3781897211147,39.4142386395157],[-74.3782564921587,39.4142107035075],[-74.3783530668191,39.4141419437034],[-74.3784381182586,39.4140641934953],[-74.3785000047083,39.4139953973166],[-74.3785500110873,39.4139185166255],[-74.3786083143178,39.41383387426],[-74.3786934584515,39.4137022542571],[-74.3787288926581,39.4136393882653]]}},{"type":"Feature","id":133341,"properties":{"OBJECTID":133341,"PRIMENAME":"45th Street South","ELEVTYP_F":0,"ELEVTYP_T":0},"geometry":{"type":"LineString","coordinates":[[-74.3953727790726,39.3885279613339],[-74.39530215633,39.3884781463504],[-74.3951259708067,39.3883439172759],[-74.3947202640404,39.3880619556489]]}},{"type":"Feature","id":133624,"properties":{"OBJECTID":133624,"PRIMENAME":"East Shore Drive","ELEVTYP_F":0,"ELEVTYP_T":0},"geometry":{"type":"LineString","coordinates":[[-74.3653232786326,39.4154720231551],[-74.3651755552938,39.4157348849263],[-74.3650986616995,39.415850579289],[-74.365051951536,39.4158984089712]]}},{"type":"Feature","id":133696,"properties":{"OBJECTID":133696,"PRIMENAME":"Anchorage Court","ELEVTYP_F":0,"ELEVTYP_T":0},"geometry":{"type":"LineString","coordinates":[[-74.4189848860184,39.373101559183],[-74.419086215186,39.3732551831291],[-74.4192608343506,39.3735199229099],[-74.4194740759913,39.3738432119036],[-74.419654558395,39.3741168307798],[-74.4196557634543,39.3741185764757]]}},{"type":"Feature","id":133923,"properties":{"OBJECTID":133923,"PRIMENAME":"West Brigantine Avenue","ELEVTYP_F":0,"ELEVTYP_T":0},"geometry":{"type":"LineString","coordinates":[[-74.3892333979331,39.391611693317],[-74.3889638790678,39.3918511053721],[-74.3889389712066,39.3918717010143]]}},{"type":"Feature","id":134337,"properties":{"OBJECTID":134337,"PRIMENAME":"Parkside Avenue","ELEVTYP_F":0,"ELEVTYP_T":0},"geometry":{"type":"LineString","coordinates":[[-74.4180626913833,39.3759683533683],[-74.418200019346,39.37591334491]]}},{"type":"Feature","id":134477,"properties":{"OBJECTID":134477,"PRIMENAME":"Unnamed Segment","ELEVTYP_F":0,"ELEVTYP_T":0},"geometry":{"type":"LineString","coordinates":[[-74.378275628782,39.3961394806696],[-74.3780931692976,39.3959375393363],[-74.3776461749104,39.3954612755032]]}},{"type":"Feature","id":135157,"properties":{"OBJECTID":135157,"PRIMENAME":"Lagoon Boulevard","ELEVTYP_F":0,"ELEVTYP_T":0},"geometry":{"type":"LineString","coordinates":[[-74.4078584608787,39.3828644452111],[-74.4072752867233,39.3831019487742],[-74.4069078679031,39.383253627677],[-74.4066339810105,39.3833629876745],[-74.4065129427128,39.3834165406904],[-74.4064612239571,39.3834364051358]]}},{"type":"Feature","id":135686,"properties":{"OBJECTID":135686,"PRIMENAME":"Unnamed Segment","ELEVTYP_F":0,"ELEVTYP_T":0},"geometry":{"type":"LineString","coordinates":[[-74.3964814713908,39.392552772748],[-74.3973720953202,39.3925491225327]]}},{"type":"Feature","id":136178,"properties":{"OBJECTID":136178,"PRIMENAME":"Unnamed Segment","ELEVTYP_F":0,"ELEVTYP_T":0},"geometry":{"type":"LineString","coordinates":[[-74.4163739152772,39.3742102194909],[-74.4158654273317,39.3744262304942]]}},{"type":"Feature","id":137463,"properties":{"OBJECTID":137463,"PRIMENAME":"Drexel Avenue","ELEVTYP_F":0,"ELEVTYP_T":0},"geometry":{"type":"LineString","coordinates":[[-74.4173306047584,39.3725713505946],[-74.4170097390329,39.3726999899454],[-74.4169069992762,39.3727412231631]]}},{"type":"Feature","id":138283,"properties":{"OBJECTID":138283,"PRIMENAME":"Unnamed Segment","ELEVTYP_F":0,"ELEVTYP_T":0},"geometry":{"type":"LineString","coordinates":[[-74.382744213813,39.3982652801774],[-74.383828633437,39.3992176000857],[-74.3840313716625,39.3993920411051]]}},{"type":"Feature","id":139211,"properties":{"OBJECTID":139211,"PRIMENAME":"Caspian Avenue","ELEVTYP_F":0,"ELEVTYP_T":0},"geometry":{"type":"LineString","coordinates":[[-74.4174408971602,39.3750116810013],[-74.417178485686,39.3751209092837],[-74.4170258247808,39.3751820698362]]}},{"type":"Feature","id":140606,"properties":{"OBJECTID":140606,"PRIMENAME":"Atlantic Brigantine Boulevard","ELEVTYP_F":0,"ELEVTYP_T":0},"geometry":{"type":"LineString","coordinates":[[-74.3856434182939,39.3949214864085],[-74.3854342033042,39.3949269097218],[-74.3852608306653,39.3949347839653],[-74.3852376434242,39.3949362996708],[-74.3851107394036,39.3949446023558]]}},{"type":"Feature","id":141488,"properties":{"OBJECTID":141488,"PRIMENAME":"Alberta Drive","ELEVTYP_F":0,"ELEVTYP_T":0},"geometry":{"type":"LineString","coordinates":[[-74.4049934516459,39.3847120586125],[-74.4048683675297,39.3846153360044]]}},{"type":"Feature","id":143440,"properties":{"OBJECTID":143440,"PRIMENAME":"Atlantic Brigantine Boulevard","ELEVTYP_F":0,"ELEVTYP_T":0},"geometry":{"type":"LineString","coordinates":[[-74.3877013388565,39.3948641115971],[-74.3876752736736,39.3948648737403],[-74.3874633321026,39.3948708745847]]}},{"type":"Feature","id":144268,"properties":{"OBJECTID":144268,"PRIMENAME":"Unnamed Segment","ELEVTYP_F":0,"ELEVTYP_T":0},"geometry":{"type":"LineString","coordinates":[[-74.4160735872938,39.3747361377961],[-74.4162763017075,39.3750483702795]]}},{"type":"Feature","id":144533,"properties":{"OBJECTID":144533,"PRIMENAME":"West Brigantine Avenue","ELEVTYP_F":0,"ELEVTYP_T":0},"geometry":{"type":"LineString","coordinates":[[-74.3660576179806,39.405615884126],[-74.365486638565,39.4059286684963],[-74.3653075766,39.406026673986]]}},{"type":"Feature","id":145979,"properties":{"OBJECTID":145979,"PRIMENAME":"East Evans Boulevard","ELEVTYP_F":0,"ELEVTYP_T":0},"geometry":{"type":"LineString","coordinates":[[-74.3615639267062,39.4133614527078],[-74.3610844212714,39.4137157561556]]}},{"type":"Feature","id":146049,"properties":{"OBJECTID":146049,"PRIMENAME":"Unnamed Segment","ELEVTYP_F":0,"ELEVTYP_T":0},"geometry":{"type":"LineString","coordinates":[[-74.3895299389603,39.3913552837818],[-74.3885304490652,39.3906485321704],[-74.3875546243547,39.3899584875809]]}},{"type":"Feature","id":147088,"properties":{"OBJECTID":147088,"PRIMENAME":"Saint Charles Place","ELEVTYP_F":0,"ELEVTYP_T":0},"geometry":{"type":"LineString","coordinates":[[-74.4138940360009,39.3714803730515],[-74.4138912383585,39.371476151598],[-74.4136671084045,39.371137892569]]}},{"type":"Feature","id":148736,"properties":{"OBJECTID":148736,"PRIMENAME":"44th Street South","ELEVTYP_F":0,"ELEVTYP_T":0},"geometry":{"type":"LineString","coordinates":[[-74.3934016403766,39.3880596570389],[-74.3941069909217,39.3885608622155],[-74.3950958370072,39.3892572054466],[-74.3956099889018,39.3896207813839],[-74.3959587970199,39.3898640849875],[-74.3960367732849,39.3899187929977]]}},{"type":"Feature","id":149064,"properties":{"OBJECTID":149064,"PRIMENAME":"Evans Boulevard","ELEVTYP_F":0,"ELEVTYP_T":0},"geometry":{"type":"LineString","coordinates":[[-74.3653530820599,39.4094765246894],[-74.3649504414315,39.4096373924602]]}},{"type":"Feature","id":149187,"properties":{"OBJECTID":149187,"PRIMENAME":"Atlantic Avenue","ELEVTYP_F":0,"ELEVTYP_T":0},"geometry":{"type":"LineString","coordinates":[[-74.4129791123066,39.3682354451388],[-74.4123077798973,39.3685053620366]]}},{"type":"Feature","id":149669,"properties":{"OBJECTID":149669,"PRIMENAME":"Travers Place","ELEVTYP_F":0,"ELEVTYP_T":0},"geometry":{"type":"LineString","coordinates":[[-74.3682247411148,39.4219405415529],[-74.368125959483,39.4218733263489],[-74.3680534298114,39.4218325540861],[-74.3679647168707,39.4217948927894],[-74.3678921111721,39.4217760295888],[-74.3678275644054,39.4217634369577],[-74.367754923286,39.4217633544034],[-74.367666104054,39.4217820332728],[-74.3675691543541,39.4218132230334],[-74.3674600923999,39.4218663099646],[-74.3674352915192,39.4218772363304]]}},{"type":"Feature","id":152165,"properties":{"OBJECTID":152165,"PRIMENAME":"Caravel Court","ELEVTYP_F":0,"ELEVTYP_T":0},"geometry":{"type":"LineString","coordinates":[[-74.4176095725447,39.3724595077864],[-74.4173320330944,39.3720638050644],[-74.4171133296164,39.3721579388384]]}},{"type":"Feature","id":152198,"properties":{"OBJECTID":152198,"PRIMENAME":"Marsden Place","ELEVTYP_F":0,"ELEVTYP_T":0},"geometry":{"type":"LineString","coordinates":[[-74.3815175450532,39.4158559392436],[-74.3820431743809,39.4156579909505],[-74.382328452046,39.4155454887884]]}},{"type":"Feature","id":152203,"properties":{"OBJECTID":152203,"PRIMENAME":"44th Street","ELEVTYP_F":0,"ELEVTYP_T":0},"geometry":{"type":"LineString","coordinates":[[-74.3965316405092,39.3941387643381],[-74.3965315792973,39.3941369761874],[-74.3965182762099,39.3937437399181],[-74.3965085850928,39.393575183625],[-74.3964985076928,39.3934056595189],[-74.3964909638154,39.3932681603518]]}},{"type":"Feature","id":152259,"properties":{"OBJECTID":152259,"PRIMENAME":"East Beach Avenue","ELEVTYP_F":0,"ELEVTYP_T":0},"geometry":{"type":"LineString","coordinates":[[-74.364443286616,39.4096145906888],[-74.3644338685952,39.4096232436396],[-74.3644249642035,39.4096322178659],[-74.36441659163,39.4096414950363],[-74.3644087679774,39.4096510562005],[-74.364401509227,39.409660881828],[-74.3643948302065,39.4096709518484],[-74.3643887445593,39.4096812456916],[-74.3643832647167,39.4096917423306],[-74.3643784018724,39.4097024203242],[-74.3643741659602,39.4097132578605],[-74.3643705656328,39.4097242328018],[-74.3643676082449,39.4097353227298],[-74.364365299838,39.4097465049912],[-74.3643636451276,39.4097577567442],[-74.364362647494,39.4097690550048],[-74.3643623089756,39.4097803766942],[-74.3643626302641,39.4097916986857],[-74.3643636107035,39.409802997852],[-74.3643652482914,39.4098142511123],[-74.364367539683,39.4098254354796],[-74.3643704801981,39.4098365281077],[-74.3643740638303,39.4098475063376],[-74.3643782832596,39.4098583477443],[-74.3643831298674,39.4098690301819],[-74.3643885937538,39.4098795318295],[-74.364394663758,39.4098898312353],[-74.3644013274809,39.4098999073606],[-74.3644085713109,39.4099097396231],[-74.3644163804512,39.4099193079383],[-74.3644247389503,39.4099285927608],[-74.3644336297344,39.4099375751248],[-74.3644430346425,39.4099462366816]]}},{"type":"Feature","id":153873,"properties":{"OBJECTID":153873,"PRIMENAME":"North Maine Avenue","ELEVTYP_F":0,"ELEVTYP_T":0},"geometry":{"type":"LineString","coordinates":[[-74.4116582786411,39.3687664781144],[-74.4116406739305,39.3687861239863],[-74.4116377092035,39.3688087734569],[-74.4116362256823,39.3688348291068],[-74.4116478599129,39.3688654239795],[-74.4116755047369,39.3689073442527],[-74.4118400752183,39.3691509547685],[-74.4121442771573,39.3696119904772],[-74.4126397294708,39.3703460057867]]}},{"type":"Feature","id":155036,"properties":{"OBJECTID":155036,"PRIMENAME":"Unnamed Segment","ELEVTYP_F":0,"ELEVTYP_T":0},"geometry":{"type":"LineString","coordinates":[[-74.4052893667369,39.3830190723394],[-74.4045737517378,39.3836088254045]]}},{"type":"Feature","id":157362,"properties":{"OBJECTID":157362,"PRIMENAME":"Adriatic Avenue","ELEVTYP_F":0,"ELEVTYP_T":0},"geometry":{"type":"LineString","coordinates":[[-74.4165613552515,39.3737103771214],[-74.4166193279518,39.3736875192481],[-74.4166745045201,39.3736657583287]]}},{"type":"Feature","id":157814,"properties":{"OBJECTID":157814,"PRIMENAME":"North New Hampshire Avenue","ELEVTYP_F":0,"ELEVTYP_T":0},"geometry":{"type":"LineString","coordinates":[[-74.4162317064675,39.3730122460239],[-74.4160304720213,39.3727184899863],[-74.415789013537,39.3723660087634]]}},{"type":"Feature","id":158421,"properties":{"OBJECTID":158421,"PRIMENAME":"Unnamed Segment","ELEVTYP_F":0,"ELEVTYP_T":0},"geometry":{"type":"LineString","coordinates":[[-74.382770637403,39.3961366007557],[-74.3826518492226,39.3960267369927],[-74.3820717618247,39.3955127950295],[-74.3815964358917,39.3950991189741],[-74.3809801047172,39.3945569646643],[-74.3809111354967,39.394495089033]]}},{"type":"Feature","id":159236,"properties":{"OBJECTID":159236,"PRIMENAME":"Unnamed Segment","ELEVTYP_F":0,"ELEVTYP_T":0},"geometry":{"type":"LineString","coordinates":[[-74.3642323504254,39.4094074603375],[-74.364350004972,39.40933203654]]}},{"type":"Feature","id":159553,"properties":{"OBJECTID":159553,"PRIMENAME":"Unnamed Segment","ELEVTYP_F":0,"ELEVTYP_T":0},"geometry":{"type":"LineString","coordinates":[[-74.3855353141574,39.394249106482],[-74.3851203746081,39.3938818784128],[-74.3841737258313,39.3930451891279],[-74.3837854042434,39.3927027206095]]}},{"type":"Feature","id":159657,"properties":{"OBJECTID":159657,"PRIMENAME":"Lagoon Boulevard","ELEVTYP_F":0,"ELEVTYP_T":0},"geometry":{"type":"LineString","coordinates":[[-74.4034152602508,39.3891757241926],[-74.4032579316395,39.3892873968992],[-74.4030189636902,39.3894296701798],[-74.4028291263518,39.3895340114759],[-74.4026606855998,39.389619425534]]}},{"type":"Feature","id":160065,"properties":{"OBJECTID":160065,"PRIMENAME":"Franklin Place","ELEVTYP_F":0,"ELEVTYP_T":0},"geometry":{"type":"LineString","coordinates":[[-74.3666440604401,39.4108586339745],[-74.3665686632471,39.4112522184203],[-74.3665492641631,39.411309085374],[-74.3665221668766,39.4113569390827],[-74.366504589827,39.4113863516958]]}},{"type":"Feature","id":160154,"properties":{"OBJECTID":160154,"PRIMENAME":"3rd Street North","ELEVTYP_F":0,"ELEVTYP_T":0},"geometry":{"type":"LineString","coordinates":[[-74.361174744159,39.4087762509679],[-74.3614853411522,39.4090354809266]]}},{"type":"Feature","id":160996,"properties":{"OBJECTID":160996,"PRIMENAME":"44th Street South","ELEVTYP_F":0,"ELEVTYP_T":0},"geometry":{"type":"LineString","coordinates":[[-74.3960367732849,39.3899187929977],[-74.3961421798864,39.3899927179885],[-74.3962392287092,39.3900710286551],[-74.3963290663827,39.3901688541549],[-74.3963901360302,39.3902666539713],[-74.3964295957682,39.3903588603415],[-74.3964546274834,39.3904678304454],[-74.3964648808692,39.3908085761448],[-74.3964617793762,39.3911114743458]]}},{"type":"Feature","id":161041,"properties":{"OBJECTID":161041,"PRIMENAME":"14th Street North","ELEVTYP_F":0,"ELEVTYP_T":0},"geometry":{"type":"LineString","coordinates":[[-74.3552836017031,39.4149522097977],[-74.3544094256605,39.4142332205958]]}},{"type":"Feature","id":161171,"properties":{"OBJECTID":161171,"PRIMENAME":"8th Street North","ELEVTYP_F":0,"ELEVTYP_T":0},"geometry":{"type":"LineString","coordinates":[[-74.3595720596386,39.4124746923998],[-74.3596706873712,39.4125552592447]]}},{"type":"Feature","id":161297,"properties":{"OBJECTID":161297,"PRIMENAME":"Unnamed Segment","ELEVTYP_F":0,"ELEVTYP_T":0},"geometry":{"type":"LineString","coordinates":[[-74.3771743901576,39.4023657409071],[-74.3768963411468,39.4020558474433],[-74.3766325528383,39.4017683452647]]}},{"type":"Feature","id":161407,"properties":{"OBJECTID":161407,"PRIMENAME":"25th Street South","ELEVTYP_F":0,"ELEVTYP_T":0},"geometry":{"type":"LineString","coordinates":[[-74.3824027786283,39.3985020504619],[-74.3837120304441,39.3996636523475]]}},{"type":"Feature","id":161513,"properties":{"OBJECTID":161513,"PRIMENAME":"Grammercy Place","ELEVTYP_F":0,"ELEVTYP_T":0},"geometry":{"type":"LineString","coordinates":[[-74.4140523105425,39.3697572887273],[-74.4139910836542,39.3697820913808],[-74.4139210436719,39.3698104573857]]}},{"type":"Feature","id":161718,"properties":{"OBJECTID":161718,"PRIMENAME":"Brigantine Boulevard","ELEVTYP_F":0,"ELEVTYP_T":1},"geometry":{"type":"LineString","coordinates":[[-74.4214698020105,39.3856566107611],[-74.4218581861538,39.3854362261983],[-74.4231227742615,39.3847252005532],[-74.4235255608635,39.3844971459363],[-74.4249822114377,39.3836723821732],[-74.4250032763176,39.3836604798909]]}},{"type":"Feature","id":162260,"properties":{"OBJECTID":162260,"PRIMENAME":"24th Street South","ELEVTYP_F":0,"ELEVTYP_T":0},"geometry":{"type":"LineString","coordinates":[[-74.3827680251066,39.4004670987979],[-74.3830715455792,39.4007944939164]]}},{"type":"Feature","id":162421,"properties":{"OBJECTID":162421,"PRIMENAME":"Delmar Drive","ELEVTYP_F":0,"ELEVTYP_T":0},"geometry":{"type":"LineString","coordinates":[[-74.4032947458202,39.3847638698666],[-74.4032335004221,39.3847898207059],[-74.4029707176932,39.3848941836113],[-74.4028393427238,39.38494772417],[-74.4027667261723,39.3849825066743],[-74.4027148402707,39.3850199962722],[-74.4026802599527,39.3850548366394],[-74.402649073738,39.3851164788014],[-74.4026384484786,39.3851492799528]]}},{"type":"Feature","id":162593,"properties":{"OBJECTID":162593,"PRIMENAME":"39th Street South","ELEVTYP_F":0,"ELEVTYP_T":0},"geometry":{"type":"LineString","coordinates":[[-74.388514458554,39.3892457323664],[-74.3889287027537,39.3895321989137],[-74.39042828063,39.3905931976549]]}},{"type":"Feature","id":162698,"properties":{"OBJECTID":162698,"PRIMENAME":"Sarazen Road","ELEVTYP_F":0,"ELEVTYP_T":0},"geometry":{"type":"LineString","coordinates":[[-74.3768473798312,39.416773900883],[-74.3761603405155,39.4164366108709],[-74.3757094804585,39.4162177687995]]}},{"type":"Feature","id":163208,"properties":{"OBJECTID":163208,"PRIMENAME":"11th Street North","ELEVTYP_F":0,"ELEVTYP_T":0},"geometry":{"type":"LineString","coordinates":[[-74.3591568713214,39.4151305756037],[-74.3582494961933,39.4143838385019],[-74.3576525995549,39.4138986130975]]}},{"type":"Feature","id":163231,"properties":{"OBJECTID":163231,"PRIMENAME":"West Brigantine Avenue","ELEVTYP_F":0,"ELEVTYP_T":0},"geometry":{"type":"LineString","coordinates":[[-74.3824273380541,39.3963731495299],[-74.3820821929068,39.3966109583367]]}},{"type":"Feature","id":163527,"properties":{"OBJECTID":163527,"PRIMENAME":"Franklin Place","ELEVTYP_F":0,"ELEVTYP_T":0},"geometry":{"type":"LineString","coordinates":[[-74.366504589827,39.4113863516958],[-74.3664989442962,39.4113958450679],[-74.3664609606786,39.4114355313152]]}},{"type":"Feature","id":163946,"properties":{"OBJECTID":163946,"PRIMENAME":"West Brigantine Avenue","ELEVTYP_F":0,"ELEVTYP_T":0},"geometry":{"type":"LineString","coordinates":[[-74.3895299389603,39.3913552837818],[-74.3893590492083,39.3915000923875],[-74.3892333979331,39.391611693317]]}},{"type":"Feature","id":164062,"properties":{"OBJECTID":164062,"PRIMENAME":"Grammercy Place","ELEVTYP_F":0,"ELEVTYP_T":0},"geometry":{"type":"LineString","coordinates":[[-74.4135368736012,39.3699660384988],[-74.4134420520519,39.3700044406184],[-74.4133417135157,39.3700471705378]]}},{"type":"Feature","id":164080,"properties":{"OBJECTID":164080,"PRIMENAME":"Girard Place","ELEVTYP_F":0,"ELEVTYP_T":0},"geometry":{"type":"LineString","coordinates":[[-74.3673338734772,39.4121823852812],[-74.3672275600774,39.4122574691855]]}},{"type":"Feature","id":164109,"properties":{"OBJECTID":164109,"PRIMENAME":"North New Jersey Avenue","ELEVTYP_F":0,"ELEVTYP_T":0},"geometry":{"type":"LineString","coordinates":[[-74.4209714375538,39.3681979559165],[-74.421194148401,39.3685301151373]]}},{"type":"Feature","id":164363,"properties":{"OBJECTID":164363,"PRIMENAME":"Bayshore Avenue","ELEVTYP_F":0,"ELEVTYP_T":0},"geometry":{"type":"LineString","coordinates":[[-74.3751819125984,39.4032563411015],[-74.3751029669126,39.4033091650213],[-74.3750558672746,39.4033456320868]]}},{"type":"Feature","id":165041,"properties":{"OBJECTID":165041,"PRIMENAME":"8th Street North","ELEVTYP_F":0,"ELEVTYP_T":0},"geometry":{"type":"LineString","coordinates":[[-74.3582666508645,39.4114007966359],[-74.3592874387078,39.412241603126]]}},{"type":"Feature","id":165696,"properties":{"OBJECTID":165696,"PRIMENAME":"Ontario Avenue","ELEVTYP_F":0,"ELEVTYP_T":0},"geometry":{"type":"LineString","coordinates":[[-74.4062055175233,39.3820424741342],[-74.4064647868817,39.3819071565514],[-74.4068313025083,39.3817116846969],[-74.4069004812903,39.3816768977847],[-74.4069627043115,39.3816581675441],[-74.4070110720373,39.3816555154973],[-74.4070559943213,39.3816635955852],[-74.407097462923,39.3816877630975],[-74.4071388429562,39.3817253570394],[-74.4071905678083,39.3818058465963],[-74.407811229906,39.3827823948255],[-74.4078584608787,39.3828644452111]]}},{"type":"Feature","id":165727,"properties":{"OBJECTID":165727,"PRIMENAME":"Brigantine Avenue","ELEVTYP_F":0,"ELEVTYP_T":0},"geometry":{"type":"LineString","coordinates":[[-74.3845015055237,39.3949548169533],[-74.3843995766111,39.3950255909829],[-74.3841582485269,39.3951931554231]]}},{"type":"Feature","id":165816,"properties":{"OBJECTID":165816,"PRIMENAME":"Sheridan Boulevard","ELEVTYP_F":0,"ELEVTYP_T":0},"geometry":{"type":"LineString","coordinates":[[-74.3653232786326,39.4154720231551],[-74.3652863481013,39.4158458270561],[-74.3652852972831,39.4159133138171]]}},{"type":"Feature","id":165863,"properties":{"OBJECTID":165863,"PRIMENAME":"West Shore Drive","ELEVTYP_F":0,"ELEVTYP_T":0},"geometry":{"type":"LineString","coordinates":[[-74.3706136510478,39.4104771599077],[-74.3706609829099,39.4104722157913],[-74.3708357415468,39.4104448165921],[-74.3710169855062,39.4104123987491],[-74.3711594162068,39.4103723880299],[-74.3713147700462,39.4103298926078],[-74.3714895925867,39.4102673477267],[-74.3716450130468,39.4102072800016],[-74.371803663691,39.4101421909567],[-74.3719461576276,39.4100670615949],[-74.3720620462377,39.4100046986891]]}},{"type":"Feature","id":166097,"properties":{"OBJECTID":166097,"PRIMENAME":"Unnamed Segment","ELEVTYP_F":0,"ELEVTYP_T":0},"geometry":{"type":"LineString","coordinates":[[-74.3780853138767,39.402137354593],[-74.3779253459596,39.4019567695748],[-74.3773819866682,39.4013580579075]]}},{"type":"Feature","id":166561,"properties":{"OBJECTID":166561,"PRIMENAME":"22nd Street South","ELEVTYP_F":0,"ELEVTYP_T":0},"geometry":{"type":"LineString","coordinates":[[-74.3788490596303,39.3986267364738],[-74.379193307871,39.39900316628],[-74.3799584081293,39.3998522553588],[-74.3800195513698,39.399919669675]]}},{"type":"Feature","id":166675,"properties":{"OBJECTID":166675,"PRIMENAME":"South Saint Katherine Place","ELEVTYP_F":0,"ELEVTYP_T":0},"geometry":{"type":"LineString","coordinates":[[-74.4123077798973,39.3685053620366],[-74.4121216029341,39.3682289248025],[-74.411783824854,39.3677217916393]]}},{"type":"Feature","id":166738,"properties":{"OBJECTID":166738,"PRIMENAME":"Putnum Place","ELEVTYP_F":0,"ELEVTYP_T":0},"geometry":{"type":"LineString","coordinates":[[-74.3663907573934,39.411461562239],[-74.3663173911408,39.4114764690944],[-74.3662517922539,39.4114823786225],[-74.366151453113,39.4114792707654],[-74.3656971873337,39.4114451951086]]}},{"type":"Feature","id":166762,"properties":{"OBJECTID":166762,"PRIMENAME":"Ocean Avenue","ELEVTYP_F":0,"ELEVTYP_T":0},"geometry":{"type":"LineString","coordinates":[[-74.3827051539287,39.393378303676],[-74.3828329962741,39.3932982041576],[-74.3830678501026,39.393151356202]]}},{"type":"Feature","id":166810,"properties":{"OBJECTID":166810,"PRIMENAME":"West Brigantine Avenue","ELEVTYP_F":0,"ELEVTYP_T":0},"geometry":{"type":"LineString","coordinates":[[-74.3743317449368,39.4010906987383],[-74.3739506820682,39.4012987647503]]}},{"type":"Feature","id":166883,"properties":{"OBJECTID":166883,"PRIMENAME":"Unnamed Segment","ELEVTYP_F":0,"ELEVTYP_T":0},"geometry":{"type":"LineString","coordinates":[[-74.3599434797727,39.4117812998815],[-74.3592874387078,39.412241603126]]}},{"type":"Feature","id":167098,"properties":{"OBJECTID":167098,"PRIMENAME":"Ocean Avenue","ELEVTYP_F":0,"ELEVTYP_T":0},"geometry":{"type":"LineString","coordinates":[[-74.3764724008512,39.3972605256177],[-74.3767861749071,39.3970653407107],[-74.3768342845478,39.3970352435538]]}},{"type":"Feature","id":167606,"properties":{"OBJECTID":167606,"PRIMENAME":"Harbor Beach Cove","ELEVTYP_F":0,"ELEVTYP_T":0},"geometry":{"type":"LineString","coordinates":[[-74.4093595337794,39.383017596397],[-74.4091206991129,39.3828933889556],[-74.4089825536873,39.3828262321954],[-74.4089066226502,39.3827752132855],[-74.4088582879777,39.3827242429677],[-74.4088084058982,39.3826395002005]]}},{"type":"Feature","id":168406,"properties":{"OBJECTID":168406,"PRIMENAME":"Atlantic Brigantine Boulevard","ELEVTYP_F":0,"ELEVTYP_T":0},"geometry":{"type":"LineString","coordinates":[[-74.4159302662845,39.3887066235701],[-74.4162357632609,39.3885622844898],[-74.4165179345673,39.388423941646],[-74.4167477093406,39.3883077150397]]}},{"type":"Feature","id":168518,"properties":{"OBJECTID":168518,"PRIMENAME":"2nd Street South","ELEVTYP_F":0,"ELEVTYP_T":0},"geometry":{"type":"LineString","coordinates":[[-74.3639368545761,39.4069984667602],[-74.3645033677226,39.4076306269619],[-74.3645590642681,39.4076918121188]]}},{"type":"Feature","id":168696,"properties":{"OBJECTID":168696,"PRIMENAME":"Brigantine Avenue","ELEVTYP_F":0,"ELEVTYP_T":0},"geometry":{"type":"LineString","coordinates":[[-74.3841582485269,39.3951931554231],[-74.3840492031733,39.3952688818834]]}},{"type":"Feature","id":168734,"properties":{"OBJECTID":168734,"PRIMENAME":"Clipper Court","ELEVTYP_F":0,"ELEVTYP_T":0},"geometry":{"type":"LineString","coordinates":[[-74.4180038787841,39.3723014234003],[-74.4180118428021,39.3723143682123],[-74.418271400897,39.3727181963679],[-74.4186912927618,39.3725520753064],[-74.4184271817338,39.3721376243615],[-74.4184241603559,39.3721329218293]]}},{"type":"Feature","id":168754,"properties":{"OBJECTID":168754,"PRIMENAME":"26th Street South","ELEVTYP_F":0,"ELEVTYP_T":0},"geometry":{"type":"LineString","coordinates":[[-74.3798300880397,39.3951699309179],[-74.3804254746521,39.3956863707066],[-74.3817414391757,39.3968457231533]]}},{"type":"Feature","id":169040,"properties":{"OBJECTID":169040,"PRIMENAME":"14th Street South","ELEVTYP_F":0,"ELEVTYP_T":0},"geometry":{"type":"LineString","coordinates":[[-74.3745360985547,39.4038094995152],[-74.3743459733485,39.4035946943527]]}},{"type":"Feature","id":169312,"properties":{"OBJECTID":169312,"PRIMENAME":"16th Street South","ELEVTYP_F":0,"ELEVTYP_T":0},"geometry":{"type":"LineString","coordinates":[[-74.3728379810621,39.3994506348303],[-74.373442044534,39.4001114037798],[-74.3743317449368,39.4010906987383]]}},{"type":"Feature","id":169320,"properties":{"OBJECTID":169320,"PRIMENAME":"30th Street South","ELEVTYP_F":0,"ELEVTYP_T":0},"geometry":{"type":"LineString","coordinates":[[-74.3846031645563,39.395044920744],[-74.3852546795561,39.395622399343],[-74.3858488272382,39.3961444662858]]}},{"type":"Feature","id":169458,"properties":{"OBJECTID":169458,"PRIMENAME":"Unnamed Segment","ELEVTYP_F":0,"ELEVTYP_T":0},"geometry":{"type":"LineString","coordinates":[[-74.3976347160609,39.3932594768423],[-74.3975811572805,39.3932598846174],[-74.3974752656998,39.3932606885625]]}},{"type":"Feature","id":169516,"properties":{"OBJECTID":169516,"PRIMENAME":"Unnamed Segment","ELEVTYP_F":0,"ELEVTYP_T":0},"geometry":{"type":"LineString","coordinates":[[-74.4045737517378,39.3836088254045],[-74.4036388065944,39.3825505673696]]}},{"type":"Feature","id":170054,"properties":{"OBJECTID":170054,"PRIMENAME":"Roosevelt Boulevard","ELEVTYP_F":0,"ELEVTYP_T":0},"geometry":{"type":"LineString","coordinates":[[-74.3673338734772,39.4121823852812],[-74.3671965160649,39.4120456049572],[-74.366504589827,39.4113863516958]]}},{"type":"Feature","id":170062,"properties":{"OBJECTID":170062,"PRIMENAME":"Bayshore Avenue","ELEVTYP_F":0,"ELEVTYP_T":0},"geometry":{"type":"LineString","coordinates":[[-74.386524542929,39.3972616481848],[-74.3862019965018,39.3975363926359]]}},{"type":"Feature","id":170184,"properties":{"OBJECTID":170184,"PRIMENAME":"Cummings Place","ELEVTYP_F":0,"ELEVTYP_T":0},"geometry":{"type":"LineString","coordinates":[[-74.3731778237815,39.4141045405976],[-74.3730682986656,39.4140505784809],[-74.3727000169942,39.4138659163577],[-74.3725813778778,39.4138022520905],[-74.3724912999772,39.4137799135251],[-74.3724257869939,39.4137766564719],[-74.3723643107029,39.4137924863775],[-74.3723192226397,39.4138273618555],[-74.3722781641559,39.4138654539959],[-74.3722576303377,39.4139067259669],[-74.3722493203472,39.4139797781014],[-74.3722776830253,39.4141291449152],[-74.3723791118516,39.4146629554989],[-74.3724909255335,39.4152095164521]]}},{"type":"Feature","id":170248,"properties":{"OBJECTID":170248,"PRIMENAME":"FR RAMP A100170 to RT 87 SB","ELEVTYP_F":0,"ELEVTYP_T":0},"geometry":{"type":"LineString","coordinates":[[-74.4192574159597,39.3871963972872],[-74.4192554697913,39.3872049607938],[-74.4192315720307,39.3872788850113],[-74.4191679251279,39.387365137063],[-74.4190765272245,39.3874297882895],[-74.4189652508437,39.3874882487798],[-74.4187149290483,39.3876298321084],[-74.4183215297265,39.3878514339693],[-74.4179479859428,39.3880668698709],[-74.417914636211,39.3880820573459],[-74.4178804385823,39.3880976288567],[-74.4178049479822,39.3881130063488],[-74.4177635838277,39.3881131410692],[-74.4177349652647,39.3881079592262],[-74.417710383196,39.3880996778579],[-74.417689838818,39.3880882681417],[-74.417646177773,39.3880574035885],[-74.4176184128779,39.3880173251281],[-74.4176145051518,39.3879711398807],[-74.4176246505837,39.3879241880883],[-74.4176257909597,39.3879189038714]]}},{"type":"Feature","id":170336,"properties":{"OBJECTID":170336,"PRIMENAME":"Bishop James T Walters Lane","ELEVTYP_F":0,"ELEVTYP_T":0},"geometry":{"type":"LineString","coordinates":[[-74.419318028415,39.3692856453584],[-74.4195653288771,39.369655747796],[-74.4198383420974,39.3700643264959]]}},{"type":"Feature","id":170767,"properties":{"OBJECTID":170767,"PRIMENAME":"Whalerman Road","ELEVTYP_F":0,"ELEVTYP_T":0},"geometry":{"type":"LineString","coordinates":[[-74.3992756944275,39.3895541629738],[-74.399284075926,39.3902463234201]]}},{"type":"Feature","id":171203,"properties":{"OBJECTID":171203,"PRIMENAME":"Saint Katherine Place","ELEVTYP_F":0,"ELEVTYP_T":0},"geometry":{"type":"LineString","coordinates":[[-74.4141743999887,39.3709295542337],[-74.4139715486721,39.3706270284825]]}},{"type":"Feature","id":171293,"properties":{"OBJECTID":171293,"PRIMENAME":"Main Sail Way","ELEVTYP_F":0,"ELEVTYP_T":0},"geometry":{"type":"LineString","coordinates":[[-74.4187726279165,39.3744635121906],[-74.4187675825692,39.3744655526006],[-74.4185218546563,39.3745649164152]]}},{"type":"Feature","id":171399,"properties":{"OBJECTID":171399,"PRIMENAME":"North Rhode Island Avenue","ELEVTYP_F":0,"ELEVTYP_T":0},"geometry":{"type":"LineString","coordinates":[[-74.4165570051254,39.3687451908158],[-74.4161924665031,39.3681953007326]]}},{"type":"Feature","id":171568,"properties":{"OBJECTID":171568,"PRIMENAME":"Grammercy Place","ELEVTYP_F":0,"ELEVTYP_T":0},"geometry":{"type":"LineString","coordinates":[[-74.4133417135157,39.3700471705378],[-74.4126397294708,39.3703460057867]]}},{"type":"Feature","id":171652,"properties":{"OBJECTID":171652,"PRIMENAME":"Revere Boulevard","ELEVTYP_F":0,"ELEVTYP_T":0},"geometry":{"type":"LineString","coordinates":[[-74.3830850759518,39.3980316935454],[-74.3829024779594,39.3981555307365],[-74.382744213813,39.3982652801774]]}},{"type":"Feature","id":171969,"properties":{"OBJECTID":171969,"PRIMENAME":"Delmar Drive","ELEVTYP_F":0,"ELEVTYP_T":0},"geometry":{"type":"LineString","coordinates":[[-74.4043977548623,39.3852143283436],[-74.4043214517582,39.3851507038873],[-74.4042678389746,39.385105987943]]}},{"type":"Feature","id":172190,"properties":{"OBJECTID":172190,"PRIMENAME":"Putnum Place","ELEVTYP_F":0,"ELEVTYP_T":0},"geometry":{"type":"LineString","coordinates":[[-74.3638079940895,39.4113447052754],[-74.3635623762794,39.4112966434948],[-74.3634273734469,39.4112635644108],[-74.3632537839268,39.4112154486872],[-74.3630725551417,39.4111463746792],[-74.3628952147806,39.4110623687845],[-74.3627140094362,39.4109633669226],[-74.3625714099122,39.4108703953105],[-74.3624095790799,39.4107474734576],[-74.362290139112,39.4106485439609],[-74.3621719118697,39.4105814374856]]}},{"type":"Feature","id":172230,"properties":{"OBJECTID":172230,"PRIMENAME":"31st Street South","ELEVTYP_F":0,"ELEVTYP_T":0},"geometry":{"type":"LineString","coordinates":[[-74.3856434182939,39.3949214864085],[-74.3858124084812,39.3950188211947],[-74.3865450889431,39.3956757501351]]}},{"type":"Feature","id":172344,"properties":{"OBJECTID":172344,"PRIMENAME":"West Brigantine Avenue","ELEVTYP_F":0,"ELEVTYP_T":0},"geometry":{"type":"LineString","coordinates":[[-74.3838083144419,39.3954239356638],[-74.3837409364891,39.3954673321464],[-74.3834584363994,39.3956622113873]]}},{"type":"Feature","id":172563,"properties":{"OBJECTID":172563,"PRIMENAME":"17th Street South","ELEVTYP_F":0,"ELEVTYP_T":0},"geometry":{"type":"LineString","coordinates":[[-74.3750796582373,39.4006823198137],[-74.3752280750056,39.4008458450928],[-74.3761703954317,39.4018672741159],[-74.3762626517174,39.4019708835174]]}},{"type":"Feature","id":172615,"properties":{"OBJECTID":172615,"PRIMENAME":"East Shore Drive","ELEVTYP_F":0,"ELEVTYP_T":0},"geometry":{"type":"LineString","coordinates":[[-74.3626888189575,39.4180134155743],[-74.3626852659912,39.4180201106318],[-74.3626494555225,39.418108814293],[-74.3626082194066,39.418210951473],[-74.3625230382643,39.4184330836474],[-74.3624458911371,39.418674032155],[-74.3624309335701,39.4187740104853]]}},{"type":"Feature","id":172884,"properties":{"OBJECTID":172884,"PRIMENAME":"11th Street North","ELEVTYP_F":0,"ELEVTYP_T":0},"geometry":{"type":"LineString","coordinates":[[-74.360670983053,39.4163710418772],[-74.3606296348801,39.4163372213411],[-74.360573691544,39.4162915215586]]}},{"type":"Feature","id":173162,"properties":{"OBJECTID":173162,"PRIMENAME":"Atlantic Brigantine Boulevard","ELEVTYP_F":0,"ELEVTYP_T":0},"geometry":{"type":"LineString","coordinates":[[-74.4137583299344,39.3896869448565],[-74.413861689919,39.3896407488704],[-74.4142163944674,39.389484425789],[-74.4146331974335,39.3892979999562],[-74.4150991672105,39.3890935149386],[-74.4155548456541,39.3888830347289],[-74.4159302662845,39.3887066235701]]}},{"type":"Feature","id":173570,"properties":{"OBJECTID":173570,"PRIMENAME":"Sheridan Boulevard","ELEVTYP_F":0,"ELEVTYP_T":0},"geometry":{"type":"LineString","coordinates":[[-74.3684412887796,39.4175486282616],[-74.3685983940424,39.4174900835452],[-74.3688687820546,39.4173676581899],[-74.3690812866454,39.4172481604384],[-74.3693357699137,39.4171117680989]]}},{"type":"Feature","id":173865,"properties":{"OBJECTID":173865,"PRIMENAME":"Franklin Place","ELEVTYP_F":0,"ELEVTYP_T":0},"geometry":{"type":"LineString","coordinates":[[-74.3668770750407,39.4094011536437],[-74.3667051836496,39.4104890295484],[-74.3666440604401,39.4108586339745]]}},{"type":"Feature","id":174080,"properties":{"OBJECTID":174080,"PRIMENAME":"Ocean Avenue","ELEVTYP_F":0,"ELEVTYP_T":0},"geometry":{"type":"LineString","coordinates":[[-74.3805523597824,39.3947187124852],[-74.3809111354967,39.394495089033]]}},{"type":"Feature","id":174428,"properties":{"OBJECTID":174428,"PRIMENAME":"East Evans Boulevard","ELEVTYP_F":0,"ELEVTYP_T":0},"geometry":{"type":"LineString","coordinates":[[-74.3642666156563,39.4101118415166],[-74.3642283598116,39.4101508943632],[-74.3641238397471,39.4103154019089],[-74.3640386432737,39.4104620023887],[-74.3639689199806,39.4106056005081],[-74.363960132577,39.4106290651168]]}},{"type":"Feature","id":174749,"properties":{"OBJECTID":174749,"PRIMENAME":"Seaside Road","ELEVTYP_F":0,"ELEVTYP_T":0},"geometry":{"type":"LineString","coordinates":[[-74.4038313699155,39.3822950040644],[-74.403092722687,39.3816389188434],[-74.4022886321863,39.3809088618807]]}},{"type":"Feature","id":175130,"properties":{"OBJECTID":175130,"PRIMENAME":"Revere Boulevard","ELEVTYP_F":0,"ELEVTYP_T":0},"geometry":{"type":"LineString","coordinates":[[-74.384467516009,39.3970894206061],[-74.3841259533701,39.3973246032537]]}},{"type":"Feature","id":175531,"properties":{"OBJECTID":175531,"PRIMENAME":"Marsden Place","ELEVTYP_F":0,"ELEVTYP_T":0},"geometry":{"type":"LineString","coordinates":[[-74.382328452046,39.4155454887884],[-74.382846442521,39.4153411316394]]}},{"type":"Feature","id":175767,"properties":{"OBJECTID":175767,"PRIMENAME":"Coquille Beach Drive","ELEVTYP_F":0,"ELEVTYP_T":0},"geometry":{"type":"LineString","coordinates":[[-74.4018881688153,39.3822933837034],[-74.4021046414494,39.3823760267002],[-74.4021627074273,39.3824029555861],[-74.4022156522372,39.3824356254801],[-74.402262546911,39.3824734590931],[-74.4027044490999,39.3828810675716]]}},{"type":"Feature","id":175829,"properties":{"OBJECTID":175829,"PRIMENAME":"Caspian Avenue","ELEVTYP_F":0,"ELEVTYP_T":0},"geometry":{"type":"LineString","coordinates":[[-74.4170258247808,39.3751820698362],[-74.4164999062256,39.3753927671919]]}},{"type":"Feature","id":176082,"properties":{"OBJECTID":176082,"PRIMENAME":"Revere Boulevard","ELEVTYP_F":0,"ELEVTYP_T":0},"geometry":{"type":"LineString","coordinates":[[-74.3855066443532,39.396374819609],[-74.3854430186291,39.3964176721729],[-74.3851555603751,39.3966156250642]]}},{"type":"Feature","id":176279,"properties":{"OBJECTID":176279,"PRIMENAME":"Delmar Court","ELEVTYP_F":0,"ELEVTYP_T":0},"geometry":{"type":"LineString","coordinates":[[-74.4026384484786,39.3851492799528],[-74.4025108069989,39.3851378337438],[-74.4024417059563,39.3851377758301],[-74.4023863934849,39.3851457745376],[-74.4023448995231,39.3851644926922],[-74.4023214177135,39.3851817153023],[-74.4023037638013,39.3852059997116],[-74.4022964395056,39.385231472847],[-74.4022998582095,39.3852663738251],[-74.4023124578867,39.38528958465],[-74.4023290992867,39.3853063202726],[-74.4023654173015,39.3853200511025],[-74.4024344949609,39.3853361983295],[-74.4025986269798,39.3853653300597]]}},{"type":"Feature","id":176415,"properties":{"OBJECTID":176415,"PRIMENAME":"Ross Drive East","ELEVTYP_F":0,"ELEVTYP_T":0},"geometry":{"type":"LineString","coordinates":[[-74.4009380310665,39.3839930939152],[-74.4009666198484,39.3838004359001]]}},{"type":"Feature","id":176771,"properties":{"OBJECTID":176771,"PRIMENAME":"9th Street South","ELEVTYP_F":0,"ELEVTYP_T":0},"geometry":{"type":"LineString","coordinates":[[-74.3675224702982,39.4022634459881],[-74.3686744072712,39.403539064201],[-74.3690676074927,39.4039711511805]]}},{"type":"Feature","id":176876,"properties":{"OBJECTID":176876,"PRIMENAME":"Bayshore Avenue","ELEVTYP_F":0,"ELEVTYP_T":0},"geometry":{"type":"LineString","coordinates":[[-74.3916018183791,39.3932847114569],[-74.3915751122731,39.3933016820478],[-74.391409987702,39.3934245058541],[-74.3911398439183,39.3936113702767]]}},{"type":"Feature","id":176963,"properties":{"OBJECTID":176963,"PRIMENAME":"Drexel Avenue","ELEVTYP_F":0,"ELEVTYP_T":0},"geometry":{"type":"LineString","coordinates":[[-74.416503893188,39.3729030079316],[-74.4163647559211,39.3729588499683],[-74.4162317064675,39.3730122460239]]}},{"type":"Feature","id":177096,"properties":{"OBJECTID":177096,"PRIMENAME":"8th Street South","ELEVTYP_F":0,"ELEVTYP_T":0},"geometry":{"type":"LineString","coordinates":[[-74.368320436826,39.4043801234911],[-74.3682517434971,39.4043038819834],[-74.367770299028,39.4037866310426],[-74.3674074577746,39.403381207399],[-74.3672493919334,39.4031994848192],[-74.3671488429121,39.4030708732697],[-74.3671165412277,39.4030094160595],[-74.3671162181127,39.4030053044276]]}},{"type":"Feature","id":177223,"properties":{"OBJECTID":177223,"PRIMENAME":"North New Hampshire Avenue","ELEVTYP_F":0,"ELEVTYP_T":0},"geometry":{"type":"LineString","coordinates":[[-74.4180626913833,39.3759683533683],[-74.4183884648448,39.3764975073495],[-74.4184491703449,39.3765604253333],[-74.4185200437962,39.3765801341903],[-74.4186112204514,39.3765723177352]]}},{"type":"Feature","id":177250,"properties":{"OBJECTID":177250,"PRIMENAME":"7th Street South","ELEVTYP_F":0,"ELEVTYP_T":0},"geometry":{"type":"LineString","coordinates":[[-74.3666754458605,39.4038193733593],[-74.3668718333767,39.4040231606697],[-74.3675620996541,39.4047935813699]]}},{"type":"Feature","id":177363,"properties":{"OBJECTID":177363,"PRIMENAME":"North Massachusetts Avenue","ELEVTYP_F":0,"ELEVTYP_T":0},"geometry":{"type":"LineString","coordinates":[[-74.4186810759662,39.3695402748412],[-74.4189314572618,39.3699066397058],[-74.4190468615325,39.3700754963273],[-74.4192386533711,39.3703597164894],[-74.4195619533275,39.3708388188913]]}},{"type":"Feature","id":177841,"properties":{"OBJECTID":177841,"PRIMENAME":"Sheridan Boulevard","ELEVTYP_F":0,"ELEVTYP_T":0},"geometry":{"type":"LineString","coordinates":[[-74.3769424892755,39.4145621917689],[-74.3769591760903,39.4145535878533],[-74.3771329733366,39.4144729399698],[-74.3773376502326,39.4144042951304],[-74.3774762219149,39.4143695297126],[-74.377492082965,39.4143655522647],[-74.3776465195978,39.4143238158365],[-74.3778591118956,39.4143032271214]]}},{"type":"Feature","id":178040,"properties":{"OBJECTID":178040,"PRIMENAME":"Ocean Avenue","ELEVTYP_F":0,"ELEVTYP_T":0},"geometry":{"type":"LineString","coordinates":[[-74.3724645521006,39.3996471722975],[-74.3728379810621,39.3994506348303]]}},{"type":"Feature","id":178258,"properties":{"OBJECTID":178258,"PRIMENAME":"Lagoon Boulevard","ELEVTYP_F":0,"ELEVTYP_T":0},"geometry":{"type":"LineString","coordinates":[[-74.4042678389746,39.385105987943],[-74.4042245890984,39.3851417827956],[-74.4040590275944,39.3853553967567],[-74.403960738903,39.3856117876183],[-74.4039298863536,39.3857922340248],[-74.4039573908186,39.3859642997621]]}},{"type":"Feature","id":178361,"properties":{"OBJECTID":178361,"PRIMENAME":"Lagoon Boulevard","ELEVTYP_F":0,"ELEVTYP_T":0},"geometry":{"type":"LineString","coordinates":[[-74.4105828352883,39.3825083713756],[-74.4104735797103,39.3823494239221],[-74.4103172687882,39.3821220175796],[-74.4102857222255,39.3820842404798]]}},{"type":"Feature","id":178791,"properties":{"OBJECTID":178791,"PRIMENAME":"Horizon Lane","ELEVTYP_F":0,"ELEVTYP_T":0},"geometry":{"type":"LineString","coordinates":[[-74.4111027699088,39.3839433779104],[-74.4112439243918,39.3840054178604],[-74.4114404984747,39.3840643371002],[-74.4114595918629,39.3840675693081],[-74.4114791145033,39.3840682390468],[-74.4114985034258,39.3840663305745],[-74.4115171932571,39.3840618930056],[-74.4115346405711,39.3840550610481],[-74.4115503390117,39.3840460297925],[-74.4115638366959,39.3840350619314],[-74.4115747397118,39.3840224751507],[-74.4115827307022,39.3840086340363],[-74.411587579319,39.3839939437764],[-74.4115891434139,39.3839788267412],[-74.4115873829672,39.3839637224938],[-74.4115823392173,39.3839490688568],[-74.4115223505962,39.3838403977906],[-74.4114174571613,39.3837424985828]]}},{"type":"Feature","id":178963,"properties":{"OBJECTID":178963,"PRIMENAME":"2nd Street South","ELEVTYP_F":0,"ELEVTYP_T":0},"geometry":{"type":"LineString","coordinates":[[-74.3645590642681,39.4076918121188],[-74.3654390981629,39.4086585305908],[-74.36552266342,39.4087503324248]]}},{"type":"Feature","id":179096,"properties":{"OBJECTID":179096,"PRIMENAME":"26th Street South","ELEVTYP_F":0,"ELEVTYP_T":0},"geometry":{"type":"LineString","coordinates":[[-74.3817414391757,39.3968457231533],[-74.3819159596978,39.3969994919216],[-74.3827458082491,39.3977359201314],[-74.3830850759518,39.3980316935454]]}},{"type":"Feature","id":179318,"properties":{"OBJECTID":179318,"PRIMENAME":"West Brigantine Avenue","ELEVTYP_F":0,"ELEVTYP_T":0},"geometry":{"type":"LineString","coordinates":[[-74.3846031645563,39.395044920744],[-74.384536039069,39.3950645673445],[-74.3844419636259,39.3951004286385],[-74.384347024935,39.3951366177915],[-74.3841789560638,39.3952112704855]]}},{"type":"Feature","id":179623,"properties":{"OBJECTID":179623,"PRIMENAME":"Lagoon Boulevard","ELEVTYP_F":0,"ELEVTYP_T":0},"geometry":{"type":"LineString","coordinates":[[-74.3984102197367,39.3902736517522],[-74.397504020852,39.3903012747307]]}},{"type":"Feature","id":179898,"properties":{"OBJECTID":179898,"PRIMENAME":"North Maine Avenue","ELEVTYP_F":0,"ELEVTYP_T":0},"geometry":{"type":"LineString","coordinates":[[-74.4152503311656,39.3742275092715],[-74.4152847501993,39.374287719071],[-74.4152969743964,39.3743306433301],[-74.4153050598803,39.3743504210345],[-74.4153184199756,39.3743831003355],[-74.4155391281581,39.3747097484183],[-74.4155770979558,39.3747671790108],[-74.4156655951469,39.3749010310678]]}},{"type":"Feature","id":179979,"properties":{"OBJECTID":179979,"PRIMENAME":"Manitoba Avenue","ELEVTYP_F":0,"ELEVTYP_T":0},"geometry":{"type":"LineString","coordinates":[[-74.4064612239571,39.3834364051358],[-74.4062901614537,39.3833013727259],[-74.4061244644401,39.3831752407493],[-74.4059552875963,39.3830597865776],[-74.4059368778987,39.3830422546259]]}},{"type":"Feature","id":180206,"properties":{"OBJECTID":180206,"PRIMENAME":"16th Street South","ELEVTYP_F":0,"ELEVTYP_T":0},"geometry":{"type":"LineString","coordinates":[[-74.3743317449368,39.4010906987383],[-74.3745493877523,39.4013302724361],[-74.3754192062178,39.4022827953195],[-74.3755080368601,39.4023817336838]]}},{"type":"Feature","id":180484,"properties":{"OBJECTID":180484,"PRIMENAME":"Unnamed Segment","ELEVTYP_F":0,"ELEVTYP_T":0},"geometry":{"type":"LineString","coordinates":[[-74.3739506820682,39.4012987647503],[-74.3736583779869,39.4009755855352],[-74.3725108208542,39.3996972211816],[-74.3724645521006,39.3996471722975]]}},{"type":"Feature","id":180492,"properties":{"OBJECTID":180492,"PRIMENAME":"Unnamed Segment","ELEVTYP_F":0,"ELEVTYP_T":0},"geometry":{"type":"LineString","coordinates":[[-74.3809111354967,39.394495089033],[-74.3805853343892,39.3942028369708],[-74.3802509499459,39.3939239187603]]}},{"type":"Feature","id":180572,"properties":{"OBJECTID":180572,"PRIMENAME":"East Brigantine Avenue","ELEVTYP_F":0,"ELEVTYP_T":0},"geometry":{"type":"LineString","coordinates":[[-74.3595451326468,39.4104590523493],[-74.3589056645795,39.4109306948288]]}},{"type":"Feature","id":180575,"properties":{"OBJECTID":180575,"PRIMENAME":"Seashell Lane","ELEVTYP_F":0,"ELEVTYP_T":0},"geometry":{"type":"LineString","coordinates":[[-74.4029934475858,39.3900465984431],[-74.4031364825101,39.3899865321294],[-74.4032367180278,39.3899410375063],[-74.4033646926147,39.3898714323747],[-74.4035203626985,39.3897830682874],[-74.403655223194,39.3896973783669],[-74.4037451554958,39.3896304311118],[-74.4038524164881,39.389544691102],[-74.403980441218,39.3894375235665],[-74.4040980408016,39.3893464644978],[-74.4041983536449,39.3892687626257],[-74.4042502430661,39.3892312723976],[-74.4042711685072,39.3892207186688],[-74.4042926571127,39.389213460544],[-74.4043178543552,39.3892098843522],[-74.4043470470881,39.3892099083536],[-74.4043710646353,39.3892150077338],[-74.404399998077,39.3892229937237],[-74.404424291172,39.3892346007341],[-74.4044610303014,39.3892528893204],[-74.404578384279,39.3893414779905],[-74.4048803392538,39.3895576715766]]}},{"type":"Feature","id":180709,"properties":{"OBJECTID":180709,"PRIMENAME":"Ocean Avenue","ELEVTYP_F":0,"ELEVTYP_T":0},"geometry":{"type":"LineString","coordinates":[[-74.3830678501026,39.393151356202],[-74.3834242017119,39.3929285737562]]}},{"type":"Feature","id":180713,"properties":{"OBJECTID":180713,"PRIMENAME":"North Rhode Island Avenue","ELEVTYP_F":0,"ELEVTYP_T":0},"geometry":{"type":"LineString","coordinates":[[-74.4200418371804,39.3739779966472],[-74.4198507829929,39.37369999316],[-74.4195721890591,39.3732946060478],[-74.4194445926693,39.3731027241662],[-74.4192910140122,39.3728717714123],[-74.4191631941964,39.3726636159649]]}},{"type":"Feature","id":180783,"properties":{"OBJECTID":180783,"PRIMENAME":"Revere Boulevard","ELEVTYP_F":0,"ELEVTYP_T":0},"geometry":{"type":"LineString","coordinates":[[-74.3819592494068,39.3987988187009],[-74.3817593993139,39.3989306816502],[-74.3815897525555,39.3990525805822],[-74.3815224382838,39.3990966343026]]}},{"type":"Feature","id":180803,"properties":{"OBJECTID":180803,"PRIMENAME":"Schooner Cove","ELEVTYP_F":0,"ELEVTYP_T":0},"geometry":{"type":"LineString","coordinates":[[-74.4001789056253,39.3854073198526],[-74.4005593140361,39.385744181988],[-74.4005928823865,39.3857755929305],[-74.4006162653501,39.3858039486403],[-74.4006407958885,39.3858457579537],[-74.4006694757808,39.3859314202106],[-74.4006722155551,39.3859795841115],[-74.400674136455,39.386013354244],[-74.4006786102445,39.3862517093699]]}},{"type":"Feature","id":181062,"properties":{"OBJECTID":181062,"PRIMENAME":"Adriatic Avenue","ELEVTYP_F":0,"ELEVTYP_T":0},"geometry":{"type":"LineString","coordinates":[[-74.4205223153181,39.3721060279677],[-74.4208532905951,39.3719768507117]]}},{"type":"Feature","id":181173,"properties":{"OBJECTID":181173,"PRIMENAME":"Ocean Avenue","ELEVTYP_F":0,"ELEVTYP_T":0},"geometry":{"type":"LineString","coordinates":[[-74.3902549108762,39.3886187683088],[-74.3899636324684,39.388867029809]]}},{"type":"Feature","id":181356,"properties":{"OBJECTID":181356,"PRIMENAME":"Unnamed Segment","ELEVTYP_F":0,"ELEVTYP_T":0},"geometry":{"type":"LineString","coordinates":[[-74.3862308920181,39.3937772340591],[-74.3852349216624,39.3929084635445],[-74.3845581704269,39.3923067972669],[-74.3844791607689,39.3922391206914]]}},{"type":"Feature","id":181419,"properties":{"OBJECTID":181419,"PRIMENAME":"10th Street South","ELEVTYP_F":0,"ELEVTYP_T":0},"geometry":{"type":"LineString","coordinates":[[-74.3731774168369,39.4072560973593],[-74.3725125034332,39.4065290639155],[-74.3714380697792,39.4053454671056],[-74.371342623967,39.4052457770102]]}},{"type":"Feature","id":181561,"properties":{"OBJECTID":181561,"PRIMENAME":"Harbor Beach Boulevard","ELEVTYP_F":0,"ELEVTYP_T":0},"geometry":{"type":"LineString","coordinates":[[-74.3973252643125,39.3889218624117],[-74.3973482720523,39.3903645072441]]}},{"type":"Feature","id":181646,"properties":{"OBJECTID":181646,"PRIMENAME":"Bayshore Avenue","ELEVTYP_F":0,"ELEVTYP_T":0},"geometry":{"type":"LineString","coordinates":[[-74.3812976507512,39.4013294177044],[-74.3808420247287,39.4014433089019]]}},{"type":"Feature","id":181875,"properties":{"OBJECTID":181875,"PRIMENAME":"19th Street South","ELEVTYP_F":0,"ELEVTYP_T":0},"geometry":{"type":"LineString","coordinates":[[-74.3745117797747,39.397570828023],[-74.3750374209082,39.3981534722043]]}},{"type":"Feature","id":182101,"properties":{"OBJECTID":182101,"PRIMENAME":"Unnamed Segment","ELEVTYP_F":0,"ELEVTYP_T":0},"geometry":{"type":"LineString","coordinates":[[-74.3823477694334,39.393602290834],[-74.381659363187,39.3929957010212],[-74.3815597641488,39.3929079379172]]}},{"type":"Feature","id":182323,"properties":{"OBJECTID":182323,"PRIMENAME":"18th Street South","ELEVTYP_F":0,"ELEVTYP_T":0},"geometry":{"type":"LineString","coordinates":[[-74.3776359789537,39.4022497561838],[-74.3779685797793,39.4026141793431],[-74.3784880752983,39.4031875479725]]}},{"type":"Feature","id":182364,"properties":{"OBJECTID":182364,"PRIMENAME":"Bayshore Avenue","ELEVTYP_F":0,"ELEVTYP_T":0},"geometry":{"type":"LineString","coordinates":[[-74.3903414496607,39.3941626072274],[-74.390101804206,39.3943268184086],[-74.3900002062584,39.3943965446279]]}},{"type":"Feature","id":182645,"properties":{"OBJECTID":182645,"PRIMENAME":"North Massachusetts Avenue","ELEVTYP_F":0,"ELEVTYP_T":0},"geometry":{"type":"LineString","coordinates":[[-74.4197869092103,39.3711710353541],[-74.4200027904456,39.3714898465114]]}},{"type":"Feature","id":182728,"properties":{"OBJECTID":182728,"PRIMENAME":"Unnamed Segment","ELEVTYP_F":0,"ELEVTYP_T":0},"geometry":{"type":"LineString","coordinates":[[-74.3816263404393,39.3940500613793],[-74.381271946505,39.3937371347936],[-74.3809254916912,39.3934394262171]]}},{"type":"Feature","id":182805,"properties":{"OBJECTID":182805,"PRIMENAME":"Shipmaster Drive","ELEVTYP_F":0,"ELEVTYP_T":0},"geometry":{"type":"LineString","coordinates":[[-74.4029934475858,39.3900465984431],[-74.4030050324348,39.3900615164202],[-74.4031085121564,39.3902037181012],[-74.4031429936161,39.3902681048059],[-74.4031636469099,39.3903271265096],[-74.4031773279714,39.3904129395474],[-74.4032165111614,39.3906345466884]]}},{"type":"Feature","id":182977,"properties":{"OBJECTID":182977,"PRIMENAME":"Wabash Avenue","ELEVTYP_F":0,"ELEVTYP_T":0},"geometry":{"type":"LineString","coordinates":[[-74.4212796460185,39.372624925089],[-74.4221321839352,39.372285145616]]}},{"type":"Feature","id":183146,"properties":{"OBJECTID":183146,"PRIMENAME":"Unnamed Segment","ELEVTYP_F":0,"ELEVTYP_T":0},"geometry":{"type":"LineString","coordinates":[[-74.3817522857569,39.401194382768],[-74.3812440765921,39.4006580234004],[-74.380925970802,39.4002977436858],[-74.380393114206,39.3997161340778]]}},{"type":"Feature","id":183224,"properties":{"OBJECTID":183224,"PRIMENAME":"Bayshore Avenue","ELEVTYP_F":0,"ELEVTYP_T":0},"geometry":{"type":"LineString","coordinates":[[-74.3871363556737,39.3967404590598],[-74.3868271015321,39.3970039058717]]}},{"type":"Feature","id":183365,"properties":{"OBJECTID":183365,"PRIMENAME":"North New Hampshire Avenue","ELEVTYP_F":0,"ELEVTYP_T":0},"geometry":{"type":"LineString","coordinates":[[-74.4149432592709,39.3710545022676],[-74.4149413525153,39.3710515633397],[-74.4145218183184,39.3704341944539],[-74.4145052894953,39.3704093938802],[-74.4143818866925,39.3702242402764]]}},{"type":"Feature","id":183418,"properties":{"OBJECTID":183418,"PRIMENAME":"North Connecticut Avenue","ELEVTYP_F":0,"ELEVTYP_T":0},"geometry":{"type":"LineString","coordinates":[[-74.4216940458022,39.3716332226478],[-74.4214517069063,39.3712779050542],[-74.4212515264867,39.3709843973772]]}},{"type":"Feature","id":183440,"properties":{"OBJECTID":183440,"PRIMENAME":"West Brigantine Avenue","ELEVTYP_F":0,"ELEVTYP_T":0},"geometry":{"type":"LineString","coordinates":[[-74.3872645306302,39.3930675263426],[-74.3869169401924,39.3933063913051]]}},{"type":"Feature","id":183750,"properties":{"OBJECTID":183750,"PRIMENAME":"15th Street South","ELEVTYP_F":0,"ELEVTYP_T":0},"geometry":{"type":"LineString","coordinates":[[-74.3720789018789,39.3998488837482],[-74.3725298353502,39.4003326685021],[-74.373496226391,39.4014042536791],[-74.3735827942679,39.4014996761333]]}},{"type":"Feature","id":183874,"properties":{"OBJECTID":183874,"PRIMENAME":"Ocean Avenue","ELEVTYP_F":0,"ELEVTYP_T":0},"geometry":{"type":"LineString","coordinates":[[-74.3823477694334,39.393602290834],[-74.3827051539287,39.393378303676]]}},{"type":"Feature","id":183918,"properties":{"OBJECTID":183918,"PRIMENAME":"Platt Avenue","ELEVTYP_F":0,"ELEVTYP_T":0},"geometry":{"type":"LineString","coordinates":[[-74.3802035221308,39.4141213492471],[-74.3798824098664,39.4146137796588],[-74.3797876390619,39.4147457202582]]}},{"type":"Feature","id":183943,"properties":{"OBJECTID":183943,"PRIMENAME":"Fownes Avenue","ELEVTYP_F":0,"ELEVTYP_T":0},"geometry":{"type":"LineString","coordinates":[[-74.363847948581,39.418791382958],[-74.3638502496263,39.4186819447439],[-74.3638385454583,39.4184753208256],[-74.3638147889014,39.4182405408923],[-74.3637891426611,39.4181043810416]]}},{"type":"Feature","id":183981,"properties":{"OBJECTID":183981,"PRIMENAME":"FR RAMP A100170 to RT 87 SB","ELEVTYP_F":0,"ELEVTYP_T":0},"geometry":{"type":"LineString","coordinates":[[-74.4191649850934,39.3869079546944],[-74.4191684476927,39.386912158456],[-74.4191954053117,39.3869460033215]]}},{"type":"Feature","id":184397,"properties":{"OBJECTID":184397,"PRIMENAME":"Atlantis Cove","ELEVTYP_F":0,"ELEVTYP_T":0},"geometry":{"type":"LineString","coordinates":[[-74.4005937244554,39.3901944859185],[-74.4005994008773,39.3903084903125]]}},{"type":"Feature","id":184636,"properties":{"OBJECTID":184636,"PRIMENAME":"Unnamed Segment","ELEVTYP_F":0,"ELEVTYP_T":0},"geometry":{"type":"LineString","coordinates":[[-74.364350004972,39.40933203654],[-74.364925337019,39.4089632520593]]}},{"type":"Feature","id":184834,"properties":{"OBJECTID":184834,"PRIMENAME":"North New Hampshire Avenue","ELEVTYP_F":0,"ELEVTYP_T":0},"geometry":{"type":"LineString","coordinates":[[-74.4186112204514,39.3765723177352],[-74.418641700438,39.3764937580529],[-74.4186164748826,39.3764033264165],[-74.4184799613649,39.3762145757541],[-74.4183534424944,39.3761319524134],[-74.4182725619745,39.3760179228288],[-74.418200019346,39.37591334491]]}},{"type":"Feature","id":185078,"properties":{"OBJECTID":185078,"PRIMENAME":"Hamilton Place","ELEVTYP_F":0,"ELEVTYP_T":0},"geometry":{"type":"LineString","coordinates":[[-74.3615157024251,39.4110607078667],[-74.3617063327264,39.4112076346139],[-74.3619375368992,39.4113845365211],[-74.3620993931135,39.4114954873994],[-74.3622921006828,39.4116124612971],[-74.3624656258467,39.4116934981559],[-74.3626314059578,39.411771505224],[-74.3627741137904,39.411828563736],[-74.3629437513664,39.4118886462619],[-74.3632060308494,39.4119607812283],[-74.3633787819471,39.4120038713646]]}},{"type":"Feature","id":185708,"properties":{"OBJECTID":185708,"PRIMENAME":"Tower Lane","ELEVTYP_F":0,"ELEVTYP_T":0},"geometry":{"type":"LineString","coordinates":[[-74.3941458615449,39.392558581358],[-74.3941989175045,39.3926378634637],[-74.3942406772159,39.3926974139678]]}},{"type":"Feature","id":186078,"properties":{"OBJECTID":186078,"PRIMENAME":"Unnamed Segment","ELEVTYP_F":0,"ELEVTYP_T":0},"geometry":{"type":"LineString","coordinates":[[-74.4027509915785,39.384521454],[-74.4018329800216,39.3849358734832]]}},{"type":"Feature","id":186159,"properties":{"OBJECTID":186159,"PRIMENAME":"East Shore Drive","ELEVTYP_F":0,"ELEVTYP_T":0},"geometry":{"type":"LineString","coordinates":[[-74.3654483327203,39.4227653946278],[-74.3652772686802,39.4222544523212],[-74.365216981894,39.4220700951082]]}},{"type":"Feature","id":186583,"properties":{"OBJECTID":186583,"PRIMENAME":"Delmar Drive","ELEVTYP_F":0,"ELEVTYP_T":0},"geometry":{"type":"LineString","coordinates":[[-74.4051159267343,39.3854027746623],[-74.4049984202531,39.3854053415673],[-74.4049746381435,39.3854047492362],[-74.4048878557329,39.3854025884658],[-74.4047910935854,39.3853971279221],[-74.4047184973687,39.3853917141125],[-74.4046563490411,39.3853782646253],[-74.4045976478978,39.3853540821308],[-74.404532069969,39.3853138037761],[-74.4044526397684,39.3852601163297],[-74.4043977548623,39.3852143283436]]}},{"type":"Feature","id":187034,"properties":{"OBJECTID":187034,"PRIMENAME":"West Shore Drive","ELEVTYP_F":0,"ELEVTYP_T":0},"geometry":{"type":"LineString","coordinates":[[-74.3769229570652,39.4134758196003],[-74.3769840427984,39.4134957991163],[-74.3771716241334,39.4135462151656],[-74.3773365921665,39.4135739825539],[-74.3773442004384,39.4135749247062]]}},{"type":"Feature","id":187043,"properties":{"OBJECTID":187043,"PRIMENAME":"Ocean Avenue","ELEVTYP_F":0,"ELEVTYP_T":0},"geometry":{"type":"LineString","coordinates":[[-74.3791151754814,39.3956166223308],[-74.3791574019898,39.395590307774],[-74.3794498783969,39.3954076299854],[-74.3794565310389,39.3954034742633],[-74.3798300880397,39.3951699309179]]}},{"type":"Feature","id":187124,"properties":{"OBJECTID":187124,"PRIMENAME":"Lafayette Place","ELEVTYP_F":0,"ELEVTYP_T":0},"geometry":{"type":"LineString","coordinates":[[-74.3773157762091,39.4138581624124],[-74.3773262050636,39.4138658617457],[-74.3774712134134,39.4139726829032],[-74.3775404325682,39.4140316672647],[-74.3778591118956,39.4143032271214]]}},{"type":"Feature","id":187295,"properties":{"OBJECTID":187295,"PRIMENAME":"Ontario Avenue","ELEVTYP_F":0,"ELEVTYP_T":0},"geometry":{"type":"LineString","coordinates":[[-74.4078584608787,39.3828644452111],[-74.4079256373475,39.3829811887852]]}},{"type":"Feature","id":187879,"properties":{"OBJECTID":187879,"PRIMENAME":"Delmar Drive","ELEVTYP_F":0,"ELEVTYP_T":0},"geometry":{"type":"LineString","coordinates":[[-74.4027971867171,39.3862346625671],[-74.4028444431228,39.3862455747542],[-74.4029343025981,39.38625369484],[-74.4030448905672,39.3862404154815],[-74.4031150801995,39.3862213093089]]}},{"type":"Feature","id":188193,"properties":{"OBJECTID":188193,"PRIMENAME":"Unnamed Segment","ELEVTYP_F":0,"ELEVTYP_T":0},"geometry":{"type":"LineString","coordinates":[[-74.3911398439183,39.3936113702767],[-74.3898102557814,39.3925717112297],[-74.3889389712066,39.3918717010143]]}},{"type":"Feature","id":188440,"properties":{"OBJECTID":188440,"PRIMENAME":"38th Street South","ELEVTYP_F":0,"ELEVTYP_T":0},"geometry":{"type":"LineString","coordinates":[[-74.3923215447471,39.3928625485127],[-74.392721187477,39.3931399077761],[-74.3930393603453,39.3933607238788],[-74.3932801296185,39.3935449306168],[-74.3933577524179,39.3936234176921],[-74.3934347570066,39.393713847911],[-74.3934361741034,39.3937156598253]]}},{"type":"Feature","id":188476,"properties":{"OBJECTID":188476,"PRIMENAME":"Drexel Avenue","ELEVTYP_F":0,"ELEVTYP_T":0},"geometry":{"type":"LineString","coordinates":[[-74.4200027904456,39.3714898465114],[-74.4212515264867,39.3709843973772]]}},{"type":"Feature","id":188483,"properties":{"OBJECTID":188483,"PRIMENAME":"28th Street South","ELEVTYP_F":0,"ELEVTYP_T":0},"geometry":{"type":"LineString","coordinates":[[-74.384467516009,39.3970894206061],[-74.3855170689035,39.3980079183239],[-74.3855825844296,39.3980656413966]]}},{"type":"Feature","id":188655,"properties":{"OBJECTID":188655,"PRIMENAME":"Bayshore Avenue","ELEVTYP_F":0,"ELEVTYP_T":0},"geometry":{"type":"LineString","coordinates":[[-74.3794652509457,39.4017904510121],[-74.3790097215145,39.4019054602248]]}},{"type":"Feature","id":188978,"properties":{"OBJECTID":188978,"PRIMENAME":"Harbor Beach Boulevard","ELEVTYP_F":0,"ELEVTYP_T":0},"geometry":{"type":"LineString","coordinates":[[-74.4027498757983,39.3830135285173],[-74.4030597243117,39.3828517041487]]}},{"type":"Feature","id":189268,"properties":{"OBJECTID":189268,"PRIMENAME":"Kirkwood Circle","ELEVTYP_F":0,"ELEVTYP_T":0},"geometry":{"type":"LineString","coordinates":[[-74.365051951536,39.4158984089712],[-74.364638597,39.4158719829996],[-74.3641109943357,39.4158447105345],[-74.3635854567195,39.4158175416902],[-74.362725993079,39.4157727103858],[-74.3625847884092,39.4157569210998],[-74.3624758920869,39.4157285946631],[-74.3623992893402,39.4156940736857],[-74.3623348168946,39.4156470467853],[-74.3622865115047,39.4155875187601],[-74.3622543585121,39.4155217501769],[-74.362242363817,39.4154653954011],[-74.362242474699,39.4154090549585],[-74.3622506556137,39.4153526961462],[-74.3622750033061,39.4152838920944],[-74.3623235362666,39.4152276089636],[-74.3623962874974,39.4151682241775],[-74.3624811268242,39.4151182435808],[-74.3625780756425,39.4150839277372],[-74.3627031448691,39.4150777878166],[-74.3628806707295,39.4150905453423],[-74.3634213658752,39.4151224814848],[-74.3651563506383,39.4152121460841],[-74.3653479702566,39.4152222804368]]}},{"type":"Feature","id":189620,"properties":{"OBJECTID":189620,"PRIMENAME":"Ocean Avenue","ELEVTYP_F":0,"ELEVTYP_T":0},"geometry":{"type":"LineString","coordinates":[[-74.3720789018789,39.3998488837482],[-74.3724436527959,39.3996581590031],[-74.3724645521006,39.3996471722975]]}},{"type":"Feature","id":189902,"properties":{"OBJECTID":189902,"PRIMENAME":"Ocean Avenue","ELEVTYP_F":0,"ELEVTYP_T":0},"geometry":{"type":"LineString","coordinates":[[-74.3841433457746,39.3924789223233],[-74.3842162804245,39.3924333619764],[-74.3844791607689,39.3922391206914]]}},{"type":"Feature","id":189926,"properties":{"OBJECTID":189926,"PRIMENAME":"37th Street South","ELEVTYP_F":0,"ELEVTYP_T":0},"geometry":{"type":"LineString","coordinates":[[-74.3892333979331,39.391611693317],[-74.3897506427299,39.3919800478783],[-74.3910079601767,39.3928608039149],[-74.3916018183791,39.3932847114569]]}},{"type":"Feature","id":190175,"properties":{"OBJECTID":190175,"PRIMENAME":"Revere Boulevard","ELEVTYP_F":0,"ELEVTYP_T":0},"geometry":{"type":"LineString","coordinates":[[-74.3811499743719,39.3993037166316],[-74.3807706772783,39.399510405214]]}},{"type":"Feature","id":190349,"properties":{"OBJECTID":190349,"PRIMENAME":"Harbor Beach Boulevard","ELEVTYP_F":0,"ELEVTYP_T":0},"geometry":{"type":"LineString","coordinates":[[-74.4087399888106,39.3825234695941],[-74.4086242322661,39.3823272561687]]}},{"type":"Feature","id":190432,"properties":{"OBJECTID":190432,"PRIMENAME":"Ocean Drive South","ELEVTYP_F":0,"ELEVTYP_T":0},"geometry":{"type":"LineString","coordinates":[[-74.4062096797938,39.3779009732927],[-74.4061312746344,39.3779920167623],[-74.4061244983812,39.3779998861481],[-74.4054896033839,39.3786546793423]]}},{"type":"Feature","id":190452,"properties":{"OBJECTID":190452,"PRIMENAME":"Anchorage Court","ELEVTYP_F":0,"ELEVTYP_T":0},"geometry":{"type":"LineString","coordinates":[[-74.4183254523098,39.3733572572604],[-74.4189848860184,39.373101559183]]}},{"type":"Feature","id":190518,"properties":{"OBJECTID":190518,"PRIMENAME":"Atlantic Brigantine Boulevard","ELEVTYP_F":0,"ELEVTYP_T":0},"geometry":{"type":"LineString","coordinates":[[-74.3862804425125,39.3949045666927],[-74.3861070399693,39.3949095037455],[-74.3856434182939,39.3949214864085]]}},{"type":"Feature","id":190575,"properties":{"OBJECTID":190575,"PRIMENAME":"Bayshore Avenue","ELEVTYP_F":0,"ELEVTYP_T":0},"geometry":{"type":"LineString","coordinates":[[-74.3750558672746,39.4033456320868],[-74.3749603924886,39.4034194700956],[-74.3748373399349,39.4035172198911],[-74.3747368718748,39.4036124680217],[-74.3746396625909,39.4037052486738],[-74.3745360985547,39.4038094995152]]}},{"type":"Feature","id":191923,"properties":{"OBJECTID":191923,"PRIMENAME":"27th Street South","ELEVTYP_F":0,"ELEVTYP_T":0},"geometry":{"type":"LineString","coordinates":[[-74.3798150346352,39.3940643217381],[-74.3805523597824,39.3947187124852]]}},{"type":"Feature","id":191938,"properties":{"OBJECTID":191938,"PRIMENAME":"Unnamed Segment","ELEVTYP_F":0,"ELEVTYP_T":0},"geometry":{"type":"LineString","coordinates":[[-74.3762124388931,39.4000653193048],[-74.3756904284694,39.399497181116],[-74.3747522443161,39.398460075581],[-74.3746769755756,39.3983795194653]]}},{"type":"Feature","id":192118,"properties":{"OBJECTID":192118,"PRIMENAME":"Jefferson Avenue","ELEVTYP_F":0,"ELEVTYP_T":0},"geometry":{"type":"LineString","coordinates":[[-74.3972027731926,39.3945112823028],[-74.397186259466,39.3941174028252]]}},{"type":"Feature","id":192293,"properties":{"OBJECTID":192293,"PRIMENAME":"12th Street South","ELEVTYP_F":0,"ELEVTYP_T":0},"geometry":{"type":"LineString","coordinates":[[-74.3713273409578,39.4027383755976],[-74.3710613905832,39.4024442969943],[-74.3700062485908,39.4013055711387],[-74.3697783175317,39.4010499980927]]}},{"type":"Feature","id":192417,"properties":{"OBJECTID":192417,"PRIMENAME":"Delmar Drive","ELEVTYP_F":0,"ELEVTYP_T":0},"geometry":{"type":"LineString","coordinates":[[-74.4039573908186,39.3859642997621],[-74.4041094388269,39.3859303242687]]}},{"type":"Feature","id":192557,"properties":{"OBJECTID":192557,"PRIMENAME":"Adriatic Avenue","ELEVTYP_F":0,"ELEVTYP_T":0},"geometry":{"type":"LineString","coordinates":[[-74.415631078836,39.3740773249859],[-74.4161483795768,39.373873276859]]}},{"type":"Feature","id":192611,"properties":{"OBJECTID":192611,"PRIMENAME":"Vardon Road","ELEVTYP_F":0,"ELEVTYP_T":0},"geometry":{"type":"LineString","coordinates":[[-74.373021346999,39.4179225474461],[-74.374585264699,39.4177342444147]]}},{"type":"Feature","id":192698,"properties":{"OBJECTID":192698,"PRIMENAME":"Ocean Avenue","ELEVTYP_F":0,"ELEVTYP_T":0},"geometry":{"type":"LineString","coordinates":[[-74.3743157479266,39.3986060854189],[-74.3746769755756,39.3983795194653]]}},{"type":"Feature","id":192980,"properties":{"OBJECTID":192980,"PRIMENAME":"Heald Road","ELEVTYP_F":0,"ELEVTYP_T":0},"geometry":{"type":"LineString","coordinates":[[-74.3654965707402,39.4135809671953],[-74.366328713199,39.4136288219801],[-74.3665341331895,39.4136388053884]]}},{"type":"Feature","id":193069,"properties":{"OBJECTID":193069,"PRIMENAME":"Bayshore Avenue","ELEVTYP_F":0,"ELEVTYP_T":0},"geometry":{"type":"LineString","coordinates":[[-74.3684644134878,39.4110472730729],[-74.3684053280309,39.4113920320944],[-74.3682727271345,39.4121312848959],[-74.368237659542,39.4122958738015],[-74.3681949606084,39.4124335750419],[-74.3681097431351,39.4125950866871],[-74.368070644524,39.4126614980551]]}},{"type":"Feature","id":193756,"properties":{"OBJECTID":193756,"PRIMENAME":"West Brigantine Avenue","ELEVTYP_F":0,"ELEVTYP_T":0},"geometry":{"type":"LineString","coordinates":[[-74.3780890107782,39.3990378457059],[-74.3777163665117,39.399240852427]]}},{"type":"Feature","id":193946,"properties":{"OBJECTID":193946,"PRIMENAME":"Cove Drive","ELEVTYP_F":0,"ELEVTYP_T":0},"geometry":{"type":"LineString","coordinates":[[-74.4042627477348,39.388392181926],[-74.4043865522467,39.3884449727113]]}},{"type":"Feature","id":194133,"properties":{"OBJECTID":194133,"PRIMENAME":"Unnamed Segment","ELEVTYP_F":0,"ELEVTYP_T":0},"geometry":{"type":"LineString","coordinates":[[-74.420693928567,39.3683910986064],[-74.4200794022389,39.3686319948247],[-74.4199652690768,39.3684353077872]]}},{"type":"Feature","id":194193,"properties":{"OBJECTID":194193,"PRIMENAME":"Unnamed Segment","ELEVTYP_F":0,"ELEVTYP_T":0},"geometry":{"type":"LineString","coordinates":[[-74.3844791607689,39.3922391206914],[-74.3842399406145,39.3920341391179],[-74.383901595196,39.3917301876911]]}},{"type":"Feature","id":194634,"properties":{"OBJECTID":194634,"PRIMENAME":"West Brigantine Avenue","ELEVTYP_F":0,"ELEVTYP_T":0},"geometry":{"type":"LineString","coordinates":[[-74.3633145444773,39.4075417874191],[-74.3628816567636,39.4079184203361],[-74.3628719070915,39.4079268655721]]}},{"type":"Feature","id":195200,"properties":{"OBJECTID":195200,"PRIMENAME":"Revere Boulevard","ELEVTYP_F":0,"ELEVTYP_T":0},"geometry":{"type":"LineString","coordinates":[[-74.3770087229794,39.4015624344443],[-74.3766325528383,39.4017683452647]]}},{"type":"Feature","id":195595,"properties":{"OBJECTID":195595,"PRIMENAME":"Harbor Beach Boulevard","ELEVTYP_F":0,"ELEVTYP_T":0},"geometry":{"type":"LineString","coordinates":[[-74.3985181505639,39.3857480479824],[-74.3985873938385,39.3856743053595],[-74.3987361801731,39.3855242472423],[-74.3989921952853,39.3853099510338],[-74.3993000723581,39.3850742554699],[-74.3993412951186,39.3850476858444]]}},{"type":"Feature","id":195750,"properties":{"OBJECTID":195750,"PRIMENAME":"Atlantic Brigantine Boulevard","ELEVTYP_F":0,"ELEVTYP_T":0},"geometry":{"type":"LineString","coordinates":[[-74.4052469021703,39.393467293214],[-74.4053125112584,39.3934389289505],[-74.4058070783571,39.3932184693621],[-74.406586872015,39.3928735215315],[-74.4066951498504,39.3928256225586],[-74.4077204823782,39.3923706890473],[-74.4081793969851,39.3921663253578],[-74.4088726275059,39.391857609731],[-74.40970915258,39.3914851269832]]}},{"type":"Feature","id":196513,"properties":{"OBJECTID":196513,"PRIMENAME":"Bayshore Avenue","ELEVTYP_F":0,"ELEVTYP_T":0},"geometry":{"type":"LineString","coordinates":[[-74.3827680251066,39.4004670987979],[-74.3825771854294,39.4006265115415],[-74.3824366965276,39.4007483311966]]}},{"type":"Feature","id":197172,"properties":{"OBJECTID":197172,"PRIMENAME":"5th Street South","ELEVTYP_F":0,"ELEVTYP_T":0},"geometry":{"type":"LineString","coordinates":[[-74.3660576179806,39.405615884126],[-74.3664550831967,39.4060553154152],[-74.3675827723986,39.4072994507813]]}},{"type":"Feature","id":197243,"properties":{"OBJECTID":197243,"PRIMENAME":"Revere Boulevard","ELEVTYP_F":0,"ELEVTYP_T":0},"geometry":{"type":"LineString","coordinates":[[-74.3841259533701,39.3973246032537],[-74.38401318501,39.3974022752819],[-74.3837779797596,39.3975617827722]]}},{"type":"Feature","id":197501,"properties":{"OBJECTID":197501,"PRIMENAME":"Platt Avenue","ELEVTYP_F":0,"ELEVTYP_T":0},"geometry":{"type":"LineString","coordinates":[[-74.3796095178758,39.4148718634765],[-74.3795214767402,39.4149183653568],[-74.3788585866626,39.4152740067511]]}},{"type":"Feature","id":198727,"properties":{"OBJECTID":198727,"PRIMENAME":"Delmar Drive","ELEVTYP_F":0,"ELEVTYP_T":0},"geometry":{"type":"LineString","coordinates":[[-74.4026384484786,39.3851492799528],[-74.4026282498218,39.3851808194314],[-74.4025986269798,39.3853653300597]]}},{"type":"Feature","id":198863,"properties":{"OBJECTID":198863,"PRIMENAME":"Bayshore Avenue","ELEVTYP_F":0,"ELEVTYP_T":0},"geometry":{"type":"LineString","coordinates":[[-74.3817522857569,39.401194382768],[-74.3816962945767,39.4012179115735],[-74.3814535390081,39.4012904511663],[-74.3812976507512,39.4013294177044]]}},{"type":"Feature","id":198933,"properties":{"OBJECTID":198933,"PRIMENAME":"Ross Drive East","ELEVTYP_F":0,"ELEVTYP_T":0},"geometry":{"type":"LineString","coordinates":[[-74.4009666198484,39.3838004359001],[-74.4007441624826,39.3835867436813],[-74.4002481289016,39.3831338348424],[-74.4001545482893,39.3830584409077]]}},{"type":"Feature","id":199144,"properties":{"OBJECTID":199144,"PRIMENAME":"Unnamed Segment","ELEVTYP_F":0,"ELEVTYP_T":0},"geometry":{"type":"LineString","coordinates":[[-74.3830678501026,39.393151356202],[-74.3835515749719,39.3935766488567],[-74.3848384855502,39.3947225660872]]}},{"type":"Feature","id":199728,"properties":{"OBJECTID":199728,"PRIMENAME":"Bayshore Avenue","ELEVTYP_F":0,"ELEVTYP_T":0},"geometry":{"type":"LineString","coordinates":[[-74.3858933375452,39.3977993438682],[-74.3858263263644,39.3978564422203],[-74.3855825844296,39.3980656413966]]}},{"type":"Feature","id":200156,"properties":{"OBJECTID":200156,"PRIMENAME":"11th Street South","ELEVTYP_F":0,"ELEVTYP_T":0},"geometry":{"type":"LineString","coordinates":[[-74.3721063969922,39.4048307628182],[-74.3723453450137,39.4050919993738],[-74.373181004118,39.40601792273],[-74.3734988991789,39.4063502179929]]}},{"type":"Feature","id":200362,"properties":{"OBJECTID":200362,"PRIMENAME":"8th Street North","ELEVTYP_F":0,"ELEVTYP_T":0},"geometry":{"type":"LineString","coordinates":[[-74.3605856267743,39.4133025710695],[-74.3607718264006,39.4134546825972],[-74.3610844212714,39.4137157561556]]}},{"type":"Feature","id":200650,"properties":{"OBJECTID":200650,"PRIMENAME":"Quay Circle","ELEVTYP_F":0,"ELEVTYP_T":0},"geometry":{"type":"LineString","coordinates":[[-74.3674065198052,39.4129408435279],[-74.3673353723919,39.4123829098264]]}},{"type":"Feature","id":200775,"properties":{"OBJECTID":200775,"PRIMENAME":"Unnamed Segment","ELEVTYP_F":0,"ELEVTYP_T":0},"geometry":{"type":"LineString","coordinates":[[-74.3841259533701,39.3973246032537],[-74.3838322002174,39.3970671525339],[-74.3828653643805,39.3962241452831],[-74.382770637403,39.3961366007557]]}},{"type":"Feature","id":201429,"properties":{"OBJECTID":201429,"PRIMENAME":"Sarazen Road","ELEVTYP_F":0,"ELEVTYP_T":0},"geometry":{"type":"LineString","coordinates":[[-74.3747166591002,39.415640090586],[-74.3746832594823,39.4156121865433],[-74.3745606515258,39.4154690883326],[-74.3744544450871,39.4153196651525],[-74.3743559398447,39.4151449737206],[-74.3743332074893,39.4151046599538]]}},{"type":"Feature","id":201755,"properties":{"OBJECTID":201755,"PRIMENAME":"Revere Boulevard","ELEVTYP_F":0,"ELEVTYP_T":0},"geometry":{"type":"LineString","coordinates":[[-74.3848154540371,39.3968498500373],[-74.384467516009,39.3970894206061]]}},{"type":"Feature","id":202059,"properties":{"OBJECTID":202059,"PRIMENAME":"Unnamed Segment","ELEVTYP_F":0,"ELEVTYP_T":0},"geometry":{"type":"LineString","coordinates":[[-74.420693928567,39.3683910986064],[-74.4207907111229,39.3685314059496]]}},{"type":"Feature","id":202302,"properties":{"OBJECTID":202302,"PRIMENAME":"North New Hampshire Avenue","ELEVTYP_F":0,"ELEVTYP_T":0},"geometry":{"type":"LineString","coordinates":[[-74.415789013537,39.3723660087634],[-74.4157794437646,39.3723519987837],[-74.4155997559155,39.3720680970828],[-74.4152749286203,39.3715548672797],[-74.4149432592709,39.3710545022676]]}},{"type":"Feature","id":202477,"properties":{"OBJECTID":202477,"PRIMENAME":"Atlantic Brigantine Boulevard","ELEVTYP_F":0,"ELEVTYP_T":0},"geometry":{"type":"LineString","coordinates":[[-74.3851107394036,39.3949446023558],[-74.3850796671025,39.3949466309084],[-74.3848907296452,39.3949725548493],[-74.3847789343119,39.3949972136024]]}},{"type":"Feature","id":202688,"properties":{"OBJECTID":202688,"PRIMENAME":"10th Street South","ELEVTYP_F":0,"ELEVTYP_T":0},"geometry":{"type":"LineString","coordinates":[[-74.371342623967,39.4052457770102],[-74.3701673243799,39.403931088976],[-74.3698237667279,39.4035585592659]]}},{"type":"Feature","id":202917,"properties":{"OBJECTID":202917,"PRIMENAME":"10th Street North","ELEVTYP_F":0,"ELEVTYP_T":0},"geometry":{"type":"LineString","coordinates":[[-74.3582994517533,39.4134166906078],[-74.3584214765805,39.4135146670458],[-74.3597776672705,39.4146329638395],[-74.3598047483291,39.4146552930962]]}},{"type":"Feature","id":203870,"properties":{"OBJECTID":203870,"PRIMENAME":"24th Street South","ELEVTYP_F":0,"ELEVTYP_T":0},"geometry":{"type":"LineString","coordinates":[[-74.3779975740026,39.3952143432118],[-74.3786339933505,39.3959163034633]]}},{"type":"Feature","id":203975,"properties":{"OBJECTID":203975,"PRIMENAME":"13th Street South","ELEVTYP_F":0,"ELEVTYP_T":0},"geometry":{"type":"LineString","coordinates":[[-74.3705511290007,39.4006456297783],[-74.3713331736698,39.4015285661408],[-74.3720668679953,39.402329951951]]}},{"type":"Feature","id":204151,"properties":{"OBJECTID":204151,"PRIMENAME":"Bayshore Avenue","ELEVTYP_F":0,"ELEVTYP_T":0},"geometry":{"type":"LineString","coordinates":[[-74.3939385755456,39.3922473592547],[-74.3946910522335,39.3919365751694]]}},{"type":"Feature","id":204285,"properties":{"OBJECTID":204285,"PRIMENAME":"Vardon Road","ELEVTYP_F":0,"ELEVTYP_T":0},"geometry":{"type":"LineString","coordinates":[[-74.374585264699,39.4177342444147],[-74.3758429382496,39.4175894710056],[-74.3776454795323,39.4173689830483],[-74.3777356314364,39.4173532084278],[-74.3778175691295,39.4173373971858],[-74.3779459326672,39.4173117501198]]}},{"type":"Feature","id":204418,"properties":{"OBJECTID":204418,"PRIMENAME":"FR RAMP A100170 to RT 87 SB","ELEVTYP_F":0,"ELEVTYP_T":0},"geometry":{"type":"LineString","coordinates":[[-74.4191954053117,39.3869460033215],[-74.4192398456922,39.3870077294317],[-74.4192556366929,39.3870601276262],[-74.4192635480881,39.3871032672788],[-74.4192674544091,39.3871525818747],[-74.4192575990675,39.3871956560514],[-74.4192574159597,39.3871963972872]]}},{"type":"Feature","id":204663,"properties":{"OBJECTID":204663,"PRIMENAME":"West Brigantine Avenue","ELEVTYP_F":0,"ELEVTYP_T":0},"geometry":{"type":"LineString","coordinates":[[-74.3869169401924,39.3933063913051],[-74.3865775656535,39.3935396061773]]}},{"type":"Feature","id":204681,"properties":{"OBJECTID":204681,"PRIMENAME":"FR RT 87 SB to RAMP B100170","ELEVTYP_F":0,"ELEVTYP_T":0},"geometry":{"type":"LineString","coordinates":[[-74.4193050862542,39.3871752875536],[-74.4193140341309,39.3870462200639],[-74.4192797877244,39.386981906735],[-74.4192455402198,39.3869175933945]]}},{"type":"Feature","id":204877,"properties":{"OBJECTID":204877,"PRIMENAME":"Sheridan Place","ELEVTYP_F":0,"ELEVTYP_T":0},"geometry":{"type":"LineString","coordinates":[[-74.365741486782,39.4106592502532],[-74.3657407087322,39.4106774257254],[-74.3657565814179,39.4107617626523]]}},{"type":"Feature","id":205883,"properties":{"OBJECTID":205883,"PRIMENAME":"37th Street South","ELEVTYP_F":0,"ELEVTYP_T":0},"geometry":{"type":"LineString","coordinates":[[-74.386841364535,39.3899269345519],[-74.3872315691425,39.3901984474827]]}},{"type":"Feature","id":205940,"properties":{"OBJECTID":205940,"PRIMENAME":"Grammercy Place","ELEVTYP_F":0,"ELEVTYP_T":0},"geometry":{"type":"LineString","coordinates":[[-74.4153052347902,39.3692504227159],[-74.414630820511,39.3695230414381],[-74.4145275123007,39.3695648648934]]}},{"type":"Feature","id":206013,"properties":{"OBJECTID":206013,"PRIMENAME":"Collette Circle","ELEVTYP_F":0,"ELEVTYP_T":0},"geometry":{"type":"LineString","coordinates":[[-74.3757094804585,39.4162177687995],[-74.3761977077781,39.4161634035988],[-74.3767384551042,39.4160941008821],[-74.376873653928,39.4160847171817],[-74.3769678413591,39.4160879741333],[-74.3770497342445,39.416097587577],[-74.3771314978486,39.4161199966992],[-74.3771904091212,39.4161548180955],[-74.3772665670897,39.4162249131914],[-74.3773197127352,39.4162980304796],[-74.3773482623536,39.4163679645083],[-74.377352199221,39.4164442151206],[-74.3773315885172,39.4165299676182],[-74.3773029078879,39.4165758169462],[-74.3772740948231,39.4166157082324],[-74.3772002501367,39.4166791376467],[-74.3771327744524,39.416723847899],[-74.3770808490919,39.4167420783969],[-74.3770116362334,39.4167542155984],[-74.3769770303783,39.4167602828332],[-74.3768473798312,39.416773900883]]}},{"type":"Feature","id":206678,"properties":{"OBJECTID":206678,"PRIMENAME":"Revere Boulevard","ELEVTYP_F":0,"ELEVTYP_T":0},"geometry":{"type":"LineString","coordinates":[[-74.3868959086968,39.3954395532033],[-74.3865450889431,39.3956757501351]]}},{"type":"Feature","id":207393,"properties":{"OBJECTID":207393,"PRIMENAME":"North New Jersey Avenue","ELEVTYP_F":0,"ELEVTYP_T":0},"geometry":{"type":"LineString","coordinates":[[-74.421194148401,39.3685301151373],[-74.4214252396864,39.368870258931],[-74.4216319158788,39.3691744624806]]}},{"type":"Feature","id":207804,"properties":{"OBJECTID":207804,"PRIMENAME":"11th Street North","ELEVTYP_F":0,"ELEVTYP_T":0},"geometry":{"type":"LineString","coordinates":[[-74.360573691544,39.4162915215586],[-74.3596474416723,39.4155342848487],[-74.3591568713214,39.4151305756037]]}},{"type":"Feature","id":207845,"properties":{"OBJECTID":207845,"PRIMENAME":"Lighthouse Drive","ELEVTYP_F":0,"ELEVTYP_T":0},"geometry":{"type":"LineString","coordinates":[[-74.4010412690115,39.3848306715971],[-74.4011241139383,39.3849194542576],[-74.4012322722704,39.3850474388848],[-74.4013172767974,39.3851609620606],[-74.4013827792854,39.385278998797],[-74.401448285778,39.3853943447915],[-74.4015171786106,39.3855419001119],[-74.4015619445268,39.3856626089929],[-74.4016066219063,39.3858208516403],[-74.4016409681013,39.3859790864348],[-74.4016614608105,39.386150734211],[-74.4016715986854,39.3863143020127],[-74.4016679092541,39.3864725037379],[-74.4016469496869,39.3866333815682],[-74.4016156498392,39.3867996050345],[-74.4015704875752,39.3869604623757],[-74.4014942721964,39.3871627259483]]}},{"type":"Feature","id":208223,"properties":{"OBJECTID":208223,"PRIMENAME":"Galleon Court","ELEVTYP_F":0,"ELEVTYP_T":0},"geometry":{"type":"LineString","coordinates":[[-74.4169069992762,39.3727412231631],[-74.4167713764356,39.372526736746]]}},{"type":"Feature","id":208370,"properties":{"OBJECTID":208370,"PRIMENAME":"Vernon Place","ELEVTYP_F":0,"ELEVTYP_T":0},"geometry":{"type":"LineString","coordinates":[[-74.3634883359753,39.4073905414524],[-74.3642167368784,39.4081871108068],[-74.364925337019,39.4089632520593]]}},{"type":"Feature","id":208779,"properties":{"OBJECTID":208779,"PRIMENAME":"Bayshore Avenue","ELEVTYP_F":0,"ELEVTYP_T":0},"geometry":{"type":"LineString","coordinates":[[-74.3776359789537,39.4022497561838],[-74.3773142096453,39.4023302220426],[-74.3771743901576,39.4023657409071]]}},{"type":"Feature","id":208996,"properties":{"OBJECTID":208996,"PRIMENAME":"Surfside Road","ELEVTYP_F":0,"ELEVTYP_T":0},"geometry":{"type":"LineString","coordinates":[[-74.4018210037359,39.3835010006023],[-74.401811301763,39.3833502867006]]}},{"type":"Feature","id":209395,"properties":{"OBJECTID":209395,"PRIMENAME":"West Shore Drive","ELEVTYP_F":0,"ELEVTYP_T":0},"geometry":{"type":"LineString","coordinates":[[-74.3685840834752,39.4103494367687],[-74.3688590323006,39.4103848917848],[-74.3693118903894,39.4104305666496],[-74.369557724412,39.4104584367882],[-74.3697101616399,39.4104743725264],[-74.3697517908524,39.4104787249699],[-74.3699135600233,39.4104889544027],[-74.3700433213408,39.4104958166979],[-74.3701076800835,39.4104992206348],[-74.3702920865091,39.4104994263731],[-74.3704700631622,39.4104921020679],[-74.3706136510478,39.4104771599077]]}},{"type":"Feature","id":209446,"properties":{"OBJECTID":209446,"PRIMENAME":"Girard Place","ELEVTYP_F":0,"ELEVTYP_T":0},"geometry":{"type":"LineString","coordinates":[[-74.3678677986071,39.4091898524059],[-74.3678030432423,39.4094814484912],[-74.3676391293894,39.4104571481248],[-74.3675509068127,39.4109536802397]]}},{"type":"Feature","id":209486,"properties":{"OBJECTID":209486,"PRIMENAME":"Unnamed Segment","ELEVTYP_F":0,"ELEVTYP_T":0},"geometry":{"type":"LineString","coordinates":[[-74.3784685237188,39.3988322911804],[-74.3781895206008,39.3985263253271],[-74.377492889953,39.3977618630805],[-74.3768342845478,39.3970352435538]]}},{"type":"Feature","id":209783,"properties":{"OBJECTID":209783,"PRIMENAME":"2nd Street South","ELEVTYP_F":0,"ELEVTYP_T":0},"geometry":{"type":"LineString","coordinates":[[-74.3635715465228,39.4065908035152],[-74.3639368545761,39.4069984667602]]}},{"type":"Feature","id":209833,"properties":{"OBJECTID":209833,"PRIMENAME":"34th Street South","ELEVTYP_F":0,"ELEVTYP_T":0},"geometry":{"type":"LineString","coordinates":[[-74.3849717330707,39.3910488722094],[-74.3854812461429,39.3914982618897]]}},{"type":"Feature","id":210200,"properties":{"OBJECTID":210200,"PRIMENAME":"Melrose Avenue","ELEVTYP_F":0,"ELEVTYP_T":0},"geometry":{"type":"LineString","coordinates":[[-74.4195619533275,39.3708388188913],[-74.4201904874499,39.3705913186775]]}},{"type":"Feature","id":210739,"properties":{"OBJECTID":210739,"PRIMENAME":"Harbor Beach Boulevard","ELEVTYP_F":0,"ELEVTYP_T":0},"geometry":{"type":"LineString","coordinates":[[-74.400472522522,39.3842983797019],[-74.4004814831265,39.384292401512],[-74.4007389125059,39.3841208530578],[-74.4009175029613,39.384005797616],[-74.4009380310665,39.3839930939152]]}},{"type":"Feature","id":211440,"properties":{"OBJECTID":211440,"PRIMENAME":"Evans Boulevard","ELEVTYP_F":0,"ELEVTYP_T":0},"geometry":{"type":"LineString","coordinates":[[-74.365978383702,39.4093651149112],[-74.3659470937945,39.4093655725017],[-74.3658120028795,39.4093804079079],[-74.3656923712986,39.4093982264435],[-74.3655726887428,39.4094250230863],[-74.3654105149906,39.4094607487472],[-74.3653530820599,39.4094765246894]]}},{"type":"Feature","id":211730,"properties":{"OBJECTID":211730,"PRIMENAME":"Lafayette Place","ELEVTYP_F":0,"ELEVTYP_T":0},"geometry":{"type":"LineString","coordinates":[[-74.3657565814179,39.4107617626523],[-74.365859737145,39.4107719030503]]}},{"type":"Feature","id":211808,"properties":{"OBJECTID":211808,"PRIMENAME":"Unnamed Segment","ELEVTYP_F":0,"ELEVTYP_T":0},"geometry":{"type":"LineString","coordinates":[[-74.3808420247287,39.4014433089019],[-74.3799694231333,39.400487693228],[-74.3796418421451,39.4001254499816]]}},{"type":"Feature","id":211975,"properties":{"OBJECTID":211975,"PRIMENAME":"Lagoon Boulevard","ELEVTYP_F":0,"ELEVTYP_T":0},"geometry":{"type":"LineString","coordinates":[[-74.4042627477348,39.388392181926],[-74.4042016795151,39.3884664841149],[-74.4039993834779,39.3886800667156],[-74.4037542576892,39.3889030864032],[-74.4034784474913,39.3891308300607],[-74.4034152602508,39.3891757241926]]}},{"type":"Feature","id":212282,"properties":{"OBJECTID":212282,"PRIMENAME":"West Brigantine Avenue","ELEVTYP_F":0,"ELEVTYP_T":0},"geometry":{"type":"LineString","coordinates":[[-74.3796027990528,39.3982160553064],[-74.3792652273058,39.3984019700281],[-74.3792264763832,39.3984229347438]]}},{"type":"Feature","id":212476,"properties":{"OBJECTID":212476,"PRIMENAME":"Bayshore Avenue","ELEVTYP_F":0,"ELEVTYP_T":0},"geometry":{"type":"LineString","coordinates":[[-74.3790097215145,39.4019054602248],[-74.3788418281813,39.401947843041],[-74.3785492001769,39.402021148852]]}},{"type":"Feature","id":212897,"properties":{"OBJECTID":212897,"PRIMENAME":"Shipmaster Drive","ELEVTYP_F":0,"ELEVTYP_T":0},"geometry":{"type":"LineString","coordinates":[[-74.4033084885939,39.3912150557443],[-74.4033623439083,39.3915741774115],[-74.4034111153611,39.3919674866486],[-74.4034238668986,39.3920703141579]]}},{"type":"Feature","id":213028,"properties":{"OBJECTID":213028,"PRIMENAME":"8th Street South","ELEVTYP_F":0,"ELEVTYP_T":0},"geometry":{"type":"LineString","coordinates":[[-74.3704923116225,39.4067881355595],[-74.3698473185094,39.406062591735]]}},{"type":"Feature","id":213066,"properties":{"OBJECTID":213066,"PRIMENAME":"Revere Boulevard","ELEVTYP_F":0,"ELEVTYP_T":0},"geometry":{"type":"LineString","coordinates":[[-74.3758777987227,39.4021809551646],[-74.3755080368601,39.4023817336838]]}},{"type":"Feature","id":213660,"properties":{"OBJECTID":213660,"PRIMENAME":"Bayshore Avenue","ELEVTYP_F":0,"ELEVTYP_T":0},"geometry":{"type":"LineString","coordinates":[[-74.3685840834752,39.4103494367687],[-74.3684644134878,39.4110472730729]]}},{"type":"Feature","id":214167,"properties":{"OBJECTID":214167,"PRIMENAME":"North New Hampshire Avenue","ELEVTYP_F":0,"ELEVTYP_T":0},"geometry":{"type":"LineString","coordinates":[[-74.4186112204514,39.3765723177352],[-74.4188565213851,39.3769139399119],[-74.4191265460827,39.377323040163],[-74.4191592775584,39.3773481305589],[-74.4192168278788,39.3773864728316],[-74.4194232663254,39.377503031729],[-74.4194491131798,39.3775146367012],[-74.4194695555615,39.3775204439384],[-74.4194879864377,39.3775212259805],[-74.4195108790578,39.3775189348506],[-74.4202597865408,39.3774010853185]]}},{"type":"Feature","id":214236,"properties":{"OBJECTID":214236,"PRIMENAME":"16th Street South","ELEVTYP_F":0,"ELEVTYP_T":0},"geometry":{"type":"LineString","coordinates":[[-74.3759041251959,39.4028225871832],[-74.3762607981961,39.4032196309955],[-74.3763453644329,39.4033104920783]]}},{"type":"Feature","id":215019,"properties":{"OBJECTID":215019,"PRIMENAME":"Shipmaster Drive","ELEVTYP_F":0,"ELEVTYP_T":0},"geometry":{"type":"LineString","coordinates":[[-74.4026606855998,39.389619425534],[-74.4027062146719,39.3896778907164],[-74.4027358134343,39.3897158879896]]}},{"type":"Feature","id":215042,"properties":{"OBJECTID":215042,"PRIMENAME":"Sheridan Place","ELEVTYP_F":0,"ELEVTYP_T":0},"geometry":{"type":"LineString","coordinates":[[-74.3655626076916,39.4128866421783],[-74.3655542967812,39.4129753443593],[-74.3654965707402,39.4135809671953]]}},{"type":"Feature","id":215105,"properties":{"OBJECTID":215105,"PRIMENAME":"Club Drive","ELEVTYP_F":0,"ELEVTYP_T":0},"geometry":{"type":"LineString","coordinates":[[-74.3965520167013,39.3857874744655],[-74.395897483384,39.3850963296479]]}},{"type":"Feature","id":215328,"properties":{"OBJECTID":215328,"PRIMENAME":"Sunrise Avenue","ELEVTYP_F":0,"ELEVTYP_T":0},"geometry":{"type":"LineString","coordinates":[[-74.4130711721903,39.3709881292418],[-74.4134635900781,39.3708307497096]]}},{"type":"Feature","id":215634,"properties":{"OBJECTID":215634,"PRIMENAME":"45th Cove","ELEVTYP_F":0,"ELEVTYP_T":0},"geometry":{"type":"LineString","coordinates":[[-74.3953727790726,39.3885279613339],[-74.3958101471763,39.3881518136741],[-74.3958857917049,39.3881072095583],[-74.3959722439677,39.3880765631216],[-74.3960658606821,39.3880570975069],[-74.3961450531665,39.3880543676125],[-74.3962529994502,39.3880600380895],[-74.3965229351597,39.3880854280284]]}},{"type":"Feature","id":216821,"properties":{"OBJECTID":216821,"PRIMENAME":"Ocean Avenue","ELEVTYP_F":0,"ELEVTYP_T":0},"geometry":{"type":"LineString","coordinates":[[-74.3834242017119,39.3929285737562],[-74.3837854042434,39.3927027206095]]}},{"type":"Feature","id":216891,"properties":{"OBJECTID":216891,"PRIMENAME":"Ocean Drive West","ELEVTYP_F":0,"ELEVTYP_T":0},"geometry":{"type":"LineString","coordinates":[[-74.4098169618699,39.3814030912019],[-74.4094412858865,39.3808100923736],[-74.4093411131118,39.3806560927037]]}},{"type":"Feature","id":217238,"properties":{"OBJECTID":217238,"PRIMENAME":"32nd Street South","ELEVTYP_F":0,"ELEVTYP_T":0},"geometry":{"type":"LineString","coordinates":[[-74.3858866293255,39.3940107997345],[-74.3864506559488,39.3945092205236],[-74.3868770900282,39.3948875754149]]}},{"type":"Feature","id":217624,"properties":{"OBJECTID":217624,"PRIMENAME":"West Shore Drive","ELEVTYP_F":0,"ELEVTYP_T":0},"geometry":{"type":"LineString","coordinates":[[-74.3720620462377,39.4100046986891],[-74.3720951377587,39.4099869154185],[-74.3722149916153,39.4099042382392],[-74.3723445666573,39.4098089973131],[-74.372483894125,39.4097037446122],[-74.3725940268525,39.409633603648],[-74.3727267525081,39.4095760084384],[-74.3728594740708,39.4095410087796],[-74.3729986761483,39.4095035181206],[-74.3731378102387,39.4094835991575],[-74.3732607784071,39.4094787085078],[-74.3733675222978,39.4094813505892],[-74.3734742920016,39.409488990248],[-74.3735745314203,39.4095066990796],[-74.3736682903639,39.409526843762],[-74.3737847392104,39.409564612848],[-74.3739173098845,39.4096124486325],[-74.3740045768577,39.4096602352119],[-74.3740982672266,39.4097180500945],[-74.374188745427,39.409790935441],[-74.3742598099329,39.4098537503939],[-74.3743276319653,39.409929109065],[-74.3743889239527,39.4100145099875],[-74.3744534754998,39.4101174863293],[-74.3746340653009,39.4104489715335],[-74.3748011708919,39.4107417272859]]}},{"type":"Feature","id":218499,"properties":{"OBJECTID":218499,"PRIMENAME":"Delmar Drive","ELEVTYP_F":0,"ELEVTYP_T":0},"geometry":{"type":"LineString","coordinates":[[-74.4031150801995,39.3862213093089],[-74.4031728104689,39.3862056247955],[-74.4033491033206,39.3861414133165],[-74.4036879404621,39.3860264037803],[-74.4038469282814,39.3859889743805],[-74.4039573908186,39.3859642997621]]}},{"type":"Feature","id":220202,"properties":{"OBJECTID":220202,"PRIMENAME":"North Vermont Avenue","ELEVTYP_F":0,"ELEVTYP_T":0},"geometry":{"type":"LineString","coordinates":[[-74.4157442123077,39.3699069286764],[-74.4161771938199,39.3705551645793]]}},{"type":"Feature","id":220558,"properties":{"OBJECTID":220558,"PRIMENAME":"Duncan Place","ELEVTYP_F":0,"ELEVTYP_T":0},"geometry":{"type":"LineString","coordinates":[[-74.3726285513717,39.4158888303744],[-74.3747166591002,39.415640090586]]}},{"type":"Feature","id":221323,"properties":{"OBJECTID":221323,"PRIMENAME":"West Brigantine Avenue","ELEVTYP_F":0,"ELEVTYP_T":0},"geometry":{"type":"LineString","coordinates":[[-74.3879519465396,39.3925958824358],[-74.3876815162991,39.3927809811078],[-74.3876023420099,39.392835406016]]}},{"type":"Feature","id":221566,"properties":{"OBJECTID":221566,"PRIMENAME":"Club Drive","ELEVTYP_F":0,"ELEVTYP_T":0},"geometry":{"type":"LineString","coordinates":[[-74.3966588462448,39.3859002232152],[-74.3965520167013,39.3857874744655]]}},{"type":"Feature","id":221694,"properties":{"OBJECTID":221694,"PRIMENAME":"44th Street South","ELEVTYP_F":0,"ELEVTYP_T":0},"geometry":{"type":"LineString","coordinates":[[-74.3964617793762,39.3911114743458],[-74.3964606619944,39.3912210526273]]}},{"type":"Feature","id":221721,"properties":{"OBJECTID":221721,"PRIMENAME":"Bayshore Avenue","ELEVTYP_F":0,"ELEVTYP_T":0},"geometry":{"type":"LineString","coordinates":[[-74.3731774168369,39.4072560973593],[-74.3731417620024,39.4073026245438],[-74.3730510237658,39.4073953829365],[-74.3729440614905,39.4074956479386],[-74.3728468763433,39.4075708542095],[-74.372733513472,39.4076485145031],[-74.3726007086574,39.4077312059951],[-74.3725142072407,39.4077705384391]]}},{"type":"Feature","id":222398,"properties":{"OBJECTID":222398,"PRIMENAME":"27th Street South","ELEVTYP_F":0,"ELEVTYP_T":0},"geometry":{"type":"LineString","coordinates":[[-74.3805523597824,39.3947187124852],[-74.3811886441568,39.3952834032121],[-74.3824273380541,39.3963731495299]]}},{"type":"Feature","id":222688,"properties":{"OBJECTID":222688,"PRIMENAME":"Grammercy Place","ELEVTYP_F":0,"ELEVTYP_T":0},"geometry":{"type":"LineString","coordinates":[[-74.4145275123007,39.3695648648934],[-74.4140523105425,39.3697572887273]]}},{"type":"Feature","id":223176,"properties":{"OBJECTID":223176,"PRIMENAME":"Mediterranean Avenue","ELEVTYP_F":0,"ELEVTYP_T":0},"geometry":{"type":"LineString","coordinates":[[-74.4144006494831,39.3729352979908],[-74.4144062842987,39.3729276695934],[-74.4144161635119,39.3729200163921],[-74.4144636297243,39.3728967401933],[-74.4146574043586,39.3728208002561],[-74.4146826263738,39.3728106648475],[-74.4153330316278,39.3725492706042],[-74.4156578132559,39.3724187407106]]}},{"type":"Feature","id":223911,"properties":{"OBJECTID":223911,"PRIMENAME":"Hudson Drive","ELEVTYP_F":0,"ELEVTYP_T":0},"geometry":{"type":"LineString","coordinates":[[-74.3947202640404,39.3880619556489],[-74.3959432514713,39.3870134177647]]}},{"type":"Feature","id":225918,"properties":{"OBJECTID":225918,"PRIMENAME":"Drexel Avenue","ELEVTYP_F":0,"ELEVTYP_T":0},"geometry":{"type":"LineString","coordinates":[[-74.4176095725447,39.3724595077864],[-74.4173306047584,39.3725713505946]]}},{"type":"Feature","id":226078,"properties":{"OBJECTID":226078,"PRIMENAME":"Schooner Road","ELEVTYP_F":0,"ELEVTYP_T":0},"geometry":{"type":"LineString","coordinates":[[-74.3985661536155,39.3872464236667],[-74.3986136249433,39.3870839498666],[-74.3986690635342,39.3869660169914],[-74.398748785699,39.3868159266539],[-74.3988561441173,39.3866390072768],[-74.3989808041981,39.3864621577659],[-74.3991435021836,39.3862585160082],[-74.3992992503316,39.3860897102533],[-74.399506870644,39.3858941510337],[-74.3996729383636,39.3857575331523],[-74.3998597389078,39.3856209328748],[-74.4001225961981,39.3854441739326],[-74.4001789056253,39.3854073198526]]}},{"type":"Feature","id":226101,"properties":{"OBJECTID":226101,"PRIMENAME":"16th Street South","ELEVTYP_F":0,"ELEVTYP_T":0},"geometry":{"type":"LineString","coordinates":[[-74.3755080368601,39.4023817336838],[-74.3759041251959,39.4028225871832]]}},{"type":"Feature","id":226511,"properties":{"OBJECTID":226511,"PRIMENAME":"John Kelley Circle","ELEVTYP_F":0,"ELEVTYP_T":0},"geometry":{"type":"LineString","coordinates":[[-74.4145275123007,39.3695648648934],[-74.4138596200118,39.3685840860271]]}},{"type":"Feature","id":226654,"properties":{"OBJECTID":226654,"PRIMENAME":"Evans Boulevard","ELEVTYP_F":0,"ELEVTYP_T":0},"geometry":{"type":"LineString","coordinates":[[-74.3671819901288,39.4093846985849],[-74.3671124586759,39.4093938722201],[-74.3670082478739,39.4093997380687],[-74.3668770750407,39.4094011536437]]}},{"type":"Feature","id":226675,"properties":{"OBJECTID":226675,"PRIMENAME":"Sheridan Place","ELEVTYP_F":0,"ELEVTYP_T":0},"geometry":{"type":"LineString","coordinates":[[-74.3656971873337,39.4114451951086],[-74.3656527665369,39.4119247267836],[-74.3656298199735,39.4121697767498]]}},{"type":"Feature","id":227486,"properties":{"OBJECTID":227486,"PRIMENAME":"East Shore Drive","ELEVTYP_F":0,"ELEVTYP_T":0},"geometry":{"type":"LineString","coordinates":[[-74.3646633873595,39.4162344074964],[-74.3645287968618,39.4163101153644],[-74.3643227839808,39.4164193711872],[-74.3640076536535,39.416594312522],[-74.3638540917059,39.4167068140397],[-74.3637409443671,39.4167880905079],[-74.3636156123144,39.416891234824],[-74.3634660890615,39.4170193910632],[-74.3633710676203,39.4171218013968],[-74.3633326413954,39.4171632155976],[-74.3632534719229,39.4172460412368]]}},{"type":"Feature","id":227495,"properties":{"OBJECTID":227495,"PRIMENAME":"32nd Street South","ELEVTYP_F":0,"ELEVTYP_T":0},"geometry":{"type":"LineString","coordinates":[[-74.3868770900282,39.3948875754149],[-74.3872327493316,39.3952031497844]]}},{"type":"Feature","id":227957,"properties":{"OBJECTID":227957,"PRIMENAME":"Ocean Avenue","ELEVTYP_F":0,"ELEVTYP_T":0},"geometry":{"type":"LineString","coordinates":[[-74.3690218236676,39.4014479001366],[-74.3691428662309,39.4013861773043],[-74.3697783175317,39.4010499980927]]}},{"type":"Feature","id":228085,"properties":{"OBJECTID":228085,"PRIMENAME":"Lafayette Place","ELEVTYP_F":0,"ELEVTYP_T":0},"geometry":{"type":"LineString","coordinates":[[-74.3675509068127,39.4109536802397],[-74.3684644134878,39.4110472730729]]}},{"type":"Feature","id":228368,"properties":{"OBJECTID":228368,"PRIMENAME":"Bayshore Avenue","ELEVTYP_F":0,"ELEVTYP_T":0},"geometry":{"type":"LineString","coordinates":[[-74.3849647184123,39.3985958224687],[-74.3848447936649,39.3986987755615],[-74.3846470484465,39.3988673001476]]}},{"type":"Feature","id":228374,"properties":{"OBJECTID":228374,"PRIMENAME":"Unnamed Segment","ELEVTYP_F":0,"ELEVTYP_T":0},"geometry":{"type":"LineString","coordinates":[[-74.3974752656998,39.3932606885625],[-74.3964909638154,39.3932681603518]]}},{"type":"Feature","id":228567,"properties":{"OBJECTID":228567,"PRIMENAME":"Revere Boulevard","ELEVTYP_F":0,"ELEVTYP_T":0},"geometry":{"type":"LineString","coordinates":[[-74.3858488272382,39.3961444662858],[-74.3855066443532,39.396374819609]]}},{"type":"Feature","id":228613,"properties":{"OBJECTID":228613,"PRIMENAME":"25th Street South","ELEVTYP_F":0,"ELEVTYP_T":0},"geometry":{"type":"LineString","coordinates":[[-74.3791151754814,39.3956166223308],[-74.3795172519442,39.3959609329216]]}},{"type":"Feature","id":228911,"properties":{"OBJECTID":228911,"PRIMENAME":"Ocean Avenue","ELEVTYP_F":0,"ELEVTYP_T":0},"geometry":{"type":"LineString","coordinates":[[-74.3801944308303,39.3949421149962],[-74.3803574194522,39.3948402270258],[-74.3805523597824,39.3947187124852]]}},{"type":"Feature","id":228964,"properties":{"OBJECTID":228964,"PRIMENAME":"Caverly Drive","ELEVTYP_F":0,"ELEVTYP_T":0},"geometry":{"type":"LineString","coordinates":[[-74.3769424892755,39.4145621917689],[-74.3766105728853,39.4143021843619],[-74.3762792058683,39.4140730929702],[-74.3757596663858,39.4137294431455],[-74.3753096319975,39.4134747970773],[-74.3748472604588,39.413232848092],[-74.3743889413408,39.4130226963106],[-74.373926490133,39.4128284085534],[-74.3735253726514,39.4126786374781],[-74.3732470526345,39.4125830334255],[-74.3731488341195,39.4125416318494],[-74.3730588558758,39.4124843418431],[-74.3729607240597,39.412395303135],[-74.3728748810264,39.4123030655146],[-74.372813606782,39.4121886418349],[-74.3727770037797,39.4120742180783],[-74.3727730765492,39.4119757273858],[-74.3727814725293,39.4118740928592],[-74.3728062040333,39.4117819760407],[-74.3728414945605,39.4117034070973]]}},{"type":"Feature","id":229178,"properties":{"OBJECTID":229178,"PRIMENAME":"Sandy Lane","ELEVTYP_F":0,"ELEVTYP_T":0},"geometry":{"type":"LineString","coordinates":[[-74.406700141421,39.3809460069587],[-74.4066134757611,39.380828972253]]}},{"type":"Feature","id":229373,"properties":{"OBJECTID":229373,"PRIMENAME":"Brant Road","ELEVTYP_F":0,"ELEVTYP_T":0},"geometry":{"type":"LineString","coordinates":[[-74.3993412951186,39.3850476858444],[-74.3992385053939,39.3849536951076]]}},{"type":"Feature","id":229460,"properties":{"OBJECTID":229460,"PRIMENAME":"Sheridan Place","ELEVTYP_F":0,"ELEVTYP_T":0},"geometry":{"type":"LineString","coordinates":[[-74.3656298199735,39.4121697767498],[-74.3655626076916,39.4128866421783]]}},{"type":"Feature","id":229997,"properties":{"OBJECTID":229997,"PRIMENAME":"North Connecticut Avenue","ELEVTYP_F":0,"ELEVTYP_T":0},"geometry":{"type":"LineString","coordinates":[[-74.4207386248787,39.3703648590514],[-74.4206977000881,39.3702505420627],[-74.4203119607838,39.3697056446437]]}},{"type":"Feature","id":230232,"properties":{"OBJECTID":230232,"PRIMENAME":"Lighthouse Cove","ELEVTYP_F":0,"ELEVTYP_T":0},"geometry":{"type":"LineString","coordinates":[[-74.4014942721964,39.3871627259483],[-74.3999683352278,39.3867495922037],[-74.3997510711155,39.3866907682064]]}},{"type":"Feature","id":230488,"properties":{"OBJECTID":230488,"PRIMENAME":"6th Street South","ELEVTYP_F":0,"ELEVTYP_T":0},"geometry":{"type":"LineString","coordinates":[[-74.3689867647349,39.4076079488723],[-74.3690528488752,39.4076807549131],[-74.3696598097111,39.4083440446671],[-74.3696613649229,39.4083457209999]]}},{"type":"Feature","id":230724,"properties":{"OBJECTID":230724,"PRIMENAME":"21st Street South","ELEVTYP_F":0,"ELEVTYP_T":0},"geometry":{"type":"LineString","coordinates":[[-74.3764724008512,39.3972605256177],[-74.3768676673267,39.3976922871353],[-74.3779790558278,39.3989173885327],[-74.3780890107782,39.3990378457059]]}},{"type":"Feature","id":231112,"properties":{"OBJECTID":231112,"PRIMENAME":"North Massachusetts Avenue","ELEVTYP_F":0,"ELEVTYP_T":0},"geometry":{"type":"LineString","coordinates":[[-74.4195619533275,39.3708388188913],[-74.4197869092103,39.3711710353541]]}},{"type":"Feature","id":231293,"properties":{"OBJECTID":231293,"PRIMENAME":"Lighthouse Court","ELEVTYP_F":0,"ELEVTYP_T":0},"geometry":{"type":"LineString","coordinates":[[-74.4178853007963,39.3748272074419],[-74.4178888981166,39.3748327454407],[-74.4181578844776,39.3752188398328],[-74.4183482857935,39.3754921334455],[-74.4190697627706,39.3751939829251],[-74.420103219893,39.374766894693],[-74.419933198591,39.374520551177],[-74.4196557634543,39.3741185764757]]}},{"type":"Feature","id":231393,"properties":{"OBJECTID":231393,"PRIMENAME":"North Houston Avenue","ELEVTYP_F":0,"ELEVTYP_T":0},"geometry":{"type":"LineString","coordinates":[[-74.4172279007957,39.3684745077354],[-74.4180982980207,39.3697765426625]]}},{"type":"Feature","id":231450,"properties":{"OBJECTID":231450,"PRIMENAME":"Ocean Avenue","ELEVTYP_F":0,"ELEVTYP_T":0},"geometry":{"type":"LineString","coordinates":[[-74.3854812461429,39.3914982618897],[-74.3858129225446,39.3912520007281]]}},{"type":"Feature","id":232370,"properties":{"OBJECTID":232370,"PRIMENAME":"South Roosevelt Boulevard","ELEVTYP_F":0,"ELEVTYP_T":0},"geometry":{"type":"LineString","coordinates":[[-74.3645698823689,39.409546535737],[-74.364350004972,39.40933203654]]}},{"type":"Feature","id":232409,"properties":{"OBJECTID":232409,"PRIMENAME":"Lafayette Place","ELEVTYP_F":0,"ELEVTYP_T":0},"geometry":{"type":"LineString","coordinates":[[-74.3765532088226,39.4133159986821],[-74.3768717432149,39.4135424697239],[-74.3773157762091,39.4138581624124]]}},{"type":"Feature","id":233426,"properties":{"OBJECTID":233426,"PRIMENAME":"Revere Boulevard","ELEVTYP_F":0,"ELEVTYP_T":0},"geometry":{"type":"LineString","coordinates":[[-74.3796418421451,39.4001254499816],[-74.3795866898243,39.4001554860455],[-74.3792665760466,39.4003298047167]]}},{"type":"Feature","id":234182,"properties":{"OBJECTID":234182,"PRIMENAME":"Bobby Jones Road","ELEVTYP_F":0,"ELEVTYP_T":0},"geometry":{"type":"LineString","coordinates":[[-74.3810623935981,39.4176963201419],[-74.38082720402,39.4177821013879],[-74.3804420070597,39.4179024314255],[-74.3801074785936,39.4179721559063]]}},{"type":"Feature","id":234848,"properties":{"OBJECTID":234848,"PRIMENAME":"East Evans Boulevard","ELEVTYP_F":0,"ELEVTYP_T":0},"geometry":{"type":"LineString","coordinates":[[-74.3610844212714,39.4137157561556],[-74.3606317114132,39.4140502108333],[-74.3604507486301,39.4141826089005]]}},{"type":"Feature","id":235506,"properties":{"OBJECTID":235506,"PRIMENAME":"Melrose Avenue","ELEVTYP_F":0,"ELEVTYP_T":0},"geometry":{"type":"LineString","coordinates":[[-74.4201904874499,39.3705913186775],[-74.4206224308658,39.3704128640824],[-74.4207386248787,39.3703648590514]]}},{"type":"Feature","id":235694,"properties":{"OBJECTID":235694,"PRIMENAME":"North Roosevelt Boulevard","ELEVTYP_F":0,"ELEVTYP_T":0},"geometry":{"type":"LineString","coordinates":[[-74.3701600380639,39.4164482722566],[-74.3702092094632,39.416713584042],[-74.3702282562527,39.4168453140267],[-74.3702279288245,39.4170219128834],[-74.3702271239311,39.4174560266069],[-74.3701992662427,39.4179139687133],[-74.3701912852402,39.4180755958047],[-74.3701871302104,39.4182163051742],[-74.3701830294034,39.4183659658523],[-74.3701981280753,39.4185276736323],[-74.3702363792314,39.4187073088346],[-74.3702900945376,39.4188899546207],[-74.3703630624859,39.419075641314],[-74.3704283704517,39.4192493486923],[-74.3704551151312,39.4192974649862],[-74.370504648159,39.4193865786317],[-74.3705409501382,39.4194534475886]]}},{"type":"Feature","id":235768,"properties":{"OBJECTID":235768,"PRIMENAME":"Harbor Beach Boulevard","ELEVTYP_F":0,"ELEVTYP_T":0},"geometry":{"type":"LineString","coordinates":[[-74.3973482720523,39.3903645072441],[-74.3973587783769,39.3911155912286]]}},{"type":"Feature","id":235787,"properties":{"OBJECTID":235787,"PRIMENAME":"East Evans Boulevard","ELEVTYP_F":0,"ELEVTYP_T":0},"geometry":{"type":"LineString","coordinates":[[-74.3591568713214,39.4151305756037],[-74.3585164367801,39.4156022972411]]}},{"type":"Feature","id":235815,"properties":{"OBJECTID":235815,"PRIMENAME":"Revere Boulevard","ELEVTYP_F":0,"ELEVTYP_T":0},"geometry":{"type":"LineString","coordinates":[[-74.3792665760466,39.4003298047167],[-74.3788971871675,39.4005309520869]]}},{"type":"Feature","id":236477,"properties":{"OBJECTID":236477,"PRIMENAME":"13th Street South","ELEVTYP_F":0,"ELEVTYP_T":0},"geometry":{"type":"LineString","coordinates":[[-74.3735970927543,39.4040092179657],[-74.3740131294413,39.4044742877943]]}},{"type":"Feature","id":236548,"properties":{"OBJECTID":236548,"PRIMENAME":"Sunrise Avenue","ELEVTYP_F":0,"ELEVTYP_T":0},"geometry":{"type":"LineString","coordinates":[[-74.4139715486721,39.3706270284825],[-74.4143566090027,39.3704725942375]]}},{"type":"Feature","id":236812,"properties":{"OBJECTID":236812,"PRIMENAME":"Sarazen Road","ELEVTYP_F":0,"ELEVTYP_T":0},"geometry":{"type":"LineString","coordinates":[[-74.3757094804585,39.4162177687995],[-74.3753009925179,39.4160194798275],[-74.3750554975848,39.4158889633628],[-74.3749163976019,39.4158030396528],[-74.3747936743816,39.4157044492277],[-74.3747166591002,39.415640090586]]}},{"type":"Feature","id":236915,"properties":{"OBJECTID":236915,"PRIMENAME":"16th Street South","ELEVTYP_F":0,"ELEVTYP_T":0},"geometry":{"type":"LineString","coordinates":[[-74.3724595764368,39.3990366709115],[-74.3728379810621,39.3994506348303]]}},{"type":"Feature","id":236997,"properties":{"OBJECTID":236997,"PRIMENAME":"Drexel Avenue","ELEVTYP_F":0,"ELEVTYP_T":0},"geometry":{"type":"LineString","coordinates":[[-74.4180038787841,39.3723014234003],[-74.4176095725447,39.3724595077864]]}},{"type":"Feature","id":237897,"properties":{"OBJECTID":237897,"PRIMENAME":"South Roosevelt Boulevard","ELEVTYP_F":0,"ELEVTYP_T":0},"geometry":{"type":"LineString","coordinates":[[-74.366504589827,39.4113863516958],[-74.3659371552234,39.4108456697298],[-74.365859737145,39.4107719030503]]}},{"type":"Feature","id":238020,"properties":{"OBJECTID":238020,"PRIMENAME":"Bayshore Avenue","ELEVTYP_F":0,"ELEVTYP_T":0},"geometry":{"type":"LineString","coordinates":[[-74.384337953141,39.3991307683203],[-74.3840313716625,39.3993920411051]]}},{"type":"Feature","id":238023,"properties":{"OBJECTID":238023,"PRIMENAME":"Ocean Avenue","ELEVTYP_F":0,"ELEVTYP_T":0},"geometry":{"type":"LineString","coordinates":[[-74.3771972298697,39.3968083697548],[-74.3772366592712,39.3967836725939],[-74.377555989903,39.3965860475749]]}},{"type":"Feature","id":238084,"properties":{"OBJECTID":238084,"PRIMENAME":"Baltic Avenue","ELEVTYP_F":0,"ELEVTYP_T":0},"geometry":{"type":"LineString","coordinates":[[-74.421194148401,39.3685301151373],[-74.4223523676331,39.3680613293474]]}},{"type":"Feature","id":238226,"properties":{"OBJECTID":238226,"PRIMENAME":"40th Street South","ELEVTYP_F":0,"ELEVTYP_T":0},"geometry":{"type":"LineString","coordinates":[[-74.3910210484028,39.390088497493],[-74.3915705329491,39.3904757650256],[-74.3927043651494,39.3912791519373],[-74.3937916413193,39.3920462980986],[-74.3938498645905,39.3921066726975],[-74.3938714340658,39.3921408211504]]}},{"type":"Feature","id":238510,"properties":{"OBJECTID":238510,"PRIMENAME":"West Brigantine Avenue","ELEVTYP_F":0,"ELEVTYP_T":0},"geometry":{"type":"LineString","coordinates":[[-74.3841789560638,39.3952112704855],[-74.3840492031733,39.3952688818834]]}},{"type":"Feature","id":239402,"properties":{"OBJECTID":239402,"PRIMENAME":"East Shore Drive","ELEVTYP_F":0,"ELEVTYP_T":0},"geometry":{"type":"LineString","coordinates":[[-74.3646633873595,39.4162344074964],[-74.3646655259107,39.4162347297684],[-74.3648906290304,39.4162685579408],[-74.3649551526736,39.4162818088669],[-74.3650171448003,39.4163009957977],[-74.365075704771,39.4163258375435],[-74.365129975061,39.4163559754977],[-74.3651791679793,39.4163909691627],[-74.3652225598399,39.4164303069525],[-74.3652361483113,39.4164461542624],[-74.3652595246273,39.4164734134379],[-74.365289522355,39.4165196637449],[-74.365311666566,39.4165674273044]]}},{"type":"Feature","id":239421,"properties":{"OBJECTID":239421,"PRIMENAME":"Adriatic Avenue","ELEVTYP_F":0,"ELEVTYP_T":0},"geometry":{"type":"LineString","coordinates":[[-74.4152503311656,39.3742275092715],[-74.415631078836,39.3740773249859]]}},{"type":"Feature","id":239594,"properties":{"OBJECTID":239594,"PRIMENAME":"Hackney Place","ELEVTYP_F":0,"ELEVTYP_T":0},"geometry":{"type":"LineString","coordinates":[[-74.3734445764346,39.4104011446957],[-74.3736013341367,39.4104428564695],[-74.3741529089205,39.4106080839879],[-74.37443827089,39.4107011946795],[-74.3745424293942,39.4107252494469],[-74.3746118925567,39.4107343026198],[-74.3747237595464,39.4107434014191],[-74.3748011708919,39.4107417272859]]}},{"type":"Feature","id":239950,"properties":{"OBJECTID":239950,"PRIMENAME":"West Brigantine Avenue","ELEVTYP_F":0,"ELEVTYP_T":0},"geometry":{"type":"LineString","coordinates":[[-74.3966588462448,39.3859002232152],[-74.396737337139,39.3858937956735],[-74.3968161052182,39.3858899144463],[-74.3968950133687,39.3858885862899],[-74.3969739242331,39.385889813516],[-74.3970527004494,39.3858935939886],[-74.3971312048898,39.3858999211268],[-74.3972093008997,39.3859087839169],[-74.397286852535,39.3859201669311],[-74.3973637247993,39.3859340503547],[-74.3974397838786,39.3859504100205],[-74.3975148973739,39.3859692174507],[-74.3975889345323,39.3859904399067],[-74.3976617664737,39.3860140404458],[-74.3977332664161,39.3860399779859],[-74.3978033098954,39.3860682073764],[-74.3978717749824,39.3860986794774],[-74.3981000134004,39.386132157126]]}},{"type":"Feature","id":240052,"properties":{"OBJECTID":240052,"PRIMENAME":"East Evans Boulevard","ELEVTYP_F":0,"ELEVTYP_T":0},"geometry":{"type":"LineString","coordinates":[[-74.3598047483291,39.4146552930962],[-74.3598038504877,39.414655948698],[-74.3594104047473,39.4149438220024],[-74.3591568713214,39.4151305756037]]}},{"type":"Feature","id":240268,"properties":{"OBJECTID":240268,"PRIMENAME":"Bayshore Avenue","ELEVTYP_F":0,"ELEVTYP_T":0},"geometry":{"type":"LineString","coordinates":[[-74.3704624921035,39.4080035192516],[-74.3703419878015,39.4080173330347],[-74.370144527757,39.4080748262813],[-74.3700214733086,39.4081274055937],[-74.3698984453877,39.4081849815525],[-74.3697656420755,39.4082651430509],[-74.3696613649229,39.4083457209999]]}},{"type":"Feature","id":240688,"properties":{"OBJECTID":240688,"PRIMENAME":"Harbor Beach Boulevard","ELEVTYP_F":0,"ELEVTYP_T":0},"geometry":{"type":"LineString","coordinates":[[-74.3993412951186,39.3850476858444],[-74.3993464306893,39.3850443681159],[-74.3995906134953,39.3848867858657],[-74.4001440492682,39.3845172291765],[-74.400472522522,39.3842983797019]]}},{"type":"Feature","id":240782,"properties":{"OBJECTID":240782,"PRIMENAME":"Bayshore Avenue","ELEVTYP_F":0,"ELEVTYP_T":0},"geometry":{"type":"LineString","coordinates":[[-74.385270622664,39.3983333376392],[-74.3849647184123,39.3985958224687]]}},{"type":"Feature","id":241008,"properties":{"OBJECTID":241008,"PRIMENAME":"Heald Circle","ELEVTYP_F":0,"ELEVTYP_T":0},"geometry":{"type":"LineString","coordinates":[[-74.3665341331895,39.4136388053884],[-74.3662165733162,39.4137424453174],[-74.3660427768076,39.4138170919768],[-74.3659191651932,39.4138947886848],[-74.3658031832557,39.4139814444186],[-74.3656910997619,39.4140830965644],[-74.3655905442471,39.4141907468401],[-74.3654938116959,39.4143163859348],[-74.3654197446843,39.4144362022683]]}},{"type":"Feature","id":241152,"properties":{"OBJECTID":241152,"PRIMENAME":"Sheridan Boulevard","ELEVTYP_F":0,"ELEVTYP_T":0},"geometry":{"type":"LineString","coordinates":[[-74.3693357699137,39.4171117680989],[-74.3694714800113,39.4170390510956],[-74.3695526243347,39.416994222797],[-74.3696453477721,39.4169284863264],[-74.369769028879,39.4168328292223],[-74.3699120575253,39.4167072113784],[-74.3701600380639,39.4164482722566]]}},{"type":"Feature","id":241388,"properties":{"OBJECTID":241388,"PRIMENAME":"Harbor Beach Boulevard","ELEVTYP_F":0,"ELEVTYP_T":0},"geometry":{"type":"LineString","coordinates":[[-74.4030597243117,39.3828517041487],[-74.4033774320285,39.3826857750985],[-74.4036388065944,39.3825505673696]]}},{"type":"Feature","id":241546,"properties":{"OBJECTID":241546,"PRIMENAME":"West Brigantine Avenue","ELEVTYP_F":0,"ELEVTYP_T":0},"geometry":{"type":"LineString","coordinates":[[-74.390728102372,39.3903379132115],[-74.39042828063,39.3905931976549]]}},{"type":"Feature","id":241832,"properties":{"OBJECTID":241832,"PRIMENAME":"Revere Boulevard","ELEVTYP_F":0,"ELEVTYP_T":0},"geometry":{"type":"LineString","coordinates":[[-74.3766325528383,39.4017683452647],[-74.3762626517174,39.4019708835174]]}},{"type":"Feature","id":242058,"properties":{"OBJECTID":242058,"PRIMENAME":"FR RAMP X100170 to RT 87 NB","ELEVTYP_F":0,"ELEVTYP_T":0},"geometry":{"type":"LineString","coordinates":[[-74.4192277818116,39.3868841665945],[-74.4191795603346,39.3868488782918]]}},{"type":"Feature","id":242274,"properties":{"OBJECTID":242274,"PRIMENAME":"West Brigantine Avenue","ELEVTYP_F":0,"ELEVTYP_T":0},"geometry":{"type":"LineString","coordinates":[[-74.3639368545761,39.4069984667602],[-74.3637566815972,39.4071564871721],[-74.3634883359753,39.4073905414524]]}},{"type":"Feature","id":242390,"properties":{"OBJECTID":242390,"PRIMENAME":"32nd Street South","ELEVTYP_F":0,"ELEVTYP_T":0},"geometry":{"type":"LineString","coordinates":[[-74.3841433457746,39.3924789223233],[-74.3844968562718,39.3927950516251],[-74.3855321462021,39.3936975833559],[-74.3858866293255,39.3940107997345]]}},{"type":"Feature","id":242938,"properties":{"OBJECTID":242938,"PRIMENAME":"Sarazen Road","ELEVTYP_F":0,"ELEVTYP_T":0},"geometry":{"type":"LineString","coordinates":[[-74.3779459326672,39.4173117501198],[-74.3774248585728,39.4170574224648],[-74.3769726153408,39.4168353869098],[-74.3768473798312,39.416773900883]]}},{"type":"Feature","id":243033,"properties":{"OBJECTID":243033,"PRIMENAME":"Bayshore Avenue","ELEVTYP_F":0,"ELEVTYP_T":0},"geometry":{"type":"LineString","coordinates":[[-74.3803760555102,39.4015605368634],[-74.3799148651919,39.4016769436534]]}},{"type":"Feature","id":243753,"properties":{"OBJECTID":243753,"PRIMENAME":"Alberta Drive","ELEVTYP_F":0,"ELEVTYP_T":0},"geometry":{"type":"LineString","coordinates":[[-74.4048683675297,39.3846153360044],[-74.4044850233821,39.3843189028255],[-74.4044643268272,39.3842920877664],[-74.404460896085,39.3842652598565],[-74.4044609435883,39.3842304176314],[-74.4044817480409,39.3842036096173],[-74.4045440610629,39.3841473477819],[-74.4054208598902,39.3834604669713],[-74.4054399425436,39.383445519194],[-74.4059368778987,39.3830422546259]]}},{"type":"Feature","id":243895,"properties":{"OBJECTID":243895,"PRIMENAME":"North New Hampshire Avenue","ELEVTYP_F":0,"ELEVTYP_T":0},"geometry":{"type":"LineString","coordinates":[[-74.4175608475084,39.3749617397091],[-74.4174098043858,39.3747408915991],[-74.4172915344152,39.3745679643071],[-74.4171600658322,39.3743757367067],[-74.4171176435336,39.3743137093381],[-74.4170154984947,39.3741643556542],[-74.4168905162439,39.3739816079544],[-74.4166745045201,39.3736657583287]]}},{"type":"Feature","id":244788,"properties":{"OBJECTID":244788,"PRIMENAME":"Albacore Lane","ELEVTYP_F":0,"ELEVTYP_T":0},"geometry":{"type":"LineString","coordinates":[[-74.4032411917805,39.386880647018],[-74.4033099071013,39.3870075267119],[-74.403334028232,39.3870665233748],[-74.4033512021975,39.387133586378],[-74.4033511097501,39.3872006080137],[-74.4033337470536,39.3872703330321],[-74.4032886328807,39.3873989845798],[-74.4032015323028,39.3876976407765],[-74.4031737545627,39.3877502237862],[-74.4031428691983,39.3877985767236],[-74.4031152614722,39.3878305683551],[-74.4030079428388,39.3879591949957],[-74.4027553444634,39.3882378608181],[-74.4027068913641,39.3882726904795],[-74.402644668248,39.3883123405187]]}},{"type":"Feature","id":245435,"properties":{"OBJECTID":245435,"PRIMENAME":"Bayshore Avenue","ELEVTYP_F":0,"ELEVTYP_T":0},"geometry":{"type":"LineString","coordinates":[[-74.3964606619944,39.3912210526273],[-74.3965207888749,39.3912159165796],[-74.3966570971333,39.3912118093446],[-74.3973600573666,39.3912085328715]]}},{"type":"Feature","id":245567,"properties":{"OBJECTID":245567,"PRIMENAME":"Bayshore Avenue","ELEVTYP_F":0,"ELEVTYP_T":0},"geometry":{"type":"LineString","coordinates":[[-74.3868271015321,39.3970039058717],[-74.386524542929,39.3972616481848]]}},{"type":"Feature","id":245631,"properties":{"OBJECTID":245631,"PRIMENAME":"Dunlap Place","ELEVTYP_F":0,"ELEVTYP_T":0},"geometry":{"type":"LineString","coordinates":[[-74.3637891426611,39.4181043810416],[-74.3630038861018,39.4181112572067],[-74.3628868653856,39.4181079890644],[-74.3628021454317,39.4180953689608],[-74.3627537703893,39.4180702993817],[-74.3626888189575,39.4180134155743]]}},{"type":"Feature","id":245679,"properties":{"OBJECTID":245679,"PRIMENAME":"Lagoon Boulevard","ELEVTYP_F":0,"ELEVTYP_T":0},"geometry":{"type":"LineString","coordinates":[[-74.4026606855998,39.389619425534],[-74.4026514790226,39.389624112827],[-74.4023126342124,39.3897817039077],[-74.4020775174618,39.3898753530301],[-74.401812803242,39.389954753897],[-74.4017898647322,39.3899616265961]]}},{"type":"Feature","id":246076,"properties":{"OBJECTID":246076,"PRIMENAME":"43rd Street South","ELEVTYP_F":0,"ELEVTYP_T":0},"geometry":{"type":"LineString","coordinates":[[-74.3932283267931,39.3888533226312],[-74.3928133349044,39.3885603091992]]}},{"type":"Feature","id":246784,"properties":{"OBJECTID":246784,"PRIMENAME":"Sheridan Boulevard","ELEVTYP_F":0,"ELEVTYP_T":0},"geometry":{"type":"LineString","coordinates":[[-74.3652852972831,39.4159133138171],[-74.3652819416572,39.416130216395],[-74.3652892021083,39.4163487508972],[-74.365297357511,39.4164281397794],[-74.365311666566,39.4165674273044]]}},{"type":"Feature","id":246802,"properties":{"OBJECTID":246802,"PRIMENAME":"Sea Horse Road","ELEVTYP_F":0,"ELEVTYP_T":0},"geometry":{"type":"LineString","coordinates":[[-74.4037484114685,39.3867195136565],[-74.403880209163,39.3869275509874],[-74.4040077431281,39.3871233949478],[-74.4041147294516,39.3872870693906],[-74.4041560598805,39.3873621693425],[-74.4041835839666,39.3874426402221],[-74.4041869451093,39.3875203995946],[-74.4041695251343,39.3876062418935],[-74.4041383097888,39.3876893001459],[-74.4040794563882,39.3877750533381],[-74.4038648346309,39.3880242650238],[-74.4035603035156,39.3883752927827],[-74.4032630040468,39.388714463934],[-74.4032150313161,39.3887603317672],[-74.4030955901388,39.3888524315511]]}},{"type":"Feature","id":246898,"properties":{"OBJECTID":246898,"PRIMENAME":"Harbor Beach Boulevard","ELEVTYP_F":0,"ELEVTYP_T":0},"geometry":{"type":"LineString","coordinates":[[-74.3981000134004,39.386132157126],[-74.398242691172,39.3860716028319],[-74.3983377415813,39.3859401962493],[-74.3985181505639,39.3857480479824]]}},{"type":"Feature","id":246911,"properties":{"OBJECTID":246911,"PRIMENAME":"Lagoon Boulevard","ELEVTYP_F":0,"ELEVTYP_T":0},"geometry":{"type":"LineString","coordinates":[[-74.4017898647322,39.3899616265961],[-74.4017387127167,39.3899769313235],[-74.4014379091456,39.3900544884346],[-74.4011821433046,39.3901105582935],[-74.400947103523,39.3901479184044],[-74.4007154951471,39.3901852548447],[-74.4005953174051,39.3901943494562],[-74.4005937244554,39.3901944859185]]}},{"type":"Feature","id":247502,"properties":{"OBJECTID":247502,"PRIMENAME":"West Brigantine Avenue","ELEVTYP_F":0,"ELEVTYP_T":0},"geometry":{"type":"LineString","coordinates":[[-74.3817414391757,39.3968457231533],[-74.381399194137,39.3970815285718],[-74.3813963602867,39.3970834750221]]}},{"type":"Feature","id":248255,"properties":{"OBJECTID":248255,"PRIMENAME":"Ocean Avenue","ELEVTYP_F":0,"ELEVTYP_T":0},"geometry":{"type":"LineString","coordinates":[[-74.3905549020058,39.3883629907398],[-74.3902549108762,39.3886187683088]]}},{"type":"Feature","id":248330,"properties":{"OBJECTID":248330,"PRIMENAME":"Revere Boulevard","ELEVTYP_F":0,"ELEVTYP_T":0},"geometry":{"type":"LineString","coordinates":[[-74.3751265484015,39.4025888139623],[-74.3747556480594,39.4027901113176]]}},{"type":"Feature","id":248587,"properties":{"OBJECTID":248587,"PRIMENAME":"Saint Katherine Place","ELEVTYP_F":0,"ELEVTYP_T":0},"geometry":{"type":"LineString","coordinates":[[-74.413765296022,39.3703134117975],[-74.4135386494179,39.3699687395397],[-74.4135368736012,39.3699660384988]]}},{"type":"Feature","id":249017,"properties":{"OBJECTID":249017,"PRIMENAME":"30th Street South","ELEVTYP_F":0,"ELEVTYP_T":0},"geometry":{"type":"LineString","coordinates":[[-74.3868271015321,39.3970039058717],[-74.3871844018664,39.3973177514314]]}},{"type":"Feature","id":249154,"properties":{"OBJECTID":249154,"PRIMENAME":"Hamilton Place","ELEVTYP_F":0,"ELEVTYP_T":0},"geometry":{"type":"LineString","coordinates":[[-74.3601972051173,39.4099811338642],[-74.3605003860021,39.4102333015105],[-74.3607739032963,39.4104701120328],[-74.3610436005047,39.4106889328422],[-74.3613017489146,39.4108958234521],[-74.3615157024251,39.4110607078667]]}},{"type":"Feature","id":249831,"properties":{"OBJECTID":249831,"PRIMENAME":"West Brigantine Avenue","ELEVTYP_F":0,"ELEVTYP_T":0},"geometry":{"type":"LineString","coordinates":[[-74.3813963602867,39.3970834750221],[-74.38104508414,39.3973224274985]]}},{"type":"Feature","id":250949,"properties":{"OBJECTID":250949,"PRIMENAME":"North Maine Avenue","ELEVTYP_F":0,"ELEVTYP_T":0},"geometry":{"type":"LineString","coordinates":[[-74.4130711721903,39.3709881292418],[-74.4131418975449,39.3710935053998],[-74.4134568504297,39.3715707997277],[-74.413478715863,39.3715962962334],[-74.4135030672308,39.3716143259859]]}},{"type":"Feature","id":251055,"properties":{"OBJECTID":251055,"PRIMENAME":"Baltic Avenue","ELEVTYP_F":0,"ELEVTYP_T":0},"geometry":{"type":"LineString","coordinates":[[-74.4198773889161,39.3690593434466],[-74.421194148401,39.3685301151373]]}},{"type":"Feature","id":251342,"properties":{"OBJECTID":251342,"PRIMENAME":"Unnamed Segment","ELEVTYP_F":0,"ELEVTYP_T":0},"geometry":{"type":"LineString","coordinates":[[-74.4158654273317,39.3744262304942],[-74.4160735872938,39.3747361377961]]}},{"type":"Feature","id":251723,"properties":{"OBJECTID":251723,"PRIMENAME":"Unnamed Segment","ELEVTYP_F":0,"ELEVTYP_T":0},"geometry":{"type":"LineString","coordinates":[[-74.4037617957918,39.3841384025162],[-74.402843884014,39.3831190472754],[-74.4027498757983,39.3830135285173]]}},{"type":"Feature","id":252232,"properties":{"OBJECTID":252232,"PRIMENAME":"Shipmaster Drive","ELEVTYP_F":0,"ELEVTYP_T":0},"geometry":{"type":"LineString","coordinates":[[-74.4021917047269,39.3890368420525],[-74.4022047043624,39.3890525855374],[-74.4025117375885,39.3894282572371],[-74.4026606855998,39.389619425534]]}},{"type":"Feature","id":252343,"properties":{"OBJECTID":252343,"PRIMENAME":"Caverly Drive","ELEVTYP_F":0,"ELEVTYP_T":0},"geometry":{"type":"LineString","coordinates":[[-74.373145637252,39.4110439048623],[-74.3734445764346,39.4104011446957]]}},{"type":"Feature","id":252523,"properties":{"OBJECTID":252523,"PRIMENAME":"22nd Street South","ELEVTYP_F":0,"ELEVTYP_T":0},"geometry":{"type":"LineString","coordinates":[[-74.3812976507512,39.4013294177044],[-74.3814524407337,39.40150027317],[-74.3816538447539,39.4017102184467]]}},{"type":"Feature","id":252828,"properties":{"OBJECTID":252828,"PRIMENAME":"Surfside Road","ELEVTYP_F":0,"ELEVTYP_T":0},"geometry":{"type":"LineString","coordinates":[[-74.401811301763,39.3833502867006],[-74.4008367563498,39.3824605522358]]}},{"type":"Feature","id":253323,"properties":{"OBJECTID":253323,"PRIMENAME":"7th Street North","ELEVTYP_F":0,"ELEVTYP_T":0},"geometry":{"type":"LineString","coordinates":[[-74.3586663320495,39.4107340080281],[-74.3589056645795,39.4109306948288]]}},{"type":"Feature","id":254480,"properties":{"OBJECTID":254480,"PRIMENAME":"West Brigantine Avenue","ELEVTYP_F":0,"ELEVTYP_T":0},"geometry":{"type":"LineString","coordinates":[[-74.3855353141574,39.394249106482],[-74.3854828127335,39.3942846933323],[-74.3851944831105,39.3944799548376]]}},{"type":"Feature","id":254744,"properties":{"OBJECTID":254744,"PRIMENAME":"Dolphin Drive","ELEVTYP_F":0,"ELEVTYP_T":0},"geometry":{"type":"LineString","coordinates":[[-74.39446006301,39.3859664523784],[-74.3944096795388,39.3859664066698],[-74.3943628954807,39.3859719654151],[-74.3942980728596,39.3859970291103],[-74.39418282331,39.3860499980131],[-74.3939847120149,39.3861475631755],[-74.3939162631076,39.3861838257687],[-74.39389175084,39.3862022816392],[-74.3938761138613,39.3862240956942],[-74.3938682595962,39.386247123925],[-74.3938729092676,39.3862843323272],[-74.3939016303686,39.3863374321673],[-74.3939626922947,39.3864128834316],[-74.3940381904897,39.3864883757348],[-74.3941891882865,39.3865918598291],[-74.3943581705696,39.3867121087275],[-74.3944983769611,39.3868155826192],[-74.3947066547179,39.3869468213214]]}},{"type":"Feature","id":254772,"properties":{"OBJECTID":254772,"PRIMENAME":"29th Street South","ELEVTYP_F":0,"ELEVTYP_T":0},"geometry":{"type":"LineString","coordinates":[[-74.3851555603751,39.3966156250642],[-74.3859055561033,39.3972726839428],[-74.3862019965018,39.3975363926359]]}},{"type":"Feature","id":254885,"properties":{"OBJECTID":254885,"PRIMENAME":"Shipmaster Drive","ELEVTYP_F":0,"ELEVTYP_T":0},"geometry":{"type":"LineString","coordinates":[[-74.3995282352461,39.3874035138254],[-74.3996187134171,39.3874253932009],[-74.3997775888164,39.3874711072893],[-74.4000470133162,39.387557141629],[-74.4001989814969,39.3876082315186],[-74.4003475330134,39.3876727168593],[-74.4004994478117,39.3877372048858],[-74.4005836421061,39.3877744260546]]}},{"type":"Feature","id":254921,"properties":{"OBJECTID":254921,"PRIMENAME":"East Brigantine Avenue","ELEVTYP_F":0,"ELEVTYP_T":0},"geometry":{"type":"LineString","coordinates":[[-74.3628719070915,39.4079268655721],[-74.3628192942756,39.4079726282353],[-74.3627459408954,39.4080363509149]]}},{"type":"Feature","id":255865,"properties":{"OBJECTID":255865,"PRIMENAME":"32nd Street South","ELEVTYP_F":0,"ELEVTYP_T":0},"geometry":{"type":"LineString","coordinates":[[-74.3835421686835,39.3919552196813],[-74.3840658610376,39.3924095994164],[-74.3841433457746,39.3924789223233]]}},{"type":"Feature","id":255896,"properties":{"OBJECTID":255896,"PRIMENAME":"Ocean Avenue","ELEVTYP_F":0,"ELEVTYP_T":0},"geometry":{"type":"LineString","coordinates":[[-74.3848127903242,39.3919926166335],[-74.3851484004985,39.3917446317391]]}},{"type":"Feature","id":256803,"properties":{"OBJECTID":256803,"PRIMENAME":"30th Street South","ELEVTYP_F":0,"ELEVTYP_T":0},"geometry":{"type":"LineString","coordinates":[[-74.3827051539287,39.393378303676],[-74.3832928262987,39.3938988396541],[-74.38441673628,39.394879721031],[-74.3845015055237,39.3949548169533]]}},{"type":"Feature","id":256867,"properties":{"OBJECTID":256867,"PRIMENAME":"North Connecticut Avenue","ELEVTYP_F":0,"ELEVTYP_T":0},"geometry":{"type":"LineString","coordinates":[[-74.4197606879023,39.3691065572708],[-74.4205577206271,39.370315691211],[-74.4207386248787,39.3703648590514]]}},{"type":"Feature","id":256875,"properties":{"OBJECTID":256875,"PRIMENAME":"North Massachusetts Avenue","ELEVTYP_F":0,"ELEVTYP_T":0},"geometry":{"type":"LineString","coordinates":[[-74.4212796460185,39.372624925089],[-74.4217173921517,39.373281791073]]}},{"type":"Feature","id":257007,"properties":{"OBJECTID":257007,"PRIMENAME":"Harbor Beach Cove","ELEVTYP_F":0,"ELEVTYP_T":0},"geometry":{"type":"LineString","coordinates":[[-74.4100120309597,39.38337141511],[-74.4097353442141,39.3832129409273],[-74.4093595337794,39.383017596397]]}},{"type":"Feature","id":257241,"properties":{"OBJECTID":257241,"PRIMENAME":"Hutchison Place","ELEVTYP_F":0,"ELEVTYP_T":0},"geometry":{"type":"LineString","coordinates":[[-74.365216981894,39.4220700951082],[-74.3669688639073,39.4212773027679],[-74.3670334754865,39.4212554664836],[-74.367110222493,39.4212367734047],[-74.3671571425848,39.4212287828513]]}},{"type":"Feature","id":257506,"properties":{"OBJECTID":257506,"PRIMENAME":"Lafayette Place","ELEVTYP_F":0,"ELEVTYP_T":0},"geometry":{"type":"LineString","coordinates":[[-74.3761177678615,39.4130305908332],[-74.376232293475,39.4131191227489],[-74.3764944276538,39.4132840028985],[-74.3765532088226,39.4133159986821]]}},{"type":"Feature","id":257800,"properties":{"OBJECTID":257800,"PRIMENAME":"Ocean Avenue","ELEVTYP_F":0,"ELEVTYP_T":0},"geometry":{"type":"LineString","coordinates":[[-74.3768342845478,39.3970352435538],[-74.3771972298697,39.3968083697548]]}},{"type":"Feature","id":258052,"properties":{"OBJECTID":258052,"PRIMENAME":"Bay Court","ELEVTYP_F":0,"ELEVTYP_T":0},"geometry":{"type":"LineString","coordinates":[[-74.4093411131118,39.3806560927037],[-74.4093066946794,39.3806785806364],[-74.4092236960018,39.3807321382154],[-74.4090577887378,39.3807963676797],[-74.4086601994884,39.3809542612779]]}},{"type":"Feature","id":258494,"properties":{"OBJECTID":258494,"PRIMENAME":"Hudson Drive","ELEVTYP_F":0,"ELEVTYP_T":0},"geometry":{"type":"LineString","coordinates":[[-74.3959432514713,39.3870134177647],[-74.3960062774984,39.3869593843576],[-74.3961216365275,39.3868561407142],[-74.3962261349393,39.3867752371488],[-74.3962945566574,39.3867333989929],[-74.3963666139303,39.3866971382176],[-74.3964350496963,39.386669248961],[-74.3965106715846,39.3866386195],[-74.396597073418,39.3866163464315],[-74.3966943023075,39.3865941108366],[-74.396791478731,39.3865830216786],[-74.3969102611125,39.3865803272709],[-74.397021840834,39.3865916005606],[-74.3971442006263,39.3866112580597],[-74.3972593608226,39.3866420835632],[-74.3974176317493,39.3866868950356],[-74.3976459995405,39.3867537611334]]}},{"type":"Feature","id":259078,"properties":{"OBJECTID":259078,"PRIMENAME":"Great Neck Road","ELEVTYP_F":0,"ELEVTYP_T":0},"geometry":{"type":"LineString","coordinates":[[-74.4315707383648,39.4574965646734],[-74.4312773844208,39.4573489649837],[-74.4297255398871,39.4565935141733],[-74.4290976009678,39.4562503915286],[-74.4284231885664,39.4558471052349],[-74.42565625314,39.4538189810746],[-74.4223237571427,39.4513634911601],[-74.4189682322197,39.4489018750436],[-74.4158514864286,39.4465968528726],[-74.4143577170237,39.4454891849608],[-74.4124903874225,39.4441108143495],[-74.4122967334081,39.4439302749935],[-74.4121804194856,39.4439181634028],[-74.4120640677986,39.4439361139482],[-74.411963180552,39.4439901538825],[-74.4111474689985,39.4451019442018],[-74.409197373905,39.4477942742724],[-74.4072860128922,39.4504084319954],[-74.4057785612198,39.4524817143187],[-74.4052268612992,39.4532268802808],[-74.4046751519303,39.4539720426171],[-74.4046672974494,39.4540441934526],[-74.4046904755012,39.4541103542125],[-74.4047601913157,39.4541765557864],[-74.4054189931768,39.4545378734243],[-74.4063878200034,39.4550798277038],[-74.4081549925325,39.4560733862614],[-74.4106120904413,39.4574342418814],[-74.4111081681238,39.4577112200036],[-74.4116584979691,39.4580303313361],[-74.4118522435814,39.4581687772827],[-74.4120381868407,39.4583432938125],[-74.4123944649619,39.4587704878317],[-74.4131375575074,39.4600337783324],[-74.4134239567183,39.4605270585623],[-74.4138989257705,39.4613200575013],[-74.414238277384,39.4617864635975],[-74.4146300287828,39.4621312873876],[-74.4153354297006,39.4626081237932],[-74.4157482219386,39.4628978917753],[-74.4169728819686,39.4637405937445],[-74.4173604184,39.4640234810802],[-74.4176471046916,39.4643123094399]]}},{"type":"Feature","id":260075,"properties":{"OBJECTID":260075,"PRIMENAME":"Bayshore Avenue","ELEVTYP_F":0,"ELEVTYP_T":0},"geometry":{"type":"LineString","coordinates":[[-74.3846470484465,39.3988673001476],[-74.384337953141,39.3991307683203]]}},{"type":"Feature","id":260489,"properties":{"OBJECTID":260489,"PRIMENAME":"FR RT 87 SB to RAMP B100170","ELEVTYP_F":0,"ELEVTYP_T":0},"geometry":{"type":"LineString","coordinates":[[-74.4159302662845,39.3887066235701],[-74.4162279232289,39.3886084613214],[-74.4163728955306,39.3885443174798],[-74.4165416968803,39.3884664613796],[-74.4167522827094,39.3883618377836],[-74.4168635788702,39.3883187832015],[-74.4169469676119,39.3882972621617],[-74.4170621303953,39.3882757907379],[-74.4172051364064,39.3882573864387],[-74.4173878355055,39.3882452437227],[-74.4175903868017,39.3882299295343],[-74.417701590851,39.3882053793247],[-74.4177889880835,39.3881746074453],[-74.4178565464065,39.38813459545],[-74.4186005512567,39.3877383712493],[-74.4188958557618,39.3875877583313],[-74.4191551464699,39.3874315184364],[-74.4192993185233,39.3872584765284],[-74.4193050260529,39.3871761540866],[-74.4193050862542,39.3871752875536]]}},{"type":"Feature","id":260756,"properties":{"OBJECTID":260756,"PRIMENAME":"Schooner Road","ELEVTYP_F":0,"ELEVTYP_T":0},"geometry":{"type":"LineString","coordinates":[[-74.4001789056253,39.3854073198526],[-74.4004581164414,39.3852245883201],[-74.4010412690115,39.3848306715971]]}},{"type":"Feature","id":260763,"properties":{"OBJECTID":260763,"PRIMENAME":"Lafayette Place","ELEVTYP_F":0,"ELEVTYP_T":0},"geometry":{"type":"LineString","coordinates":[[-74.3765532088226,39.4133159986821],[-74.376600761904,39.4133418841041],[-74.3766401901991,39.4133634244356],[-74.3768439897191,39.4134499902393],[-74.3769229570652,39.4134758196003]]}},{"type":"Feature","id":260877,"properties":{"OBJECTID":260877,"PRIMENAME":"25th Street South","ELEVTYP_F":0,"ELEVTYP_T":0},"geometry":{"type":"LineString","coordinates":[[-74.3783973537568,39.3950019179709],[-74.3791151754814,39.3956166223308]]}},{"type":"Feature","id":261053,"properties":{"OBJECTID":261053,"PRIMENAME":"Unnamed Segment","ELEVTYP_F":0,"ELEVTYP_T":0},"geometry":{"type":"LineString","coordinates":[[-74.3926768313846,39.3926448713027],[-74.3922472368784,39.3923548620605],[-74.3918764956186,39.3920853343657],[-74.3911068328703,39.3915368302176],[-74.3901249130419,39.3908510578697]]}},{"type":"Feature","id":261349,"properties":{"OBJECTID":261349,"PRIMENAME":"Folsom Avenue","ELEVTYP_F":0,"ELEVTYP_T":0},"geometry":{"type":"LineString","coordinates":[[-74.4154596981502,39.3708457407296],[-74.4149007611879,39.3700159775229]]}},{"type":"Feature","id":261763,"properties":{"OBJECTID":261763,"PRIMENAME":"Whalerman Road","ELEVTYP_F":0,"ELEVTYP_T":0},"geometry":{"type":"LineString","coordinates":[[-74.399284075926,39.3902463234201],[-74.3992854337893,39.3903604610606]]}},{"type":"Feature","id":261814,"properties":{"OBJECTID":261814,"PRIMENAME":"North Connecticut Avenue","ELEVTYP_F":0,"ELEVTYP_T":0},"geometry":{"type":"LineString","coordinates":[[-74.4188848932583,39.3678048857758],[-74.4197606879023,39.3691065572708]]}},{"type":"Feature","id":261999,"properties":{"OBJECTID":261999,"PRIMENAME":"Ocean Avenue","ELEVTYP_F":0,"ELEVTYP_T":0},"geometry":{"type":"LineString","coordinates":[[-74.3713139361062,39.4002493722779],[-74.3717986345761,39.3999954124793],[-74.3720789018789,39.3998488837482]]}},{"type":"Feature","id":262461,"properties":{"OBJECTID":262461,"PRIMENAME":"Shipmaster Drive","ELEVTYP_F":0,"ELEVTYP_T":0},"geometry":{"type":"LineString","coordinates":[[-74.4027358134343,39.3897158879896],[-74.4029934475858,39.3900465984431]]}},{"type":"Feature","id":262502,"properties":{"OBJECTID":262502,"PRIMENAME":"West Shore Drive","ELEVTYP_F":0,"ELEVTYP_T":0},"geometry":{"type":"LineString","coordinates":[[-74.3773442004384,39.4135749247062],[-74.3774594960556,39.4135891860775],[-74.3775824492042,39.4135968381082],[-74.3776844833307,39.4135969454282],[-74.3777409880542,39.4135970048216],[-74.3779512936805,39.4135871772025],[-74.3782619656861,39.4135875027052],[-74.3784074969139,39.4135977033336],[-74.3785854382626,39.4136154619992],[-74.3787288926581,39.4136393882653]]}},{"type":"Feature","id":262530,"properties":{"OBJECTID":262530,"PRIMENAME":"Revere Boulevard","ELEVTYP_F":0,"ELEVTYP_T":0},"geometry":{"type":"LineString","coordinates":[[-74.3824027786283,39.3985020504619],[-74.3822804750693,39.3985868770461],[-74.3819592494068,39.3987988187009]]}},{"type":"Feature","id":262976,"properties":{"OBJECTID":262976,"PRIMENAME":"Liberty Avenue","ELEVTYP_F":0,"ELEVTYP_T":0},"geometry":{"type":"LineString","coordinates":[[-74.4165870412535,39.374528617762],[-74.4169917440517,39.3743650475921]]}},{"type":"Feature","id":263003,"properties":{"OBJECTID":263003,"PRIMENAME":"North Massachusetts Avenue","ELEVTYP_F":0,"ELEVTYP_T":0},"geometry":{"type":"LineString","coordinates":[[-74.4200027904456,39.3714898465114],[-74.4201816395268,39.3717562129555],[-74.4203845479785,39.372058406284],[-74.4204227761803,39.3721000299278],[-74.4204622738159,39.3721143068065],[-74.4205223153181,39.3721060279677]]}},{"type":"Feature","id":263965,"properties":{"OBJECTID":263965,"PRIMENAME":"Sheridan Boulevard","ELEVTYP_F":0,"ELEVTYP_T":0},"geometry":{"type":"LineString","coordinates":[[-74.3733553326395,39.4150847097678],[-74.3733768939312,39.4150825920338],[-74.3735891196041,39.4150708511857],[-74.3737936775521,39.4150710732744],[-74.3740136225502,39.4150772974885],[-74.3741872882993,39.4150924495288],[-74.3743332074893,39.4151046599538]]}},{"type":"Feature","id":264011,"properties":{"OBJECTID":264011,"PRIMENAME":"22nd Street South","ELEVTYP_F":0,"ELEVTYP_T":0},"geometry":{"type":"LineString","coordinates":[[-74.3800195513698,39.399919669675],[-74.3805866246729,39.4005446690436],[-74.3812976507512,39.4013294177044]]}},{"type":"Feature","id":264509,"properties":{"OBJECTID":264509,"PRIMENAME":"Revere Boulevard","ELEVTYP_F":0,"ELEVTYP_T":0},"geometry":{"type":"LineString","coordinates":[[-74.3755080368601,39.4023817336838],[-74.3751265484015,39.4025888139623]]}},{"type":"Feature","id":264766,"properties":{"OBJECTID":264766,"PRIMENAME":"North Roosevelt Boulevard","ELEVTYP_F":0,"ELEVTYP_T":0},"geometry":{"type":"LineString","coordinates":[[-74.3684155057565,39.4133026292897],[-74.3686136172566,39.4134907377545],[-74.3687407372562,39.4136166051333],[-74.3688716751114,39.4137634247992],[-74.3690333786411,39.4139641765717],[-74.3692181788524,39.4142128649742],[-74.3693721128858,39.4144435357334],[-74.3694798427659,39.4146232763242],[-74.3695990933973,39.4148329300033],[-74.3696606019733,39.4149527639925],[-74.3697490484443,39.4151294632294],[-74.369822098955,39.4152672666099],[-74.3698796836906,39.4154229821809],[-74.3699411792168,39.4155697508355],[-74.3700102518734,39.4157913466178],[-74.3700447847202,39.415914115676],[-74.3700831036129,39.4160368889495],[-74.3701098515171,39.4161776049468],[-74.3701600380639,39.4164482722566]]}},{"type":"Feature","id":264896,"properties":{"OBJECTID":264896,"PRIMENAME":"Unnamed Segment","ELEVTYP_F":0,"ELEVTYP_T":0},"geometry":{"type":"LineString","coordinates":[[-74.3768342845478,39.3970352435538],[-74.3765869098335,39.3967623108887],[-74.3763453196942,39.3964803505745]]}},{"type":"Feature","id":265447,"properties":{"OBJECTID":265447,"PRIMENAME":"6th Street South","ELEVTYP_F":0,"ELEVTYP_T":0},"geometry":{"type":"LineString","coordinates":[[-74.3696613649229,39.4083457209999],[-74.3699386057189,39.4086486565045]]}},{"type":"Feature","id":265563,"properties":{"OBJECTID":265563,"PRIMENAME":"Ocean Avenue","ELEVTYP_F":0,"ELEVTYP_T":0},"geometry":{"type":"LineString","coordinates":[[-74.3881976457002,39.389480923095],[-74.388514458554,39.3892457323664]]}},{"type":"Feature","id":265843,"properties":{"OBJECTID":265843,"PRIMENAME":"West Brigantine Avenue","ELEVTYP_F":0,"ELEVTYP_T":0},"geometry":{"type":"LineString","coordinates":[[-74.3858866293255,39.3940107997345],[-74.3855353141574,39.394249106482]]}},{"type":"Feature","id":266320,"properties":{"OBJECTID":266320,"PRIMENAME":"Lagoon Boulevard","ELEVTYP_F":0,"ELEVTYP_T":0},"geometry":{"type":"LineString","coordinates":[[-74.397504020852,39.3903012747307],[-74.3973482720523,39.3903645072441]]}},{"type":"Feature","id":266877,"properties":{"OBJECTID":266877,"PRIMENAME":"5th Street South","ELEVTYP_F":0,"ELEVTYP_T":0},"geometry":{"type":"LineString","coordinates":[[-74.3675827723986,39.4072994507813],[-74.3676718827147,39.4073978188457],[-74.3686192788016,39.4084376260351],[-74.3688296412195,39.4086731383931]]}},{"type":"Feature","id":267086,"properties":{"OBJECTID":267086,"PRIMENAME":"Ocean Avenue","ELEVTYP_F":0,"ELEVTYP_T":0},"geometry":{"type":"LineString","coordinates":[[-74.3786339933505,39.3959163034633],[-74.3791151754814,39.3956166223308]]}},{"type":"Feature","id":267400,"properties":{"OBJECTID":267400,"PRIMENAME":"Explorer Road","ELEVTYP_F":0,"ELEVTYP_T":0},"geometry":{"type":"LineString","coordinates":[[-74.401116575105,39.3894093710537],[-74.4009774011725,39.3894403881191],[-74.4007907407345,39.389472380648],[-74.4006178921363,39.3894963675112],[-74.4004589239821,39.389512321805],[-74.40029992855,39.3895229205732],[-74.4000649285355,39.3895334547733],[-74.3998126652403,39.3895412829318],[-74.3992756944275,39.3895541629738]]}},{"type":"Feature","id":267558,"properties":{"OBJECTID":267558,"PRIMENAME":"North Rhode Island Avenue","ELEVTYP_F":0,"ELEVTYP_T":0},"geometry":{"type":"LineString","coordinates":[[-74.4191631941964,39.3726636159649],[-74.4191564497605,39.3726526556579],[-74.41872129417,39.3720137925368]]}},{"type":"Feature","id":268085,"properties":{"OBJECTID":268085,"PRIMENAME":"7th Street South","ELEVTYP_F":0,"ELEVTYP_T":0},"geometry":{"type":"LineString","coordinates":[[-74.3675620996541,39.4047935813699],[-74.3677497754386,39.4050030683364],[-74.3688857531866,39.4062466791589],[-74.3690917355926,39.4064748545648]]}},{"type":"Feature","id":268124,"properties":{"OBJECTID":268124,"PRIMENAME":"Atlantic Brigantine Boulevard","ELEVTYP_F":1,"ELEVTYP_T":1},"geometry":{"type":"LineString","coordinates":[[-74.4191954053117,39.3869460033215],[-74.4192455402198,39.3869175933945]]}},{"type":"Feature","id":269167,"properties":{"OBJECTID":269167,"PRIMENAME":"Sheridan Place","ELEVTYP_F":0,"ELEVTYP_T":0},"geometry":{"type":"LineString","coordinates":[[-74.365978383702,39.4093651149112],[-74.3658882795781,39.4098594475314],[-74.3657634747658,39.410544836917],[-74.3657470102051,39.4106032447975],[-74.36574234167,39.4106379445848],[-74.365741486782,39.4106592502532]]}},{"type":"Feature","id":269304,"properties":{"OBJECTID":269304,"PRIMENAME":"Main Sail Way","ELEVTYP_F":0,"ELEVTYP_T":0},"geometry":{"type":"LineString","coordinates":[[-74.4196557634543,39.3741185764757],[-74.4190046874013,39.3743702052693]]}},{"type":"Feature","id":269551,"properties":{"OBJECTID":269551,"PRIMENAME":"North Maine Avenue","ELEVTYP_F":0,"ELEVTYP_T":0},"geometry":{"type":"LineString","coordinates":[[-74.4156655951469,39.3749010310678],[-74.4158474205272,39.3751760431101],[-74.4158702172999,39.375210522674],[-74.4160296395137,39.3754346847717],[-74.4160663797803,39.3754775987044],[-74.4160940166558,39.3755014503878],[-74.416130831698,39.3755110317876],[-74.4161369878216,39.3755110362242]]}},{"type":"Feature","id":269895,"properties":{"OBJECTID":269895,"PRIMENAME":"Bobby Jones Road","ELEVTYP_F":0,"ELEVTYP_T":0},"geometry":{"type":"LineString","coordinates":[[-74.3797876390619,39.4147457202582],[-74.379996740385,39.414820398132],[-74.3803036903308,39.4149509674413],[-74.3807948666035,39.4151325471295],[-74.3810240711466,39.4152312681063],[-74.3811263307448,39.4152949070179],[-74.3812122272749,39.4153648716707],[-74.3812776691982,39.4154316851047],[-74.3813430430376,39.4155174981206],[-74.3814124492229,39.4156478219704],[-74.3815175450532,39.4158559392436]]}},{"type":"Feature","id":270295,"properties":{"OBJECTID":270295,"PRIMENAME":"North Connecticut Avenue","ELEVTYP_F":0,"ELEVTYP_T":0},"geometry":{"type":"LineString","coordinates":[[-74.419575968995,39.3686054561078],[-74.4190108423521,39.3677544507579]]}},{"type":"Feature","id":270603,"properties":{"OBJECTID":270603,"PRIMENAME":"Ocean Avenue","ELEVTYP_F":0,"ELEVTYP_T":0},"geometry":{"type":"LineString","coordinates":[[-74.3837854042434,39.3927027206095],[-74.3841433457746,39.3924789223233]]}},{"type":"Feature","id":270954,"properties":{"OBJECTID":270954,"PRIMENAME":"Sandy Lane","ELEVTYP_F":0,"ELEVTYP_T":0},"geometry":{"type":"LineString","coordinates":[[-74.4056772367725,39.3796637808114],[-74.4055695414925,39.3795600998268],[-74.4054107863632,39.3794366081494],[-74.405265799082,39.3793345990854],[-74.4049900223405,39.3791512655129]]}},{"type":"Feature","id":271183,"properties":{"OBJECTID":271183,"PRIMENAME":"Ocean Avenue","ELEVTYP_F":0,"ELEVTYP_T":0},"geometry":{"type":"LineString","coordinates":[[-74.3878726457926,39.3897223107055],[-74.3880187795897,39.3896137233959],[-74.3881976457002,39.389480923095]]}},{"type":"Feature","id":271346,"properties":{"OBJECTID":271346,"PRIMENAME":"32nd Street South","ELEVTYP_F":0,"ELEVTYP_T":0},"geometry":{"type":"LineString","coordinates":[[-74.3880703789854,39.39594160614],[-74.388436764898,39.3962609209267]]}},{"type":"Feature","id":271575,"properties":{"OBJECTID":271575,"PRIMENAME":"Bayshore Avenue","ELEVTYP_F":0,"ELEVTYP_T":0},"geometry":{"type":"LineString","coordinates":[[-74.3877621939334,39.3962052222533],[-74.3874477692225,39.3964741570531]]}},{"type":"Feature","id":271661,"properties":{"OBJECTID":271661,"PRIMENAME":"7th Street North","ELEVTYP_F":0,"ELEVTYP_T":0},"geometry":{"type":"LineString","coordinates":[[-74.3589056645795,39.4109306948288],[-74.359625682756,39.4115224571938],[-74.3599434797727,39.4117812998815]]}},{"type":"Feature","id":272017,"properties":{"OBJECTID":272017,"PRIMENAME":"Harbor Beach Cove","ELEVTYP_F":0,"ELEVTYP_T":0},"geometry":{"type":"LineString","coordinates":[[-74.4114174571613,39.3837424985828],[-74.4114104929857,39.3837934527672],[-74.4113897091851,39.3838336606244],[-74.4113585582638,39.3838738885058],[-74.4113204761871,39.3839113654405],[-74.4112824458222,39.3839354708408],[-74.4112271633432,39.3839488272649],[-74.4111649598187,39.3839514705008],[-74.4111027699088,39.3839433779104]]}},{"type":"Feature","id":272530,"properties":{"OBJECTID":272530,"PRIMENAME":"Fownes Avenue","ELEVTYP_F":0,"ELEVTYP_T":0},"geometry":{"type":"LineString","coordinates":[[-74.3637219985088,39.4194827256292],[-74.3637641591348,39.419373553911],[-74.3638048729911,39.4191889564952],[-74.3638293533737,39.4190512636349],[-74.3638458058939,39.4188916512106],[-74.363847948581,39.418791382958]]}},{"type":"Feature","id":273087,"properties":{"OBJECTID":273087,"PRIMENAME":"Ocean Avenue","ELEVTYP_F":0,"ELEVTYP_T":0},"geometry":{"type":"LineString","coordinates":[[-74.3809111354967,39.394495089033],[-74.3812670033387,39.394273329765]]}},{"type":"Feature","id":274373,"properties":{"OBJECTID":274373,"PRIMENAME":"Ocean Avenue","ELEVTYP_F":0,"ELEVTYP_T":0},"geometry":{"type":"LineString","coordinates":[[-74.378275628782,39.3961394806696],[-74.3786339933505,39.3959163034633]]}},{"type":"Feature","id":274821,"properties":{"OBJECTID":274821,"PRIMENAME":"Schooner Court","ELEVTYP_F":0,"ELEVTYP_T":0},"geometry":{"type":"LineString","coordinates":[[-74.4169069992762,39.3727412231631],[-74.4169164602607,39.3727561860259],[-74.4171714566271,39.3731564731722],[-74.4167652424258,39.3733225976127],[-74.4165148143694,39.3729187708906],[-74.416503893188,39.3729030079316]]}},{"type":"Feature","id":274851,"properties":{"OBJECTID":274851,"PRIMENAME":"Hudson Drive","ELEVTYP_F":0,"ELEVTYP_T":0},"geometry":{"type":"LineString","coordinates":[[-74.3976459995405,39.3867537611334],[-74.3977916430383,39.3867963639242]]}},{"type":"Feature","id":274912,"properties":{"OBJECTID":274912,"PRIMENAME":"38th Street South","ELEVTYP_F":0,"ELEVTYP_T":0},"geometry":{"type":"LineString","coordinates":[[-74.3898294119874,39.3911014849847],[-74.3904726263518,39.3915606170416],[-74.3921384782172,39.392735501568],[-74.3923215447471,39.3928625485127]]}},{"type":"Feature","id":275485,"properties":{"OBJECTID":275485,"PRIMENAME":"East Evans Boulevard","ELEVTYP_F":0,"ELEVTYP_T":0},"geometry":{"type":"LineString","coordinates":[[-74.363960132577,39.4106290651168],[-74.3639029551479,39.4107821506886],[-74.3638640434673,39.4109527475614],[-74.3638328073761,39.4111442745098],[-74.3638210177941,39.411255019632],[-74.3638079940895,39.4113447052754]]}},{"type":"Feature","id":275699,"properties":{"OBJECTID":275699,"PRIMENAME":"3rd Street North","ELEVTYP_F":0,"ELEVTYP_T":0},"geometry":{"type":"LineString","coordinates":[[-74.3614853411522,39.4090354809266],[-74.3621841422074,39.4096186357671],[-74.3624931207591,39.4098714599896],[-74.3627813105313,39.4101072706501],[-74.3628583999107,39.4101612582984],[-74.3629604150315,39.4102112126435]]}},{"type":"Feature","id":276289,"properties":{"OBJECTID":276289,"PRIMENAME":"28th Street South","ELEVTYP_F":0,"ELEVTYP_T":0},"geometry":{"type":"LineString","coordinates":[[-74.3855825844296,39.3980656413966],[-74.3859400589126,39.3983808096676]]}},{"type":"Feature","id":276696,"properties":{"OBJECTID":276696,"PRIMENAME":"Bayshore Avenue","ELEVTYP_F":0,"ELEVTYP_T":0},"geometry":{"type":"LineString","coordinates":[[-74.3840313716625,39.3993920411051],[-74.3838859288404,39.3995159997109],[-74.3837120304441,39.3996636523475]]}},{"type":"Feature","id":276852,"properties":{"OBJECTID":276852,"PRIMENAME":"Ocean Avenue","ELEVTYP_F":0,"ELEVTYP_T":0},"geometry":{"type":"LineString","coordinates":[[-74.3844791607689,39.3922391206914],[-74.3848127903242,39.3919926166335]]}},{"type":"Feature","id":277021,"properties":{"OBJECTID":277021,"PRIMENAME":"Ocean Drive East","ELEVTYP_F":0,"ELEVTYP_T":0},"geometry":{"type":"LineString","coordinates":[[-74.4033324627545,39.3807113040937],[-74.4033289089842,39.3807488620597],[-74.4033357628977,39.3807810463542],[-74.4033633897221,39.3808105580933],[-74.403425516852,39.3808615421558],[-74.4042088749127,39.3815727942019],[-74.4045883417779,39.3818985221614]]}},{"type":"Feature","id":277043,"properties":{"OBJECTID":277043,"PRIMENAME":"Tower Lane","ELEVTYP_F":0,"ELEVTYP_T":0},"geometry":{"type":"LineString","coordinates":[[-74.3938714340658,39.3921408211504],[-74.3939071224307,39.3921974692543],[-74.3939385755456,39.3922473592547]]}},{"type":"Feature","id":277058,"properties":{"OBJECTID":277058,"PRIMENAME":"Lafayette Place","ELEVTYP_F":0,"ELEVTYP_T":0},"geometry":{"type":"LineString","coordinates":[[-74.3801074785936,39.4179721559063],[-74.3800564863848,39.418210206487],[-74.3800028964159,39.4183944108217],[-74.3799657956552,39.4185404958612],[-74.3799492047552,39.4186580475854],[-74.3799513966411,39.4187214742902]]}},{"type":"Feature","id":277173,"properties":{"OBJECTID":277173,"PRIMENAME":"Surfside Road","ELEVTYP_F":0,"ELEVTYP_T":0},"geometry":{"type":"LineString","coordinates":[[-74.4008367563498,39.3824605522358],[-74.4006020954646,39.3822487436929]]}},{"type":"Feature","id":277258,"properties":{"OBJECTID":277258,"PRIMENAME":"17th Street South","ELEVTYP_F":0,"ELEVTYP_T":0},"geometry":{"type":"LineString","coordinates":[[-74.3736053439653,39.3990452240375],[-74.3740764690557,39.399579957111],[-74.3744630090239,39.4000029577703],[-74.3750796582373,39.4006823198137]]}},{"type":"Feature","id":277763,"properties":{"OBJECTID":277763,"PRIMENAME":"Unnamed Segment","ELEVTYP_F":0,"ELEVTYP_T":0},"geometry":{"type":"LineString","coordinates":[[-74.4167939081206,39.3748366933048],[-74.4165870412535,39.374528617762]]}},{"type":"Feature","id":277917,"properties":{"OBJECTID":277917,"PRIMENAME":"24th Street South","ELEVTYP_F":0,"ELEVTYP_T":0},"geometry":{"type":"LineString","coordinates":[[-74.3803440864573,39.3977981626011],[-74.3811667085311,39.3987015845605],[-74.3815224382838,39.3990966343026]]}},{"type":"Feature","id":277933,"properties":{"OBJECTID":277933,"PRIMENAME":"Lexington Avenue","ELEVTYP_F":0,"ELEVTYP_T":0},"geometry":{"type":"LineString","coordinates":[[-74.4227878383134,39.3687117107835],[-74.4227832730269,39.3687135472049],[-74.4216319158788,39.3691744624806]]}},{"type":"Feature","id":278528,"properties":{"OBJECTID":278528,"PRIMENAME":"Unnamed Segment","ELEVTYP_F":0,"ELEVTYP_T":0},"geometry":{"type":"LineString","coordinates":[[-74.3766325528383,39.4017683452647],[-74.3760627382086,39.401147221623],[-74.375458269695,39.400475922948]]}},{"type":"Feature","id":279320,"properties":{"OBJECTID":279320,"PRIMENAME":"45th Street South","ELEVTYP_F":0,"ELEVTYP_T":0},"geometry":{"type":"LineString","coordinates":[[-74.3974809536706,39.3889208745812],[-74.3973252643125,39.3889218624117]]}},{"type":"Feature","id":279531,"properties":{"OBJECTID":279531,"PRIMENAME":"Unnamed Segment","ELEVTYP_F":0,"ELEVTYP_T":0},"geometry":{"type":"LineString","coordinates":[[-74.4052893667369,39.3830190723394],[-74.404519320086,39.3820913416379]]}},{"type":"Feature","id":279568,"properties":{"OBJECTID":279568,"PRIMENAME":"Harbor Beach Cove","ELEVTYP_F":0,"ELEVTYP_T":0},"geometry":{"type":"LineString","coordinates":[[-74.4111027699088,39.3839433779104],[-74.4110302379117,39.3839165253056],[-74.4108437434346,39.3838332435953],[-74.4106261836097,39.3837231405577],[-74.4100120309597,39.38337141511]]}},{"type":"Feature","id":279749,"properties":{"OBJECTID":279749,"PRIMENAME":"North Vermont Avenue","ELEVTYP_F":0,"ELEVTYP_T":0},"geometry":{"type":"LineString","coordinates":[[-74.4161771938199,39.3705551645793],[-74.4162490175644,39.3706627087948],[-74.4165990725785,39.3711823209509],[-74.4168523146421,39.3715582191763],[-74.4170000421718,39.3717774938539],[-74.4170517743495,39.3718551785611]]}},{"type":"Feature","id":279806,"properties":{"OBJECTID":279806,"PRIMENAME":"FR RT 87 NB to RAMP Y100170","ELEVTYP_F":0,"ELEVTYP_T":0},"geometry":{"type":"LineString","coordinates":[[-74.418687913913,39.3871273575526],[-74.4178696641354,39.3875394562132],[-74.4175719060133,39.3876978621595],[-74.4175304802579,39.3877219392559],[-74.4174839064355,39.3877299243054],[-74.4174450512371,39.3877339053286],[-74.4174088544838,39.3877338796424],[-74.4173700435594,39.3877298435053],[-74.4173235028577,39.3877097396053],[-74.4172924655699,39.3876856101989],[-74.4172743919056,39.387649437227],[-74.417271844527,39.3876193431158],[-74.4172770854615,39.3875852180332],[-74.4172900390425,39.3875531306492],[-74.417313373343,39.3875089420161],[-74.4173769812801,39.387457780923],[-74.4173807355312,39.3874547902127],[-74.4179477643014,39.3871379584336],[-74.4181859431389,39.3870015838693],[-74.4184629978945,39.3868431618258],[-74.418592428924,39.3867810085983],[-74.4186726665123,39.3867589895684],[-74.418752887782,39.3867510005157],[-74.4188356814291,39.386753062587],[-74.4189107159822,39.3867631642855],[-74.4189779566708,39.386781277677],[-74.4190581280589,39.3868174665777],[-74.4191201821947,39.3868536698558],[-74.4191364356798,39.3868733673527]]}},{"type":"Feature","id":279921,"properties":{"OBJECTID":279921,"PRIMENAME":"Lafayette Place","ELEVTYP_F":0,"ELEVTYP_T":0},"geometry":{"type":"LineString","coordinates":[[-74.365859737145,39.4107719030503],[-74.3659965126042,39.4107853772166],[-74.3661829720298,39.4108084856996],[-74.3662337771294,39.4108147812735],[-74.3666440604401,39.4108586339745]]}},{"type":"Feature","id":280522,"properties":{"OBJECTID":280522,"PRIMENAME":"5th Street South","ELEVTYP_F":0,"ELEVTYP_T":0},"geometry":{"type":"LineString","coordinates":[[-74.3654115626856,39.4049015987221],[-74.3660576179806,39.405615884126]]}},{"type":"Feature","id":280657,"properties":{"OBJECTID":280657,"PRIMENAME":"North Irving Avenue","ELEVTYP_F":0,"ELEVTYP_T":0},"geometry":{"type":"LineString","coordinates":[[-74.4158471755637,39.3690316564545],[-74.415412573713,39.3683785229883],[-74.4152203256951,39.3680896019866]]}},{"type":"Feature","id":281075,"properties":{"OBJECTID":281075,"PRIMENAME":"Revere Boulevard","ELEVTYP_F":0,"ELEVTYP_T":0},"geometry":{"type":"LineString","coordinates":[[-74.380393114206,39.3997161340778],[-74.3800195513698,39.399919669675]]}},{"type":"Feature","id":281268,"properties":{"OBJECTID":281268,"PRIMENAME":"Delmar Drive","ELEVTYP_F":0,"ELEVTYP_T":0},"geometry":{"type":"LineString","coordinates":[[-74.4025986269798,39.3853653300597],[-74.4025933451029,39.3853979996565],[-74.4025167630744,39.3858162641899],[-74.4025028251347,39.3859154528119],[-74.4025027094541,39.385998591652],[-74.4025267935734,39.3860575884611],[-74.4025854634694,39.3861300407285],[-74.4025987542029,39.3861389752327]]}},{"type":"Feature","id":281609,"properties":{"OBJECTID":281609,"PRIMENAME":"Adriatic Avenue","ELEVTYP_F":0,"ELEVTYP_T":0},"geometry":{"type":"LineString","coordinates":[[-74.4216940458022,39.3716332226478],[-74.4229402231235,39.3711292355093]]}},{"type":"Feature","id":281980,"properties":{"OBJECTID":281980,"PRIMENAME":"Marsden Place","ELEVTYP_F":0,"ELEVTYP_T":0},"geometry":{"type":"LineString","coordinates":[[-74.3805989558683,39.416205098065],[-74.3809325133881,39.4160762290861],[-74.3815175450532,39.4158559392436]]}},{"type":"Feature","id":282272,"properties":{"OBJECTID":282272,"PRIMENAME":"West Brigantine Avenue","ELEVTYP_F":0,"ELEVTYP_T":0},"geometry":{"type":"LineString","coordinates":[[-74.3739506820682,39.4012987647503],[-74.3738059718396,39.4013777920615],[-74.3735827942679,39.4014996761333]]}},{"type":"Feature","id":282287,"properties":{"OBJECTID":282287,"PRIMENAME":"18th Street South","ELEVTYP_F":0,"ELEVTYP_T":0},"geometry":{"type":"LineString","coordinates":[[-74.3758339032347,39.4002714169535],[-74.3768047737297,39.4013389429692],[-74.3770087229794,39.4015624344443]]}},{"type":"Feature","id":282331,"properties":{"OBJECTID":282331,"PRIMENAME":"West Brigantine Avenue","ELEVTYP_F":0,"ELEVTYP_T":0},"geometry":{"type":"LineString","coordinates":[[-74.3952544387808,39.3864808553186],[-74.3950946599438,39.3866163744606],[-74.3948571477185,39.3868186530085],[-74.3947066547179,39.3869468213214]]}},{"type":"Feature","id":282648,"properties":{"OBJECTID":282648,"PRIMENAME":"Sheridan Square","ELEVTYP_F":0,"ELEVTYP_T":0},"geometry":{"type":"LineString","coordinates":[[-74.3690917355926,39.4064748545648],[-74.3696635972636,39.4071084856644],[-74.369742819269,39.407196263853]]}},{"type":"Feature","id":282821,"properties":{"OBJECTID":282821,"PRIMENAME":"Unnamed Segment","ELEVTYP_F":0,"ELEVTYP_T":0},"geometry":{"type":"LineString","coordinates":[[-74.3801944308303,39.3949421149962],[-74.3796891970789,39.3944992962418]]}},{"type":"Feature","id":282971,"properties":{"OBJECTID":282971,"PRIMENAME":"Unnamed Segment","ELEVTYP_F":0,"ELEVTYP_T":0},"geometry":{"type":"LineString","coordinates":[[-74.4018329800216,39.3849358734832],[-74.4016284303477,39.3846549835873],[-74.4013915090573,39.3844084397349],[-74.4009380310665,39.3839930939152]]}},{"type":"Feature","id":283341,"properties":{"OBJECTID":283341,"PRIMENAME":"Lafayette Place","ELEVTYP_F":0,"ELEVTYP_T":0},"geometry":{"type":"LineString","coordinates":[[-74.3656337867343,39.4107486340448],[-74.3657565814179,39.4107617626523]]}},{"type":"Feature","id":284043,"properties":{"OBJECTID":284043,"PRIMENAME":"Rainbow Drive","ELEVTYP_F":0,"ELEVTYP_T":0},"geometry":{"type":"LineString","coordinates":[[-74.3952544387808,39.3864808553186],[-74.39498867388,39.3862965190963],[-74.39458238315,39.3860112621224],[-74.394557216062,39.3859944636209],[-74.3945104698603,39.3859748719733],[-74.39446006301,39.3859664523784]]}},{"type":"Feature","id":284777,"properties":{"OBJECTID":284777,"PRIMENAME":"Ocean Avenue","ELEVTYP_F":0,"ELEVTYP_T":0},"geometry":{"type":"LineString","coordinates":[[-74.3858129225446,39.3912520007281],[-74.3861457287269,39.3910048884547]]}},{"type":"Feature","id":285245,"properties":{"OBJECTID":285245,"PRIMENAME":"Brigantine Avenue","ELEVTYP_F":0,"ELEVTYP_T":0},"geometry":{"type":"LineString","coordinates":[[-74.3848384855502,39.3947225660872],[-74.3846797397044,39.3948310548271],[-74.3845015055237,39.3949548169533]]}},{"type":"Feature","id":285287,"properties":{"OBJECTID":285287,"PRIMENAME":"North New Hampshire Avenue","ELEVTYP_F":0,"ELEVTYP_T":0},"geometry":{"type":"LineString","coordinates":[[-74.4143818866925,39.3702242402764],[-74.4142898341871,39.3700938165982],[-74.4140523105425,39.3697572887273]]}},{"type":"Feature","id":285551,"properties":{"OBJECTID":285551,"PRIMENAME":"Tiffany Place","ELEVTYP_F":0,"ELEVTYP_T":0},"geometry":{"type":"LineString","coordinates":[[-74.4062055175233,39.3820424741342],[-74.4065254468348,39.3823843532505],[-74.4067264932381,39.3825991910566]]}},{"type":"Feature","id":286147,"properties":{"OBJECTID":286147,"PRIMENAME":"West Brigantine Avenue","ELEVTYP_F":0,"ELEVTYP_T":0},"geometry":{"type":"LineString","coordinates":[[-74.3901249130419,39.3908510578697],[-74.3898294119874,39.3911014849847]]}},{"type":"Feature","id":286153,"properties":{"OBJECTID":286153,"PRIMENAME":"Ocean Drive South","ELEVTYP_F":0,"ELEVTYP_T":0},"geometry":{"type":"LineString","coordinates":[[-74.4050779134759,39.3790652606733],[-74.4049900223405,39.3791512655129]]}},{"type":"Feature","id":286243,"properties":{"OBJECTID":286243,"PRIMENAME":"East Evans Boulevard","ELEVTYP_F":0,"ELEVTYP_T":0},"geometry":{"type":"LineString","coordinates":[[-74.3604507486301,39.4141826089005],[-74.3598047483291,39.4146552930962]]}},{"type":"Feature","id":286280,"properties":{"OBJECTID":286280,"PRIMENAME":"FR RAMP A100170 to RT 87 SB","ELEVTYP_F":0,"ELEVTYP_T":0},"geometry":{"type":"LineString","coordinates":[[-74.4176257909597,39.3879189038714],[-74.4176264936146,39.3879156587677],[-74.417662281481,39.3878725229161],[-74.4179603037377,39.3877001679606],[-74.4184852693647,39.3873465123208]]}},{"type":"Feature","id":286852,"properties":{"OBJECTID":286852,"PRIMENAME":"Coquille Beach Drive","ELEVTYP_F":0,"ELEVTYP_T":0},"geometry":{"type":"LineString","coordinates":[[-74.4023193976971,39.3820190429901],[-74.4018881688153,39.3822933837034]]}},{"type":"Feature","id":287157,"properties":{"OBJECTID":287157,"PRIMENAME":"Delmar Drive","ELEVTYP_F":0,"ELEVTYP_T":0},"geometry":{"type":"LineString","coordinates":[[-74.4025987542029,39.3861389752327],[-74.4025577304133,39.3861756505082],[-74.4025265772019,39.3862131303498],[-74.4025092400611,39.3862640752875],[-74.4025091803904,39.3863069625819],[-74.4025333093433,39.3863338078787],[-74.4025644191615,39.3863526139232],[-74.4026024128437,39.3863580001181],[-74.4026507491515,39.3863553489602],[-74.4026888385357,39.3863419822407],[-74.4027303480058,39.3863125290828],[-74.4027684037654,39.3862723363246],[-74.4027971867171,39.3862346625671]]}},{"type":"Feature","id":287878,"properties":{"OBJECTID":287878,"PRIMENAME":"3rd Street South","ELEVTYP_F":0,"ELEVTYP_T":0},"geometry":{"type":"LineString","coordinates":[[-74.3660862629475,39.4081261549056],[-74.36625014372,39.4083062110105],[-74.3670934595606,39.409241164648],[-74.3671819901288,39.4093846985849]]}},{"type":"Feature","id":288071,"properties":{"OBJECTID":288071,"PRIMENAME":"Manitoba Avenue","ELEVTYP_F":0,"ELEVTYP_T":0},"geometry":{"type":"LineString","coordinates":[[-74.4059368778987,39.3830422546259],[-74.4058172673268,39.382928295109],[-74.4057137146986,39.3828182750923],[-74.4055723063418,39.3826545740671],[-74.4054170586824,39.3824694179312],[-74.4054094635978,39.3824609270659]]}},{"type":"Feature","id":288238,"properties":{"OBJECTID":288238,"PRIMENAME":"Revere Boulevard","ELEVTYP_F":0,"ELEVTYP_T":0},"geometry":{"type":"LineString","coordinates":[[-74.3851555603751,39.3966156250642],[-74.3848154540371,39.3968498500373]]}},{"type":"Feature","id":288717,"properties":{"OBJECTID":288717,"PRIMENAME":"45th Street South","ELEVTYP_F":0,"ELEVTYP_T":0},"geometry":{"type":"LineString","coordinates":[[-74.3947202640404,39.3880619556489],[-74.3945183314526,39.3879216345245],[-74.3939979808665,39.3875506623168]]}},{"type":"Feature","id":288957,"properties":{"OBJECTID":288957,"PRIMENAME":"West Brigantine Avenue","ELEVTYP_F":0,"ELEVTYP_T":0},"geometry":{"type":"LineString","coordinates":[[-74.3865775656535,39.3935396061773],[-74.3862956136117,39.3937333669081],[-74.3862308920181,39.3937772340591]]}},{"type":"Feature","id":289096,"properties":{"OBJECTID":289096,"PRIMENAME":"9th Street North","ELEVTYP_F":0,"ELEVTYP_T":0},"geometry":{"type":"LineString","coordinates":[[-74.3583589001187,39.4124806902757],[-74.358165322426,39.4123229637887],[-74.3579493345383,39.412143972329],[-74.3576230570333,39.4118735799779]]}},{"type":"Feature","id":289108,"properties":{"OBJECTID":289108,"PRIMENAME":"McDermott Place","ELEVTYP_F":0,"ELEVTYP_T":0},"geometry":{"type":"LineString","coordinates":[[-74.3652852972831,39.4159133138171],[-74.3654819169683,39.4159199388152],[-74.3657441802442,39.4159358922767],[-74.3658692626823,39.4159422962202],[-74.3659418617847,39.415961160691],[-74.3659639326282,39.415969751834],[-74.3660144429538,39.41598941414],[-74.3660668353197,39.4160239048667],[-74.3661191929762,39.4160771763202],[-74.3661553962832,39.4161366879274],[-74.3661754176056,39.4162180919812],[-74.3661752500408,39.4163057333721],[-74.3661790522803,39.4164278088233],[-74.3661949422386,39.4165405082312],[-74.3662189912727,39.4166626069614],[-74.3662429766367,39.416781604155],[-74.3662790319529,39.4169005863898],[-74.3663231457388,39.417044619221],[-74.3664034817188,39.4172387736298],[-74.3665080669441,39.4174141750185],[-74.3666006054574,39.4175770431726],[-74.3666367931608,39.4176459733653],[-74.3666528393977,39.4176960717511],[-74.3666741783984,39.4177922764558],[-74.3666792844041,39.4178248453363]]}},{"type":"Feature","id":289152,"properties":{"OBJECTID":289152,"PRIMENAME":"Atlantic Brigantine Boulevard","ELEVTYP_F":0,"ELEVTYP_T":0},"geometry":{"type":"LineString","coordinates":[[-74.40970915258,39.3914851269832],[-74.4100610458546,39.3913284577257],[-74.4112356550403,39.3908072262896],[-74.4113167112733,39.3907712568068],[-74.4124118706102,39.3902861868328],[-74.4127522380904,39.3901350487799],[-74.4132921164705,39.3898953148754],[-74.4137583299344,39.3896869448565]]}},{"type":"Feature","id":289247,"properties":{"OBJECTID":289247,"PRIMENAME":"Unnamed Segment","ELEVTYP_F":0,"ELEVTYP_T":0},"geometry":{"type":"LineString","coordinates":[[-74.3919533216559,39.3930690102147],[-74.3903719847691,39.3919493346952],[-74.3895299389603,39.3913552837818]]}},{"type":"Feature","id":289370,"properties":{"OBJECTID":289370,"PRIMENAME":"Atlantic Brigantine Boulevard","ELEVTYP_F":0,"ELEVTYP_T":0},"geometry":{"type":"LineString","coordinates":[[-74.3941526703683,39.3946500585376],[-74.3943518540666,39.3947024618757],[-74.3948332082822,39.3946848043909],[-74.3952722106139,39.3946697677777],[-74.3955189652484,39.3946613148698],[-74.3964273412574,39.3946360433184],[-74.3972193510325,39.394611556441],[-74.397501265714,39.3946028385212],[-74.3979774230835,39.3945812089197],[-74.3981942768459,39.3945779118469]]}},{"type":"Feature","id":289520,"properties":{"OBJECTID":289520,"PRIMENAME":"Lafayette Place","ELEVTYP_F":0,"ELEVTYP_T":0},"geometry":{"type":"LineString","coordinates":[[-74.3728414945605,39.4117034070973],[-74.3729969822626,39.41174437693],[-74.3732438287964,39.4118224852737],[-74.3735523778609,39.4119156242822],[-74.3738917497522,39.4120327373808],[-74.3740845899673,39.4121077649983],[-74.3743699551461,39.4122218527974],[-74.3747979839278,39.412404900309],[-74.3751758798465,39.4125759478401],[-74.3754064004653,39.4126881510113],[-74.3755064365696,39.4127368401072],[-74.3755791101161,39.4127722184452]]}},{"type":"Feature","id":289674,"properties":{"OBJECTID":289674,"PRIMENAME":"Harbor Beach Boulevard","ELEVTYP_F":0,"ELEVTYP_T":0},"geometry":{"type":"LineString","coordinates":[[-74.404519320086,39.3820913416379],[-74.4046962572863,39.381998030759],[-74.4047010376,39.381995261993]]}},{"type":"Feature","id":290163,"properties":{"OBJECTID":290163,"PRIMENAME":"Heald Road","ELEVTYP_F":0,"ELEVTYP_T":0},"geometry":{"type":"LineString","coordinates":[[-74.3678150282676,39.4135755254308],[-74.368004268944,39.4135240820609],[-74.3680693018442,39.4135064037431],[-74.3681501682488,39.4134761014939],[-74.3682261404025,39.4134325041283],[-74.3682558378205,39.4134109860987],[-74.368332154677,39.4133556912522],[-74.3684155057565,39.4133026292897]]}},{"type":"Feature","id":290596,"properties":{"OBJECTID":290596,"PRIMENAME":"Unnamed Segment","ELEVTYP_F":0,"ELEVTYP_T":0},"geometry":{"type":"LineString","coordinates":[[-74.3799767451061,39.3980112584524],[-74.3796233283389,39.3976169197471],[-74.3788461475803,39.3967709449657],[-74.378275628782,39.3961394806696]]}},{"type":"Feature","id":290633,"properties":{"OBJECTID":290633,"PRIMENAME":"Unnamed Segment","ELEVTYP_F":0,"ELEVTYP_T":0},"geometry":{"type":"LineString","coordinates":[[-74.3846470484465,39.3988673001476],[-74.3835484383387,39.3978901258423],[-74.3834369844567,39.3977930373402]]}},{"type":"Feature","id":291480,"properties":{"OBJECTID":291480,"PRIMENAME":"Harbor Beach Boulevard","ELEVTYP_F":0,"ELEVTYP_T":0},"geometry":{"type":"LineString","coordinates":[[-74.4018210037359,39.3835010006023],[-74.4019205593997,39.383450046701],[-74.401927762625,39.383446351361],[-74.4019324207346,39.3834439609449],[-74.4021740688225,39.3833203080483],[-74.4026443816842,39.3830686227721],[-74.4027498757983,39.3830135285173]]}},{"type":"Feature","id":291547,"properties":{"OBJECTID":291547,"PRIMENAME":"Magnolia Way","ELEVTYP_F":0,"ELEVTYP_T":0},"geometry":{"type":"LineString","coordinates":[[-74.4052469021703,39.393467293214],[-74.4053243526039,39.3935526083759],[-74.4055257210735,39.3938250869763]]}},{"type":"Feature","id":291561,"properties":{"OBJECTID":291561,"PRIMENAME":"Beacon Lane","ELEVTYP_F":0,"ELEVTYP_T":0},"geometry":{"type":"LineString","coordinates":[[-74.3983951594364,39.385677020241],[-74.3982686333192,39.3856039570613],[-74.3981643419576,39.385545218896],[-74.3980348789619,39.3854724825852],[-74.3979305920716,39.3854109436089],[-74.3978047066521,39.3853354095742],[-74.3976608689748,39.3852458845183],[-74.3975062762254,39.3851312821942],[-74.3973660728508,39.3850250112945],[-74.3972402419633,39.3849131787325],[-74.3971396311794,39.3848069425137],[-74.3969491890274,39.3846028820713]]}},{"type":"Feature","id":291748,"properties":{"OBJECTID":291748,"PRIMENAME":"Unnamed Segment","ELEVTYP_F":0,"ELEVTYP_T":0},"geometry":{"type":"LineString","coordinates":[[-74.3780520464147,39.4033373339375],[-74.3772224982576,39.4024193038699],[-74.3771743901576,39.4023657409071]]}},{"type":"Feature","id":291902,"properties":{"OBJECTID":291902,"PRIMENAME":"28th Street South","ELEVTYP_F":0,"ELEVTYP_T":0},"geometry":{"type":"LineString","coordinates":[[-74.3805781686934,39.3936738243196],[-74.3812670033387,39.394273329765]]}},{"type":"Feature","id":292238,"properties":{"OBJECTID":292238,"PRIMENAME":"27th Street South","ELEVTYP_F":0,"ELEVTYP_T":0},"geometry":{"type":"LineString","coordinates":[[-74.3824273380541,39.3963731495299],[-74.3827274762037,39.396637199638],[-74.3837779797596,39.3975617827722]]}},{"type":"Feature","id":292460,"properties":{"OBJECTID":292460,"PRIMENAME":"19th Street South","ELEVTYP_F":0,"ELEVTYP_T":0},"geometry":{"type":"LineString","coordinates":[[-74.376586897685,39.3998614680996],[-74.3774472338338,39.400798095662],[-74.377763500822,39.4011492136441]]}},{"type":"Feature","id":293159,"properties":{"OBJECTID":293159,"PRIMENAME":"30th Street South","ELEVTYP_F":0,"ELEVTYP_T":0},"geometry":{"type":"LineString","coordinates":[[-74.3819836506152,39.3927393191945],[-74.3820854505472,39.3928294776057],[-74.3827051539287,39.393378303676]]}},{"type":"Feature","id":293261,"properties":{"OBJECTID":293261,"PRIMENAME":"Unnamed Segment","ELEVTYP_F":0,"ELEVTYP_T":0},"geometry":{"type":"LineString","coordinates":[[-74.378823349174,39.4029531169482],[-74.3786260142938,39.4027463283776],[-74.3783360582227,39.4024204736332],[-74.3780853138767,39.402137354593]]}},{"type":"Feature","id":293950,"properties":{"OBJECTID":293950,"PRIMENAME":"Main Sail Way","ELEVTYP_F":0,"ELEVTYP_T":0},"geometry":{"type":"LineString","coordinates":[[-74.4185218546563,39.3745649164152],[-74.4183767083683,39.3746236094901],[-74.4178853007963,39.3748272074419]]}},{"type":"Feature","id":294125,"properties":{"OBJECTID":294125,"PRIMENAME":"Hudson Cove","ELEVTYP_F":0,"ELEVTYP_T":0},"geometry":{"type":"LineString","coordinates":[[-74.3959432514713,39.3870134177647],[-74.3964735335064,39.3873955096859]]}},{"type":"Feature","id":294506,"properties":{"OBJECTID":294506,"PRIMENAME":"North New Hampshire Avenue","ELEVTYP_F":0,"ELEVTYP_T":0},"geometry":{"type":"LineString","coordinates":[[-74.4140523105425,39.3697572887273],[-74.4140416113733,39.3697420968052],[-74.4136480752945,39.3691389117457],[-74.4132875992901,39.3685977363462],[-74.4130976943465,39.3683126321236],[-74.4129791123066,39.3682354451388]]}},{"type":"Feature","id":295250,"properties":{"OBJECTID":295250,"PRIMENAME":"Unnamed Segment","ELEVTYP_F":0,"ELEVTYP_T":0},"geometry":{"type":"LineString","coordinates":[[-74.4163739152772,39.3742102194909],[-74.4161492890495,39.3738746332294],[-74.4161483795768,39.373873276859]]}},{"type":"Feature","id":295314,"properties":{"OBJECTID":295314,"PRIMENAME":"North Congress Avenue","ELEVTYP_F":0,"ELEVTYP_T":0},"geometry":{"type":"LineString","coordinates":[[-74.4184447881301,39.3679811186036],[-74.4189947280264,39.3688125343293],[-74.419318028415,39.3692856453584]]}},{"type":"Feature","id":295342,"properties":{"OBJECTID":295342,"PRIMENAME":"Sextant Drive","ELEVTYP_F":0,"ELEVTYP_T":0},"geometry":{"type":"LineString","coordinates":[[-74.4186638814083,39.3738665874113],[-74.4184382761395,39.3735270557208],[-74.4183254523098,39.3733572572604]]}},{"type":"Feature","id":296043,"properties":{"OBJECTID":296043,"PRIMENAME":"Cummings Place","ELEVTYP_F":0,"ELEVTYP_T":0},"geometry":{"type":"LineString","coordinates":[[-74.3743332074893,39.4151046599538],[-74.3742339514987,39.4149286668453],[-74.374140001174,39.4147951269219],[-74.3740092315924,39.4146456767429],[-74.3738538558187,39.4144993858681],[-74.3736943228192,39.4143816438545],[-74.3735143202183,39.4142702768547],[-74.3731778237815,39.4141045405976]]}},{"type":"Feature","id":296193,"properties":{"OBJECTID":296193,"PRIMENAME":"Shipmaster Drive","ELEVTYP_F":0,"ELEVTYP_T":0},"geometry":{"type":"LineString","coordinates":[[-74.3985661536155,39.3872464236667],[-74.3988517553629,39.387277232097],[-74.3990521597166,39.3873042312069],[-74.3992318186787,39.3873392561984],[-74.3994183392791,39.3873769514256],[-74.3995282352461,39.3874035138254]]}},{"type":"Feature","id":296200,"properties":{"OBJECTID":296200,"PRIMENAME":"14th Street South","ELEVTYP_F":0,"ELEVTYP_T":0},"geometry":{"type":"LineString","coordinates":[[-74.3713139361062,39.4002493722779],[-74.3708310563955,39.3997079436917]]}},{"type":"Feature","id":296504,"properties":{"OBJECTID":296504,"PRIMENAME":"Unnamed Segment","ELEVTYP_F":0,"ELEVTYP_T":0},"geometry":{"type":"LineString","coordinates":[[-74.3841582485269,39.3951931554231],[-74.3839888494982,39.3950451881466],[-74.3829857809723,39.3941739755401],[-74.3824097448463,39.3936569088841],[-74.3823477694334,39.393602290834]]}},{"type":"Feature","id":296992,"properties":{"OBJECTID":296992,"PRIMENAME":"Evans Boulevard","ELEVTYP_F":0,"ELEVTYP_T":0},"geometry":{"type":"LineString","coordinates":[[-74.3680778511945,39.4090824611961],[-74.3680044044823,39.4091224644645],[-74.3678923818502,39.4091792265422],[-74.3678677986071,39.4091898524059]]}},{"type":"Feature","id":297157,"properties":{"OBJECTID":297157,"PRIMENAME":"36th Street South","ELEVTYP_F":0,"ELEVTYP_T":0},"geometry":{"type":"LineString","coordinates":[[-74.3886200911114,39.3921314647528],[-74.3893903196307,39.3928060660003],[-74.390671924625,39.393934973335]]}},{"type":"Feature","id":297184,"properties":{"OBJECTID":297184,"PRIMENAME":"17th Street South","ELEVTYP_F":0,"ELEVTYP_T":0},"geometry":{"type":"LineString","coordinates":[[-74.3762626517174,39.4019708835174],[-74.3767258793809,39.4024911267199]]}},{"type":"Feature","id":297388,"properties":{"OBJECTID":297388,"PRIMENAME":"10th Street South","ELEVTYP_F":0,"ELEVTYP_T":0},"geometry":{"type":"LineString","coordinates":[[-74.3698237667279,39.4035585592659],[-74.3694433383538,39.4031459834106],[-74.368265894903,39.4018420361172]]}},{"type":"Feature","id":298529,"properties":{"OBJECTID":298529,"PRIMENAME":"31st Street South","ELEVTYP_F":0,"ELEVTYP_T":0},"geometry":{"type":"LineString","coordinates":[[-74.3834242017119,39.3929285737562],[-74.3841768544653,39.3935929505505],[-74.3851944831105,39.3944799548376]]}},{"type":"Feature","id":298654,"properties":{"OBJECTID":298654,"PRIMENAME":"17th Street South","ELEVTYP_F":0,"ELEVTYP_T":0},"geometry":{"type":"LineString","coordinates":[[-74.3767258793809,39.4024911267199],[-74.3770240574039,39.4028260274093],[-74.3775839547458,39.4034353379292],[-74.3776603412746,39.4035184650653]]}},{"type":"Feature","id":299670,"properties":{"OBJECTID":299670,"PRIMENAME":"21st Street South","ELEVTYP_F":0,"ELEVTYP_T":0},"geometry":{"type":"LineString","coordinates":[[-74.3780890107782,39.3990378457059],[-74.3788971758003,39.3999231469058],[-74.3792665760466,39.4003298047167]]}},{"type":"Feature","id":299682,"properties":{"OBJECTID":299682,"PRIMENAME":"8th Street North","ELEVTYP_F":0,"ELEVTYP_T":0},"geometry":{"type":"LineString","coordinates":[[-74.3580594752377,39.4112301764253],[-74.3582666508645,39.4114007966359]]}},{"type":"Feature","id":299961,"properties":{"OBJECTID":299961,"PRIMENAME":"30th Street South","ELEVTYP_F":0,"ELEVTYP_T":0},"geometry":{"type":"LineString","coordinates":[[-74.3845015055237,39.3949548169533],[-74.3846031645563,39.395044920744]]}},{"type":"Feature","id":300088,"properties":{"OBJECTID":300088,"PRIMENAME":"Crystal Lane","ELEVTYP_F":0,"ELEVTYP_T":0},"geometry":{"type":"LineString","coordinates":[[-74.3930776133459,39.3924794301221],[-74.3931271573638,39.3925229394493],[-74.3931277577662,39.3925235714646],[-74.393163471673,39.3925639657022]]}},{"type":"Feature","id":300199,"properties":{"OBJECTID":300199,"PRIMENAME":"Bayshore Avenue","ELEVTYP_F":0,"ELEVTYP_T":0},"geometry":{"type":"LineString","coordinates":[[-74.3716142720316,39.4080173711382],[-74.3714743201701,39.4080210882631],[-74.3713028397064,39.4080208987013],[-74.3711281611892,39.408008157175],[-74.3709308498601,39.4079853418361],[-74.3707691164942,39.4079776397044],[-74.3706720198883,39.4079850544083],[-74.3705587826229,39.4079924789993],[-74.3704624921035,39.4080035192516]]}},{"type":"Feature","id":300324,"properties":{"OBJECTID":300324,"PRIMENAME":"42nd Street South","ELEVTYP_F":0,"ELEVTYP_T":0},"geometry":{"type":"LineString","coordinates":[[-74.3906309779011,39.3879543436076],[-74.3908506398899,39.3881109143075]]}},{"type":"Feature","id":300502,"properties":{"OBJECTID":300502,"PRIMENAME":"Vernon Place","ELEVTYP_F":0,"ELEVTYP_T":0},"geometry":{"type":"LineString","coordinates":[[-74.364925337019,39.4089632520593],[-74.3652367840482,39.4093043207224]]}},{"type":"Feature","id":300610,"properties":{"OBJECTID":300610,"PRIMENAME":"40th Street South","ELEVTYP_F":0,"ELEVTYP_T":0},"geometry":{"type":"LineString","coordinates":[[-74.3891607827894,39.3887737119134],[-74.3896154219139,39.3890956386627],[-74.3902891534978,39.3895726971189],[-74.3910210484028,39.390088497493]]}},{"type":"Feature","id":300644,"properties":{"OBJECTID":300644,"PRIMENAME":"Bobby Jones Road","ELEVTYP_F":0,"ELEVTYP_T":0},"geometry":{"type":"LineString","coordinates":[[-74.3781897211147,39.4142386395157],[-74.3784576599708,39.4143073139557],[-74.3787115170667,39.4143520577353],[-74.3788875677342,39.4143998781958],[-74.3791044865039,39.4144763503013],[-74.3792184765078,39.4145268567982],[-74.3793823855876,39.414599479165]]}},{"type":"Feature","id":300787,"properties":{"OBJECTID":300787,"PRIMENAME":"Hydranga Way","ELEVTYP_F":0,"ELEVTYP_T":0},"geometry":{"type":"LineString","coordinates":[[-74.40970915258,39.3914851269832],[-74.4098509403311,39.3916658275246],[-74.40995393493,39.3917970860407]]}},{"type":"Feature","id":301546,"properties":{"OBJECTID":301546,"PRIMENAME":"Anchorage Court","ELEVTYP_F":0,"ELEVTYP_T":0},"geometry":{"type":"LineString","coordinates":[[-74.417543128028,39.3743005283147],[-74.4172046870425,39.373808355317]]}},{"type":"Feature","id":301628,"properties":{"OBJECTID":301628,"PRIMENAME":"West Brigantine Avenue","ELEVTYP_F":0,"ELEVTYP_T":0},"geometry":{"type":"LineString","coordinates":[[-74.3690676074927,39.4039711511805],[-74.3683235542379,39.4043783974787],[-74.368320436826,39.4043801234911]]}},{"type":"Feature","id":301725,"properties":{"OBJECTID":301725,"PRIMENAME":"Whalerman Road","ELEVTYP_F":0,"ELEVTYP_T":0},"geometry":{"type":"LineString","coordinates":[[-74.3993002529113,39.3879768305643],[-74.3993000047012,39.387977488838],[-74.3992756950822,39.3880525616131],[-74.3992582884265,39.3881490840237],[-74.3992581264478,39.3882617385655],[-74.399257879709,39.3884333417136],[-74.3992633438448,39.38879269828]]}},{"type":"Feature","id":301940,"properties":{"OBJECTID":301940,"PRIMENAME":"West Shore Drive","ELEVTYP_F":0,"ELEVTYP_T":0},"geometry":{"type":"LineString","coordinates":[[-74.3748011708919,39.4107417272859],[-74.3748558450913,39.4108375169785],[-74.3752275132675,39.4114886451674],[-74.3753996319418,39.4117913997767]]}},{"type":"Feature","id":302259,"properties":{"OBJECTID":302259,"PRIMENAME":"Dylan Drive","ELEVTYP_F":0,"ELEVTYP_T":0},"geometry":{"type":"LineString","coordinates":[[-74.4156233796894,39.3697259570814],[-74.4149007611879,39.3700159775229]]}},{"type":"Feature","id":302347,"properties":{"OBJECTID":302347,"PRIMENAME":"Harbor Beach Boulevard","ELEVTYP_F":0,"ELEVTYP_T":0},"geometry":{"type":"LineString","coordinates":[[-74.4036388065944,39.3825505673696],[-74.4039420115374,39.382393719295],[-74.4039422938676,39.3823935276564]]}},{"type":"Feature","id":304010,"properties":{"OBJECTID":304010,"PRIMENAME":"West Brigantine Avenue","ELEVTYP_F":0,"ELEVTYP_T":0},"geometry":{"type":"LineString","coordinates":[[-74.3758339032347,39.4002714169535],[-74.375458269695,39.400475922948]]}},{"type":"Feature","id":304264,"properties":{"OBJECTID":304264,"PRIMENAME":"Unnamed Segment","ELEVTYP_F":0,"ELEVTYP_T":0},"geometry":{"type":"LineString","coordinates":[[-74.4037617957918,39.3841384025162],[-74.4027509915785,39.384521454]]}},{"type":"Feature","id":304543,"properties":{"OBJECTID":304543,"PRIMENAME":"West Brigantine Avenue","ELEVTYP_F":0,"ELEVTYP_T":0},"geometry":{"type":"LineString","coordinates":[[-74.368320436826,39.4043801234911],[-74.3675620996541,39.4047935813699]]}},{"type":"Feature","id":305355,"properties":{"OBJECTID":305355,"PRIMENAME":"Unnamed Segment","ELEVTYP_F":0,"ELEVTYP_T":0},"geometry":{"type":"LineString","coordinates":[[-74.3819592494068,39.3987988187009],[-74.3809503319117,39.3978123749033],[-74.3807023083315,39.3975555945517]]}},{"type":"Feature","id":305356,"properties":{"OBJECTID":305356,"PRIMENAME":"West Brigantine Avenue","ELEVTYP_F":0,"ELEVTYP_T":0},"geometry":{"type":"LineString","coordinates":[[-74.3728243771752,39.4019140746715],[-74.3724168068648,39.4021367401889],[-74.3720668679953,39.402329951951]]}},{"type":"Feature","id":305728,"properties":{"OBJECTID":305728,"PRIMENAME":"45th Street South","ELEVTYP_F":0,"ELEVTYP_T":0},"geometry":{"type":"LineString","coordinates":[[-74.3973252643125,39.3889218624117],[-74.3970292058149,39.3889237699339],[-74.3967196650918,39.3889262962009],[-74.3965288770564,39.3889261267018],[-74.396402919549,39.3889204413474],[-74.3962841568128,39.3889063874864],[-74.3961834052647,39.388892267602],[-74.3960682376532,39.3888642686642],[-74.3959386849343,39.3888250543382],[-74.3958164268251,39.3887830466974],[-74.3957156810434,39.3887410573089],[-74.3956149921489,39.3886851207206],[-74.395456761116,39.3885872052929],[-74.3953727790726,39.3885279613339]]}},{"type":"Feature","id":306020,"properties":{"OBJECTID":306020,"PRIMENAME":"Lafayette Place","ELEVTYP_F":0,"ELEVTYP_T":0},"geometry":{"type":"LineString","coordinates":[[-74.3651137225613,39.4107112092876],[-74.365431264779,39.4107270383668],[-74.3656337867343,39.4107486340448]]}},{"type":"Feature","id":306767,"properties":{"OBJECTID":306767,"PRIMENAME":"North Massachusetts Avenue","ELEVTYP_F":0,"ELEVTYP_T":0},"geometry":{"type":"LineString","coordinates":[[-74.4178117320502,39.3682378323908],[-74.4183427991741,39.369020585181],[-74.4186810759662,39.3695402748412]]}},{"type":"Feature","id":307069,"properties":{"OBJECTID":307069,"PRIMENAME":"Ocean Drive East","ELEVTYP_F":0,"ELEVTYP_T":0},"geometry":{"type":"LineString","coordinates":[[-74.4045883417779,39.3818985221614],[-74.4047010376,39.381995261993]]}},{"type":"Feature","id":307117,"properties":{"OBJECTID":307117,"PRIMENAME":"Unnamed Segment","ELEVTYP_F":0,"ELEVTYP_T":0},"geometry":{"type":"LineString","coordinates":[[-74.3862804425125,39.3949045666927],[-74.3860267953227,39.3946840890576],[-74.3855353141574,39.394249106482]]}},{"type":"Feature","id":307184,"properties":{"OBJECTID":307184,"PRIMENAME":"Bayshore Avenue","ELEVTYP_F":0,"ELEVTYP_T":0},"geometry":{"type":"LineString","coordinates":[[-74.3759041251959,39.4028225871832],[-74.3759028852721,39.4028231623744],[-74.3756891644082,39.4029408871233],[-74.3755464104259,39.4030231543493],[-74.3755240035285,39.4030360677065],[-74.375319994777,39.4031638515163],[-74.3751819125984,39.4032563411015]]}},{"type":"Feature","id":307739,"properties":{"OBJECTID":307739,"PRIMENAME":"25th Street South","ELEVTYP_F":0,"ELEVTYP_T":0},"geometry":{"type":"LineString","coordinates":[[-74.38104508414,39.3973224274985],[-74.3823291032934,39.3984366839441],[-74.3824027786283,39.3985020504619]]}},{"type":"Feature","id":307755,"properties":{"OBJECTID":307755,"PRIMENAME":"West Brigantine Avenue","ELEVTYP_F":0,"ELEVTYP_T":0},"geometry":{"type":"LineString","coordinates":[[-74.3705756616442,39.4031496923865],[-74.3698237667279,39.4035585592659]]}},{"type":"Feature","id":308062,"properties":{"OBJECTID":308062,"PRIMENAME":"West Brigantine Avenue","ELEVTYP_F":0,"ELEVTYP_T":0},"geometry":{"type":"LineString","coordinates":[[-74.3799767451061,39.3980112584524],[-74.3799549254356,39.3980237012601],[-74.3796472890073,39.398191554442],[-74.3796027990528,39.3982160553064]]}},{"type":"Feature","id":308202,"properties":{"OBJECTID":308202,"PRIMENAME":"2nd Street South","ELEVTYP_F":0,"ELEVTYP_T":0},"geometry":{"type":"LineString","coordinates":[[-74.36552266342,39.4087503324248],[-74.3659628132929,39.4092339096357],[-74.3659781771292,39.4092698125682],[-74.3659819716123,39.4093027655589],[-74.365981925783,39.4093267070106],[-74.365978383702,39.4093651149112]]}},{"type":"Feature","id":308419,"properties":{"OBJECTID":308419,"PRIMENAME":"Bayshore Avenue","ELEVTYP_F":0,"ELEVTYP_T":0},"geometry":{"type":"LineString","coordinates":[[-74.3780853138767,39.402137354593],[-74.3776359789537,39.4022497561838]]}},{"type":"Feature","id":308454,"properties":{"OBJECTID":308454,"PRIMENAME":"6th Street South","ELEVTYP_F":0,"ELEVTYP_T":0},"geometry":{"type":"LineString","coordinates":[[-74.3683336994593,39.4068883726015],[-74.3689867647349,39.4076079488723]]}},{"type":"Feature","id":308540,"properties":{"OBJECTID":308540,"PRIMENAME":"Drexel Avenue","ELEVTYP_F":0,"ELEVTYP_T":0},"geometry":{"type":"LineString","coordinates":[[-74.4169069992762,39.3727412231631],[-74.416503893188,39.3729030079316]]}},{"type":"Feature","id":308565,"properties":{"OBJECTID":308565,"PRIMENAME":"Ocean Avenue","ELEVTYP_F":0,"ELEVTYP_T":0},"geometry":{"type":"LineString","coordinates":[[-74.3761173876578,39.397481447667],[-74.3764724008512,39.3972605256177]]}},{"type":"Feature","id":308765,"properties":{"OBJECTID":308765,"PRIMENAME":"9th Street North","ELEVTYP_F":0,"ELEVTYP_T":0},"geometry":{"type":"LineString","coordinates":[[-74.3604507486301,39.4141826089005],[-74.3593095904957,39.413255347223],[-74.35893179176,39.4129474869083]]}},{"type":"Feature","id":309168,"properties":{"OBJECTID":309168,"PRIMENAME":"Windjammer Court","ELEVTYP_F":0,"ELEVTYP_T":0},"geometry":{"type":"LineString","coordinates":[[-74.4184241603559,39.3721329218293],[-74.4181676260453,39.3717337965151],[-74.4177568624625,39.3718999212625],[-74.4180038787841,39.3723014234003]]}},{"type":"Feature","id":309207,"properties":{"OBJECTID":309207,"PRIMENAME":"North Rhode Island Avenue","ELEVTYP_F":0,"ELEVTYP_T":0},"geometry":{"type":"LineString","coordinates":[[-74.417429444468,39.3700477816388],[-74.4169936262069,39.3693975989635]]}},{"type":"Feature","id":309590,"properties":{"OBJECTID":309590,"PRIMENAME":"Revere Boulevard","ELEVTYP_F":0,"ELEVTYP_T":0},"geometry":{"type":"LineString","coordinates":[[-74.3807706772783,39.399510405214],[-74.380393114206,39.3997161340778]]}},{"type":"Feature","id":309651,"properties":{"OBJECTID":309651,"PRIMENAME":"21st Street South","ELEVTYP_F":0,"ELEVTYP_T":0},"geometry":{"type":"LineString","coordinates":[[-74.3758609853404,39.3965925163649],[-74.3764724008512,39.3972605256177]]}},{"type":"Feature","id":310494,"properties":{"OBJECTID":310494,"PRIMENAME":"13th Street South","ELEVTYP_F":0,"ELEVTYP_T":0},"geometry":{"type":"LineString","coordinates":[[-74.3720668679953,39.402329951951],[-74.372392166255,39.4026852398549],[-74.3733241046694,39.4037040714872],[-74.3735970927543,39.4040092179657]]}},{"type":"Feature","id":311072,"properties":{"OBJECTID":311072,"PRIMENAME":"Unnamed Segment","ELEVTYP_F":0,"ELEVTYP_T":0},"geometry":{"type":"LineString","coordinates":[[-74.3792264763832,39.3984229347438],[-74.3781433580754,39.3972334853272],[-74.377555989903,39.3965860475749]]}},{"type":"Feature","id":311639,"properties":{"OBJECTID":311639,"PRIMENAME":"West Brigantine Avenue","ELEVTYP_F":0,"ELEVTYP_T":0},"geometry":{"type":"LineString","coordinates":[[-74.3934016403766,39.3880596570389],[-74.393303784534,39.3881431998941],[-74.3928133349044,39.3885603091992]]}},{"type":"Feature","id":311931,"properties":{"OBJECTID":311931,"PRIMENAME":"29th Street South","ELEVTYP_F":0,"ELEVTYP_T":0},"geometry":{"type":"LineString","coordinates":[[-74.3819866655467,39.3938267937769],[-74.3825941693933,39.3943582810088],[-74.3838083144419,39.3954239356638]]}},{"type":"Feature","id":311963,"properties":{"OBJECTID":311963,"PRIMENAME":"28th Street South","ELEVTYP_F":0,"ELEVTYP_T":0},"geometry":{"type":"LineString","coordinates":[[-74.3831163454951,39.3958981589872],[-74.3843889984386,39.3970207563296],[-74.384467516009,39.3970894206061]]}},{"type":"Feature","id":312159,"properties":{"OBJECTID":312159,"PRIMENAME":"Bramble Drive","ELEVTYP_F":0,"ELEVTYP_T":0},"geometry":{"type":"LineString","coordinates":[[-74.3989630684344,39.3847018162314],[-74.3988349361109,39.3847861067867],[-74.3987592250752,39.3848307127897],[-74.3987124190279,39.3848530498694],[-74.3986512281697,39.3848641431583],[-74.3986044144086,39.38486690298],[-74.3985576196752,39.3848557147258],[-74.3984821418014,39.3848137227069],[-74.3982627656727,39.3846738873257],[-74.3980255024384,39.3845005105707],[-74.3979068771099,39.3843970598239],[-74.3977091793071,39.3842181159132]]}},{"type":"Feature","id":312330,"properties":{"OBJECTID":312330,"PRIMENAME":"Atlantic Brigantine Boulevard","ELEVTYP_F":0,"ELEVTYP_T":0},"geometry":{"type":"LineString","coordinates":[[-74.3989769439589,39.3945624227795],[-74.3997811018545,39.394538572184],[-74.4008110706996,39.3945073302807],[-74.4010931941993,39.3944915361263],[-74.4013596855245,39.3944696593194],[-74.4016676961002,39.3944397998407],[-74.401970483305,39.3943999146008],[-74.402007188103,39.394394426292],[-74.4022241502717,39.3943619906946],[-74.4025528627271,39.3943060355574],[-74.4026436550559,39.3942868920029]]}},{"type":"Feature","id":312586,"properties":{"OBJECTID":312586,"PRIMENAME":"Harbor Beach Boulevard","ELEVTYP_F":0,"ELEVTYP_T":0},"geometry":{"type":"LineString","coordinates":[[-74.4049124598072,39.3818725938253],[-74.4049702090564,39.3818391166013],[-74.4053141321626,39.3816615598165],[-74.4060828198476,39.3812491252978],[-74.4065480668926,39.381008925151],[-74.4066694184158,39.3809567172296],[-74.406700141421,39.3809460069587]]}},{"type":"Feature","id":312679,"properties":{"OBJECTID":312679,"PRIMENAME":"Ocean Avenue","ELEVTYP_F":0,"ELEVTYP_T":0},"geometry":{"type":"LineString","coordinates":[[-74.3705511290007,39.4006456297783],[-74.3709049708035,39.4004636571581],[-74.3713139361062,39.4002493722779]]}},{"type":"Feature","id":313435,"properties":{"OBJECTID":313435,"PRIMENAME":"Sheridan Place","ELEVTYP_F":0,"ELEVTYP_T":0},"geometry":{"type":"LineString","coordinates":[[-74.3654197446843,39.4144362022683],[-74.3654104803035,39.4145428517675],[-74.3653880811303,39.4148006746613],[-74.3653768500444,39.4149299301716],[-74.3653479702566,39.4152222804368]]}},{"type":"Feature","id":313811,"properties":{"OBJECTID":313811,"PRIMENAME":"Sextant Drive","ELEVTYP_F":0,"ELEVTYP_T":0},"geometry":{"type":"LineString","coordinates":[[-74.4190046874013,39.3743702052693],[-74.4189204123668,39.374245673027],[-74.4187991708589,39.3740665106934],[-74.4186638814083,39.3738665874113]]}},{"type":"Feature","id":314022,"properties":{"OBJECTID":314022,"PRIMENAME":"11th Street North","ELEVTYP_F":0,"ELEVTYP_T":0},"geometry":{"type":"LineString","coordinates":[[-74.3576525995549,39.4138986130975],[-74.3573647585354,39.4136646063293],[-74.3569885356107,39.4133587459434],[-74.3563408804943,39.4128136786795]]}},{"type":"Feature","id":314235,"properties":{"OBJECTID":314235,"PRIMENAME":"Revere Boulevard","ELEVTYP_F":0,"ELEVTYP_T":0},"geometry":{"type":"LineString","coordinates":[[-74.3773819866682,39.4013580579075],[-74.3770087229794,39.4015624344443]]}},{"type":"Feature","id":314557,"properties":{"OBJECTID":314557,"PRIMENAME":"Brant Road","ELEVTYP_F":0,"ELEVTYP_T":0},"geometry":{"type":"LineString","coordinates":[[-74.3989630684344,39.3847018162314],[-74.3981054902964,39.3839224264371]]}},{"type":"Feature","id":314712,"properties":{"OBJECTID":314712,"PRIMENAME":"23rd Street South","ELEVTYP_F":0,"ELEVTYP_T":0},"geometry":{"type":"LineString","coordinates":[[-74.3796027990528,39.3982160553064],[-74.3801900541507,39.3988665028375],[-74.3807706772783,39.399510405214]]}},{"type":"Feature","id":314810,"properties":{"OBJECTID":314810,"PRIMENAME":"10th Street South","ELEVTYP_F":0,"ELEVTYP_T":0},"geometry":{"type":"LineString","coordinates":[[-74.3734059922326,39.4075059801313],[-74.3731774168369,39.4072560973593]]}},{"type":"Feature","id":316365,"properties":{"OBJECTID":316365,"PRIMENAME":"Unnamed Segment","ELEVTYP_F":0,"ELEVTYP_T":0},"geometry":{"type":"LineString","coordinates":[[-74.3886444534221,39.3948365363935],[-74.3884957852754,39.3946864813169],[-74.3876296108189,39.3939250189909],[-74.3870011712427,39.3933859871234],[-74.3869169401924,39.3933063913051]]}},{"type":"Feature","id":316903,"properties":{"OBJECTID":316903,"PRIMENAME":"Bayshore Avenue","ELEVTYP_F":0,"ELEVTYP_T":0},"geometry":{"type":"LineString","coordinates":[[-74.3771743901576,39.4023657409071],[-74.3770779791807,39.4023902120868],[-74.3768578909068,39.4024476928855],[-74.3767258793809,39.4024911267199]]}},{"type":"Feature","id":317203,"properties":{"OBJECTID":317203,"PRIMENAME":"Unnamed Segment","ELEVTYP_F":0,"ELEVTYP_T":0},"geometry":{"type":"LineString","coordinates":[[-74.3832306944772,39.4000722727356],[-74.3831173451542,39.3999431125671],[-74.382476906323,39.3993101990762],[-74.3819855003012,39.3988244893989],[-74.3819592494068,39.3987988187009]]}},{"type":"Feature","id":317327,"properties":{"OBJECTID":317327,"PRIMENAME":"North Shore Drive","ELEVTYP_F":0,"ELEVTYP_T":0},"geometry":{"type":"LineString","coordinates":[[-74.3799513966411,39.4187214742902],[-74.3797996349969,39.4187466597984],[-74.3795180572938,39.4187764606573],[-74.3792397530394,39.4187962977791],[-74.3790067813952,39.4188035782958],[-74.378835278839,39.4188008739566],[-74.3785635091294,39.418788043342],[-74.3784017095483,39.418782876696],[-74.3782367212078,39.4187801782832],[-74.3780813867006,39.4187825414414],[-74.3779389693053,39.4187873897415],[-74.3777772111401,39.4187997671557],[-74.3776250807001,39.4188121553737],[-74.3774535734098,39.4188320725893],[-74.3772820147694,39.4188620118005],[-74.3770975201593,39.4188994596753],[-74.3769485985267,39.4189394437089],[-74.3768288218213,39.4189719898785],[-74.376725223121,39.4190044710958],[-74.3766215882745,39.4190369792063],[-74.3764759048448,39.4190870153941],[-74.3764079267002,39.4191141266411],[-74.3760679271001,39.4192497272022],[-74.3752292491097,39.4195901691054],[-74.3745395242442,39.419870499449],[-74.3738805147654,39.4201420149358],[-74.3733608038501,39.4203561343957],[-74.3725058713993,39.4207040623713],[-74.3723602072468,39.4207591171691],[-74.3722209870388,39.4207940811167],[-74.3720980119904,39.4208115178806],[-74.3720235658602,39.4208114360077],[-74.3719926024622,39.42080776271],[-74.3719459189822,39.4208097587024],[-74.3718998518973,39.4208159535816],[-74.3718550268418,39.4208262632155],[-74.3718120525828,39.4208405475894],[-74.3716506238123,39.4208968542527]]}},{"type":"Feature","id":317807,"properties":{"OBJECTID":317807,"PRIMENAME":"Atlantic Brigantine Boulevard","ELEVTYP_F":0,"ELEVTYP_T":0},"geometry":{"type":"LineString","coordinates":[[-74.3981942768459,39.3945779118469],[-74.398727847658,39.3945697838039],[-74.3989769439589,39.3945624227795]]}},{"type":"Feature","id":317832,"properties":{"OBJECTID":317832,"PRIMENAME":"Ray Avenue","ELEVTYP_F":0,"ELEVTYP_T":0},"geometry":{"type":"LineString","coordinates":[[-74.3727575122133,39.4165659105025],[-74.3753497004499,39.4162577991865],[-74.3757094804585,39.4162177687995]]}},{"type":"Feature","id":317887,"properties":{"OBJECTID":317887,"PRIMENAME":"West Brigantine Avenue","ELEVTYP_F":0,"ELEVTYP_T":0},"geometry":{"type":"LineString","coordinates":[[-74.3698237667279,39.4035585592659],[-74.3694537669698,39.4037597578084],[-74.3690676074927,39.4039711511805]]}},{"type":"Feature","id":318012,"properties":{"OBJECTID":318012,"PRIMENAME":"Lafayette Boulevard","ELEVTYP_F":0,"ELEVTYP_T":0},"geometry":{"type":"LineString","coordinates":[[-74.3773442004384,39.4135749247062],[-74.3772915177216,39.4136834039603],[-74.3772709063342,39.4137501018448],[-74.3772749290881,39.4137977701701],[-74.3773157762091,39.4138581624124]]}},{"type":"Feature","id":318234,"properties":{"OBJECTID":318234,"PRIMENAME":"Vardon Road","ELEVTYP_F":0,"ELEVTYP_T":0},"geometry":{"type":"LineString","coordinates":[[-74.3727575122133,39.4165659105025],[-74.3728701700979,39.4171573632273],[-74.3728879181273,39.4172473572676]]}},{"type":"Feature","id":318264,"properties":{"OBJECTID":318264,"PRIMENAME":"Graff Lane","ELEVTYP_F":0,"ELEVTYP_T":0},"geometry":{"type":"LineString","coordinates":[[-74.4197869092103,39.3711710353541],[-74.4210363176559,39.3706605093079]]}},{"type":"Feature","id":318559,"properties":{"OBJECTID":318559,"PRIMENAME":"Brant Road","ELEVTYP_F":0,"ELEVTYP_T":0},"geometry":{"type":"LineString","coordinates":[[-74.3992385053939,39.3849536951076],[-74.3989630684344,39.3847018162314]]}},{"type":"Feature","id":318798,"properties":{"OBJECTID":318798,"PRIMENAME":"43rd Street South","ELEVTYP_F":0,"ELEVTYP_T":0},"geometry":{"type":"LineString","coordinates":[[-74.3928133349044,39.3885603091992],[-74.3918656305534,39.3878913034577],[-74.3915122289864,39.387647730103],[-74.3911716946274,39.3874130217146]]}},{"type":"Feature","id":318863,"properties":{"OBJECTID":318863,"PRIMENAME":"Unnamed Segment","ELEVTYP_F":0,"ELEVTYP_T":0},"geometry":{"type":"LineString","coordinates":[[-74.3761173876578,39.397481447667],[-74.3754532548334,39.396748582652]]}},{"type":"Feature","id":318911,"properties":{"OBJECTID":318911,"PRIMENAME":"FR RT 87 NB to RAMP Y100170","ELEVTYP_F":0,"ELEVTYP_T":0},"geometry":{"type":"LineString","coordinates":[[-74.4191364356798,39.3868733673527],[-74.4191649850934,39.3869079546944]]}},{"type":"Feature","id":319078,"properties":{"OBJECTID":319078,"PRIMENAME":"Coquille Beach Drive","ELEVTYP_F":0,"ELEVTYP_T":0},"geometry":{"type":"LineString","coordinates":[[-74.4023193976971,39.3820190429901],[-74.4022753453453,39.3819142602748],[-74.4022549782164,39.3818729123846],[-74.40222665,39.3818344926279],[-74.4021910373153,39.381799914985],[-74.4021489898545,39.3817700035006],[-74.4021015106755,39.3817454742517],[-74.4020497318646,39.381726907403],[-74.4019948855145,39.3817147498854],[-74.401938280547,39.3817092892541],[-74.401881267887,39.3817106572624],[-74.4018252079781,39.3817188190254],[-74.4017714336273,39.3817335819962],[-74.4017212291178,39.3817545932456],[-74.4016757942071,39.3817813529439],[-74.4016362058125,39.3818132224346],[-74.4016034121843,39.3818494404434],[-74.4015781945724,39.3818891437638],[-74.4015611579084,39.3819313888676],[-74.4015526994441,39.3819751662909],[-74.4015530296018,39.3820194303777],[-74.401562135948,39.3820631280752],[-74.4015798017387,39.3821052169654],[-74.4016056093618,39.3821446922927],[-74.4016389379745,39.382180614887],[-74.4016789971446,39.3822121256059],[-74.4017248291265,39.3822384768656],[-74.4017753436773,39.3822590380755],[-74.4018881688153,39.3822933837034]]}},{"type":"Feature","id":319505,"properties":{"OBJECTID":319505,"PRIMENAME":"Sunset Court","ELEVTYP_F":0,"ELEVTYP_T":0},"geometry":{"type":"LineString","coordinates":[[-74.4069405096772,39.3775632944883],[-74.406970987051,39.3769704249308],[-74.4069795117747,39.3768046157213]]}},{"type":"Feature","id":319713,"properties":{"OBJECTID":319713,"PRIMENAME":"Melrose Avenue","ELEVTYP_F":0,"ELEVTYP_T":0},"geometry":{"type":"LineString","coordinates":[[-74.4156578132559,39.3724187407106],[-74.415743923123,39.3723841246969],[-74.415789013537,39.3723660087634]]}},{"type":"Feature","id":319859,"properties":{"OBJECTID":319859,"PRIMENAME":"West Shore Drive","ELEVTYP_F":0,"ELEVTYP_T":0},"geometry":{"type":"LineString","coordinates":[[-74.3802035221308,39.4141213492471],[-74.3803931216591,39.4141945785634],[-74.380832842935,39.4143657000494],[-74.3811626232265,39.414496537305],[-74.3813728085176,39.4145795885621],[-74.3815215368811,39.4146475019651],[-74.381579744427,39.414682869019],[-74.3816249657009,39.4147103453274],[-74.3817251299136,39.4147782099453],[-74.3817327579954,39.4147833486617],[-74.3818221131184,39.4148435453995],[-74.3819060891068,39.4149189439275],[-74.3819932877997,39.4150143884809],[-74.3820869421836,39.4151224146898],[-74.3821579443125,39.4152303908546],[-74.3822353810528,39.4153634950193],[-74.382328452046,39.4155454887884]]}},{"type":"Feature","id":319888,"properties":{"OBJECTID":319888,"PRIMENAME":"29th Street South","ELEVTYP_F":0,"ELEVTYP_T":0},"geometry":{"type":"LineString","coordinates":[[-74.3838083144419,39.3954239356638],[-74.383975876406,39.3955710510031],[-74.3850756632263,39.3965456420078],[-74.3851555603751,39.3966156250642]]}},{"type":"Feature","id":320023,"properties":{"OBJECTID":320023,"PRIMENAME":"Ocean Avenue","ELEVTYP_F":0,"ELEVTYP_T":0},"geometry":{"type":"LineString","coordinates":[[-74.368265894903,39.4018420361172],[-74.3686455861682,39.4016397820703],[-74.3690218236676,39.4014479001366]]}},{"type":"Feature","id":320064,"properties":{"OBJECTID":320064,"PRIMENAME":"Arbegast Drive","ELEVTYP_F":0,"ELEVTYP_T":0},"geometry":{"type":"LineString","coordinates":[[-74.4048803392538,39.3895576715766],[-74.4053215699193,39.3891972788777],[-74.4054347505139,39.3891016847095]]}},{"type":"Feature","id":320481,"properties":{"OBJECTID":320481,"PRIMENAME":"Bayshore Avenue","ELEVTYP_F":0,"ELEVTYP_T":0},"geometry":{"type":"LineString","coordinates":[[-74.3808420247287,39.4014433089019],[-74.3806736022972,39.4014854190792],[-74.3803760555102,39.4015605368634]]}},{"type":"Feature","id":321660,"properties":{"OBJECTID":321660,"PRIMENAME":"Sailfish Drive","ELEVTYP_F":0,"ELEVTYP_T":0},"geometry":{"type":"LineString","coordinates":[[-74.4037484114685,39.3867195136565],[-74.4032411917805,39.386880647018]]}},{"type":"Feature","id":321807,"properties":{"OBJECTID":321807,"PRIMENAME":"20th Street South","ELEVTYP_F":0,"ELEVTYP_T":0},"geometry":{"type":"LineString","coordinates":[[-74.3750977988054,39.3969798522691],[-74.3752177139974,39.3971115252765],[-74.3757581577771,39.3977049458237]]}},{"type":"Feature","id":322264,"properties":{"OBJECTID":322264,"PRIMENAME":"FR RAMP X100170 to RT 87 NB","ELEVTYP_F":0,"ELEVTYP_T":0},"geometry":{"type":"LineString","coordinates":[[-74.4191795603346,39.3868488782918],[-74.4191055319327,39.3867946830428],[-74.4189904257072,39.3867387557327],[-74.4188032902254,39.3867051279518],[-74.4185584489516,39.3867608040776],[-74.4182703500603,39.3868946725488],[-74.4180470694779,39.3870285859724],[-74.4178453565671,39.387145738496],[-74.4175860368937,39.3872964012756],[-74.41739156041,39.3873967824348],[-74.4171710059051,39.3875570545626],[-74.4171140624963,39.3875971827229],[-74.4170751970724,39.3876392739831],[-74.4170440695304,39.3876914741782],[-74.4169896422645,39.387787808011],[-74.4169221937035,39.3879142797684],[-74.4168755220614,39.3880045512572],[-74.4168263006845,39.3880667599212],[-74.4167718976199,39.3881129035015],[-74.4167097421587,39.3881610448977],[-74.4166191011577,39.3882111980683],[-74.4161867787165,39.388425707881],[-74.4158346414716,39.3886041410117],[-74.4155549811674,39.3887705999435]]}},{"type":"Feature","id":322739,"properties":{"OBJECTID":322739,"PRIMENAME":"West Brigantine Avenue","ELEVTYP_F":0,"ELEVTYP_T":0},"geometry":{"type":"LineString","coordinates":[[-74.3847789343119,39.3949972136024],[-74.3847276444791,39.3950085264425],[-74.3846031645563,39.395044920744]]}},{"type":"Feature","id":322798,"properties":{"OBJECTID":322798,"PRIMENAME":"Unnamed Segment","ELEVTYP_F":0,"ELEVTYP_T":0},"geometry":{"type":"LineString","coordinates":[[-74.3896397242104,39.3946438613302],[-74.3884853824845,39.393619097777],[-74.3876023420099,39.392835406016]]}},{"type":"Feature","id":323093,"properties":{"OBJECTID":323093,"PRIMENAME":"East Shore Drive","ELEVTYP_F":0,"ELEVTYP_T":0},"geometry":{"type":"LineString","coordinates":[[-74.3626335279143,39.4195280942966],[-74.3625517251275,39.4194177604769],[-74.3624904936688,39.4193047323007],[-74.3624486260222,39.419191754011],[-74.3624261831141,39.4190838233395],[-74.3624231982831,39.4189633414062],[-74.3624266172533,39.418862964794],[-74.3624309335701,39.4187740104853]]}},{"type":"Feature","id":323359,"properties":{"OBJECTID":323359,"PRIMENAME":"Bobby Jones Road","ELEVTYP_F":0,"ELEVTYP_T":0},"geometry":{"type":"LineString","coordinates":[[-74.3815175450532,39.4158559392436],[-74.3815553288551,39.4159307144468],[-74.381636905221,39.4161277701445],[-74.3817265665648,39.4163788405974],[-74.3817958079918,39.4166076512606],[-74.3818446966255,39.416772905942],[-74.3818648878596,39.4169317619004],[-74.3818524273933,39.4170365781032],[-74.3818112794547,39.4171509199529],[-74.3817414535343,39.4172683899431],[-74.3816552587454,39.4173731311429],[-74.3815445137618,39.417468319516],[-74.3813764189239,39.4175666624739],[-74.3811919604539,39.4176490632267],[-74.3810623935981,39.4176963201419]]}},{"type":"Feature","id":323387,"properties":{"OBJECTID":323387,"PRIMENAME":"Vardon Circle","ELEVTYP_F":0,"ELEVTYP_T":0},"geometry":{"type":"LineString","coordinates":[[-74.373021346999,39.4179225474461],[-74.3730974286105,39.4183076514136],[-74.3731340658995,39.4184443148425],[-74.3731708067093,39.4185047040133],[-74.3732239885916,39.4185365296001],[-74.3732853998119,39.4185588363626],[-74.373363182711,39.4185716331513],[-74.3734574081081,39.4185749209115],[-74.3736909191984,39.4185434070561],[-74.3742767553568,39.4184709525133],[-74.3745020828386,39.4184426143148],[-74.3745635695579,39.4184236250998],[-74.3746086355846,39.4184014338256],[-74.3746456191785,39.4183665217322],[-74.3746743244706,39.4183283884554],[-74.3746907640519,39.4182807970695],[-74.374699079609,39.4182236142179],[-74.3746828542252,39.4181314800049],[-74.374585264699,39.4177342444147]]}},{"type":"Feature","id":323423,"properties":{"OBJECTID":323423,"PRIMENAME":"Ocean Avenue","ELEVTYP_F":0,"ELEVTYP_T":0},"geometry":{"type":"LineString","coordinates":[[-74.3746769755756,39.3983795194653],[-74.3750374209082,39.3981534722043]]}},{"type":"Feature","id":323470,"properties":{"OBJECTID":323470,"PRIMENAME":"Sailfish Drive","ELEVTYP_F":0,"ELEVTYP_T":0},"geometry":{"type":"LineString","coordinates":[[-74.4032411917805,39.386880647018],[-74.4029609447286,39.3869696753416],[-74.4025149499962,39.3871194622855],[-74.4024665361231,39.3871516011813],[-74.4024146185107,39.387210589222],[-74.4023245759039,39.387357983597],[-74.4021790500831,39.3876340473214],[-74.4021513297987,39.3876956634098],[-74.4021477461685,39.3877788263317],[-74.4021615026573,39.3878351517331],[-74.4021925221035,39.387894154424],[-74.4022269880536,39.3879424521315],[-74.4022822178684,39.3879961486773],[-74.4023719576095,39.3880659364117],[-74.4024996908282,39.3881679353782],[-74.4025893786752,39.3882511484985],[-74.402644668248,39.3883123405187]]}},{"type":"Feature","id":323907,"properties":{"OBJECTID":323907,"PRIMENAME":"East Brigantine Avenue","ELEVTYP_F":0,"ELEVTYP_T":0},"geometry":{"type":"LineString","coordinates":[[-74.3627459408954,39.4080363509149],[-74.3624635503751,39.408281835412],[-74.3622918489301,39.4084297051904],[-74.362139537118,39.4085625515981],[-74.3621203981238,39.4085761193127]]}},{"type":"Feature","id":323959,"properties":{"OBJECTID":323959,"PRIMENAME":"Lexington Avenue","ELEVTYP_F":0,"ELEVTYP_T":0},"geometry":{"type":"LineString","coordinates":[[-74.4216319158788,39.3691744624806],[-74.4203119607838,39.3697056446437]]}},{"type":"Feature","id":324391,"properties":{"OBJECTID":324391,"PRIMENAME":"23rd Street South","ELEVTYP_F":0,"ELEVTYP_T":0},"geometry":{"type":"LineString","coordinates":[[-74.3807706772783,39.399510405214],[-74.3811082200401,39.3998847361729],[-74.3819176630924,39.4007745486322],[-74.3821239282916,39.4009973480091]]}},{"type":"Feature","id":324463,"properties":{"OBJECTID":324463,"PRIMENAME":"Arbegast Drive","ELEVTYP_F":0,"ELEVTYP_T":0},"geometry":{"type":"LineString","coordinates":[[-74.4032165111614,39.3906345466884],[-74.4034605054325,39.3905955139295],[-74.4036436652383,39.3905634872017],[-74.4037957604281,39.390528742901],[-74.4038856384819,39.3905020191366],[-74.4039687089582,39.3904591733868],[-74.4040482195769,39.3904056167758],[-74.4041174065711,39.3903466692949],[-74.4042212262347,39.3902421722655],[-74.4043596916654,39.3900814186369],[-74.4045673224315,39.3898509533504],[-74.4047507572081,39.3896661008533],[-74.4048787459602,39.3895589332025],[-74.4048803392538,39.3895576715766]]}},{"type":"Feature","id":324557,"properties":{"OBJECTID":324557,"PRIMENAME":"14th Street North","ELEVTYP_F":0,"ELEVTYP_T":0},"geometry":{"type":"LineString","coordinates":[[-74.3561119678342,39.4156072284099],[-74.3560902395652,39.4156043730204],[-74.3560708599521,39.4155956455114],[-74.3560494348443,39.4155837302375],[-74.3559898962616,39.4155323406478],[-74.3554312496614,39.4150736465359],[-74.3552836017031,39.4149522097977]]}},{"type":"Feature","id":324611,"properties":{"OBJECTID":324611,"PRIMENAME":"Marc Lane","ELEVTYP_F":0,"ELEVTYP_T":0},"geometry":{"type":"LineString","coordinates":[[-74.3946910522335,39.3919365751694],[-74.3949156475615,39.3922658087551],[-74.3949823754407,39.3923636233929]]}},{"type":"Feature","id":324713,"properties":{"OBJECTID":324713,"PRIMENAME":"Bayshore Avenue","ELEVTYP_F":0,"ELEVTYP_T":0},"geometry":{"type":"LineString","coordinates":[[-74.3923215447471,39.3928625485127],[-74.3920575542809,39.3930085098531],[-74.3919533216559,39.3930690102147]]}},{"type":"Feature","id":324813,"properties":{"OBJECTID":324813,"PRIMENAME":"Revere Boulevard","ELEVTYP_F":0,"ELEVTYP_T":0},"geometry":{"type":"LineString","coordinates":[[-74.3788971871675,39.4005309520869],[-74.3785118198435,39.400740757227]]}},{"type":"Feature","id":324922,"properties":{"OBJECTID":324922,"PRIMENAME":"15th Street South","ELEVTYP_F":0,"ELEVTYP_T":0},"geometry":{"type":"LineString","coordinates":[[-74.3747556480594,39.4027901113176],[-74.3751819125984,39.4032563411015]]}},{"type":"Feature","id":324988,"properties":{"OBJECTID":324988,"PRIMENAME":"11th Street North","ELEVTYP_F":0,"ELEVTYP_T":0},"geometry":{"type":"LineString","coordinates":[[-74.3626888189575,39.4180134155743],[-74.3626570858119,39.4179856469808],[-74.3625523188503,39.4179072716345],[-74.3619842230564,39.4174527173371],[-74.361774794706,39.4172800690269]]}},{"type":"Feature","id":325109,"properties":{"OBJECTID":325109,"PRIMENAME":"9th Street South","ELEVTYP_F":0,"ELEVTYP_T":0},"geometry":{"type":"LineString","coordinates":[[-74.3705980755912,39.4056524607042],[-74.3708121887456,39.4058875891187],[-74.3717319647217,39.4069108667065],[-74.3725142072407,39.4077705384391]]}},{"type":"Feature","id":327016,"properties":{"OBJECTID":327016,"PRIMENAME":"Unnamed Segment","ELEVTYP_F":0,"ELEVTYP_T":0},"geometry":{"type":"LineString","coordinates":[[-74.386524542929,39.3972616481848],[-74.3859709286738,39.3967875634863],[-74.3855066443532,39.396374819609]]}},{"type":"Feature","id":327463,"properties":{"OBJECTID":327463,"PRIMENAME":"Sheridan Boulevard","ELEVTYP_F":0,"ELEVTYP_T":0},"geometry":{"type":"LineString","coordinates":[[-74.3653479702566,39.4152222804368],[-74.3653329620235,39.4153740768],[-74.3653232786326,39.4154720231551]]}},{"type":"Feature","id":327580,"properties":{"OBJECTID":327580,"PRIMENAME":"4th Street North","ELEVTYP_F":0,"ELEVTYP_T":0},"geometry":{"type":"LineString","coordinates":[[-74.3608319689492,39.4095171669121],[-74.3605717548316,39.409302392527]]}},{"type":"Feature","id":328246,"properties":{"OBJECTID":328246,"PRIMENAME":"6th Street South","ELEVTYP_F":0,"ELEVTYP_T":0},"geometry":{"type":"LineString","coordinates":[[-74.3661109348345,39.4044414110614],[-74.3668097058245,39.4052038567396]]}},{"type":"Feature","id":328808,"properties":{"OBJECTID":328808,"PRIMENAME":"13th Street North","ELEVTYP_F":0,"ELEVTYP_T":0},"geometry":{"type":"LineString","coordinates":[[-74.3565622671467,39.4149967678366],[-74.3569632572067,39.4153288777735],[-74.3570514737897,39.4154019411398]]}},{"type":"Feature","id":329048,"properties":{"OBJECTID":329048,"PRIMENAME":"North Maine Avenue","ELEVTYP_F":0,"ELEVTYP_T":0},"geometry":{"type":"LineString","coordinates":[[-74.4126397294708,39.3703460057867],[-74.4129808066969,39.3708536350553],[-74.4130711721903,39.3709881292418]]}},{"type":"Feature","id":329278,"properties":{"OBJECTID":329278,"PRIMENAME":"Unnamed Segment","ELEVTYP_F":0,"ELEVTYP_T":0},"geometry":{"type":"LineString","coordinates":[[-74.4199652690768,39.3684353077872],[-74.4196363207968,39.368579078896],[-74.419575968995,39.3686054561078]]}},{"type":"Feature","id":329291,"properties":{"OBJECTID":329291,"PRIMENAME":"Sheridan Boulevard","ELEVTYP_F":0,"ELEVTYP_T":0},"geometry":{"type":"LineString","coordinates":[[-74.3743332074893,39.4151046599538],[-74.3743686338792,39.4151076087027],[-74.3745499914259,39.4151167826866],[-74.3747391221993,39.4151139940164],[-74.3749938598734,39.4151022972711],[-74.3752408605534,39.4150816124894],[-74.3755033616847,39.41504298811],[-74.3757736007262,39.4149923727344],[-74.3760014034379,39.4149387460716],[-74.3762176935559,39.4148701155866],[-74.3764879693463,39.4147776005416],[-74.3767506068739,39.4146611334891],[-74.3769424892755,39.4145621917689]]}},{"type":"Feature","id":329497,"properties":{"OBJECTID":329497,"PRIMENAME":"Bayshore Avenue","ELEVTYP_F":0,"ELEVTYP_T":0},"geometry":{"type":"LineString","coordinates":[[-74.3832306944772,39.4000722727356],[-74.3831181730952,39.4001677628913],[-74.3828622581187,39.4003883662314],[-74.3827680251066,39.4004670987979]]}},{"type":"Feature","id":329822,"properties":{"OBJECTID":329822,"PRIMENAME":"Unnamed Segment","ELEVTYP_F":0,"ELEVTYP_T":0},"geometry":{"type":"LineString","coordinates":[[-74.4170258247808,39.3751820698362],[-74.4170254181087,39.3751814642038],[-74.4167939081206,39.3748366933048]]}},{"type":"Feature","id":330080,"properties":{"OBJECTID":330080,"PRIMENAME":"Unnamed Segment","ELEVTYP_F":0,"ELEVTYP_T":0},"geometry":{"type":"LineString","coordinates":[[-74.3876023420099,39.392835406016],[-74.3873130876454,39.3925787095957],[-74.3861569287734,39.3915602634138],[-74.3858129225446,39.3912520007281]]}},{"type":"Feature","id":330216,"properties":{"OBJECTID":330216,"PRIMENAME":"East Brigantine Avenue","ELEVTYP_F":0,"ELEVTYP_T":0},"geometry":{"type":"LineString","coordinates":[[-74.3608319689492,39.4095171669121],[-74.3601972051173,39.4099811338642]]}},{"type":"Feature","id":330598,"properties":{"OBJECTID":330598,"PRIMENAME":"Sarazen Road","ELEVTYP_F":0,"ELEVTYP_T":0},"geometry":{"type":"LineString","coordinates":[[-74.3801074785936,39.4179721559063],[-74.3800551394199,39.4179830574891],[-74.3798806719094,39.4180193941226],[-74.3797209437538,39.4180255995505],[-74.3795816862149,39.4180254554898],[-74.3794793005253,39.4180126373722],[-74.3793073066511,39.4179679793461],[-74.3791313614768,39.4178947345655],[-74.3787098475774,39.4176846390874],[-74.3779459326672,39.4173117501198]]}},{"type":"Feature","id":330762,"properties":{"OBJECTID":330762,"PRIMENAME":"South Roosevelt Boulevard","ELEVTYP_F":0,"ELEVTYP_T":0},"geometry":{"type":"LineString","coordinates":[[-74.365859737145,39.4107719030503],[-74.365741486782,39.4106592502532]]}},{"type":"Feature","id":331116,"properties":{"OBJECTID":331116,"PRIMENAME":"Atlantis Cove","ELEVTYP_F":0,"ELEVTYP_T":0},"geometry":{"type":"LineString","coordinates":[[-74.4005994008773,39.3903084903125],[-74.4006464962475,39.391258171437],[-74.4006797632335,39.3921779672065]]}},{"type":"Feature","id":331395,"properties":{"OBJECTID":331395,"PRIMENAME":"East Brigantine Avenue","ELEVTYP_F":0,"ELEVTYP_T":0},"geometry":{"type":"LineString","coordinates":[[-74.3550425014287,39.4137669495305],[-74.3546610912095,39.4140473253398],[-74.3544094256605,39.4142332205958]]}},{"type":"Feature","id":331621,"properties":{"OBJECTID":331621,"PRIMENAME":"West Brigantine Avenue","ELEVTYP_F":0,"ELEVTYP_T":0},"geometry":{"type":"LineString","coordinates":[[-74.3777163665117,39.399240852427],[-74.3773380173224,39.3994469822232]]}},{"type":"Feature","id":332088,"properties":{"OBJECTID":332088,"PRIMENAME":"Sheridan Boulevard","ELEVTYP_F":0,"ELEVTYP_T":0},"geometry":{"type":"LineString","coordinates":[[-74.3709436892492,39.4158233292497],[-74.3709944052333,39.4157894487369],[-74.3711450858183,39.4156968134457],[-74.3713072706513,39.4156221742682],[-74.371473355799,39.4155444908631],[-74.3717823649841,39.4154131230689],[-74.3719986007889,39.415338515457],[-74.3722187190446,39.4152699236502],[-74.3724349396962,39.4152222500503],[-74.3724909255335,39.4152095164521]]}},{"type":"Feature","id":332181,"properties":{"OBJECTID":332181,"PRIMENAME":"20th Street South","ELEVTYP_F":0,"ELEVTYP_T":0},"geometry":{"type":"LineString","coordinates":[[-74.3794652509457,39.4017904510121],[-74.3797724122553,39.4021272727195],[-74.3798414130791,39.4022029348662]]}},{"type":"Feature","id":332467,"properties":{"OBJECTID":332467,"PRIMENAME":"Melrose Avenue","ELEVTYP_F":0,"ELEVTYP_T":0},"geometry":{"type":"LineString","coordinates":[[-74.415789013537,39.3723660087634],[-74.4159385460904,39.3723059041896],[-74.4167469073659,39.3719784327684],[-74.4170517743495,39.3718551785611]]}},{"type":"Feature","id":332537,"properties":{"OBJECTID":332537,"PRIMENAME":"Ocean Avenue","ELEVTYP_F":0,"ELEVTYP_T":0},"geometry":{"type":"LineString","coordinates":[[-74.3888360866603,39.3890070574484],[-74.3890710278994,39.388832685855],[-74.3891607827894,39.3887737119134]]}},{"type":"Feature","id":332660,"properties":{"OBJECTID":332660,"PRIMENAME":"Sailfish Drive","ELEVTYP_F":0,"ELEVTYP_T":0},"geometry":{"type":"LineString","coordinates":[[-74.402644668248,39.3883123405187],[-74.4027032786218,39.3883772700265],[-74.402817130423,39.3885141262939],[-74.4029620316617,39.3886885412864],[-74.4030955901388,39.3888524315511]]}},{"type":"Feature","id":332973,"properties":{"OBJECTID":332973,"PRIMENAME":"North Vermont Avenue","ELEVTYP_F":0,"ELEVTYP_T":0},"geometry":{"type":"LineString","coordinates":[[-74.4156233796894,39.3697259570814],[-74.4157442123077,39.3699069286764]]}},{"type":"Feature","id":333339,"properties":{"OBJECTID":333339,"PRIMENAME":"Harbour Court","ELEVTYP_F":0,"ELEVTYP_T":0},"geometry":{"type":"LineString","coordinates":[[-74.4054896033839,39.3786546793423],[-74.4056086969185,39.3787261640261],[-74.4056639222021,39.3787530339277],[-74.4057330229361,39.3787745336255],[-74.4058090121978,39.3787772858671],[-74.405895424233,39.378763929257],[-74.406133912916,39.3787104986601],[-74.4063101435801,39.378675798382],[-74.4064587579537,39.3786571379233],[-74.4066142750477,39.3786358191292],[-74.4067574926453,39.3786122796932],[-74.4067766984528,39.3786091242415],[-74.4069958912781,39.3785663473715],[-74.4071188618259,39.3785423481098]]}},{"type":"Feature","id":333889,"properties":{"OBJECTID":333889,"PRIMENAME":"Lagoon Boulevard","ELEVTYP_F":0,"ELEVTYP_T":0},"geometry":{"type":"LineString","coordinates":[[-74.4042710247116,39.38655523252],[-74.4044059559361,39.3867757921328],[-74.4045708975458,39.3870181774863],[-74.4046869291468,39.3872177442032],[-74.4047295099218,39.3873888068574],[-74.4047475894089,39.3875977661294],[-74.4047044503518,39.3878114531419],[-74.4045756732547,39.3880060971746],[-74.404416247924,39.3882054388074],[-74.4042627477348,39.388392181926]]}},{"type":"Feature","id":333977,"properties":{"OBJECTID":333977,"PRIMENAME":"Manitoba Avenue","ELEVTYP_F":0,"ELEVTYP_T":0},"geometry":{"type":"LineString","coordinates":[[-74.4049124598072,39.3818725938253],[-74.4048252525446,39.3817642609531]]}},{"type":"Feature","id":333982,"properties":{"OBJECTID":333982,"PRIMENAME":"South Roosevelt Boulevard","ELEVTYP_F":0,"ELEVTYP_T":0},"geometry":{"type":"LineString","coordinates":[[-74.365741486782,39.4106592502532],[-74.3649610536224,39.4099156488508]]}},{"type":"Feature","id":334077,"properties":{"OBJECTID":334077,"PRIMENAME":"West Brigantine Avenue","ELEVTYP_F":0,"ELEVTYP_T":0},"geometry":{"type":"LineString","coordinates":[[-74.3886200911114,39.3921314647528],[-74.388484578369,39.3922346265936],[-74.3882981441865,39.392360391028]]}},{"type":"Feature","id":334437,"properties":{"OBJECTID":334437,"PRIMENAME":"Washington Drive","ELEVTYP_F":0,"ELEVTYP_T":0},"geometry":{"type":"LineString","coordinates":[[-74.3692869349215,39.4178793248413],[-74.3692806778062,39.417933889192],[-74.3692724293887,39.4182182742717],[-74.3692836245088,39.4184218487815],[-74.3693140844238,39.4186404090182],[-74.3693638665204,39.4188619833958],[-74.3694252330441,39.4190596283812],[-74.3694983397918,39.4191884266383],[-74.3695830824788,39.4192843172529],[-74.3697064390194,39.4193652869674],[-74.3698143708063,39.4194222699016],[-74.3699455064306,39.4194703283287],[-74.3700805504071,39.419491428226],[-74.3702117573844,39.4195005529543],[-74.370373850623,39.4195007336798],[-74.3704251794477,39.4194862087107],[-74.3705409501382,39.4194534475886]]}},{"type":"Feature","id":335343,"properties":{"OBJECTID":335343,"PRIMENAME":"North Vermont Avenue","ELEVTYP_F":0,"ELEVTYP_T":0},"geometry":{"type":"LineString","coordinates":[[-74.4142762846875,39.3677149776993],[-74.4145461909234,39.3681179762332],[-74.4146474863512,39.3682692170037],[-74.4153052347902,39.3692504227159]]}},{"type":"Feature","id":335652,"properties":{"OBJECTID":335652,"PRIMENAME":"West Brigantine Avenue","ELEVTYP_F":0,"ELEVTYP_T":0},"geometry":{"type":"LineString","coordinates":[[-74.3634883359753,39.4073905414524],[-74.3634520325521,39.407422156631],[-74.3633145444773,39.4075417874191]]}},{"type":"Feature","id":336259,"properties":{"OBJECTID":336259,"PRIMENAME":"Ocean Avenue","ELEVTYP_F":0,"ELEVTYP_T":0},"geometry":{"type":"LineString","coordinates":[[-74.3816263404393,39.3940500613793],[-74.3819866655467,39.3938267937769]]}},{"type":"Feature","id":337617,"properties":{"OBJECTID":337617,"PRIMENAME":"Georgia Place","ELEVTYP_F":0,"ELEVTYP_T":0},"geometry":{"type":"LineString","coordinates":[[-74.369742819269,39.407196263853],[-74.3696400247187,39.407252237153],[-74.3689867647349,39.4076079488723]]}},{"type":"Feature","id":337977,"properties":{"OBJECTID":337977,"PRIMENAME":"North Maine Avenue","ELEVTYP_F":0,"ELEVTYP_T":0},"geometry":{"type":"LineString","coordinates":[[-74.4144006494831,39.3729352979908],[-74.4143957117644,39.3729527844375],[-74.4144013100854,39.3729740953556],[-74.4144252166715,39.3730090921941],[-74.4144693958501,39.3730716163916],[-74.4145061483844,39.373131224607],[-74.4145245208713,39.3731789025293],[-74.4148254721387,39.3736313618559],[-74.4150241424661,39.3739300436726],[-74.4150247761397,39.3739310269161],[-74.4151406292482,39.3741112603137],[-74.4151866313237,39.3741589582682],[-74.4152142313997,39.3741828110397],[-74.4152479661609,39.374223361133],[-74.4152503311656,39.3742275092715]]}},{"type":"Feature","id":338681,"properties":{"OBJECTID":338681,"PRIMENAME":"West Brigantine Avenue","ELEVTYP_F":0,"ELEVTYP_T":0},"geometry":{"type":"LineString","coordinates":[[-74.3792264763832,39.3984229347438],[-74.3788490596303,39.3986267364738]]}},{"type":"Feature","id":338793,"properties":{"OBJECTID":338793,"PRIMENAME":"Unnamed Segment","ELEVTYP_F":0,"ELEVTYP_T":0},"geometry":{"type":"LineString","coordinates":[[-74.3834584363994,39.3956622113873],[-74.3822266617411,39.3945801433523],[-74.3816263404393,39.3940500613793]]}},{"type":"Feature","id":339058,"properties":{"OBJECTID":339058,"PRIMENAME":"Bayshore Avenue","ELEVTYP_F":0,"ELEVTYP_T":0},"geometry":{"type":"LineString","coordinates":[[-74.373639543047,39.4052945306864],[-74.3736306392496,39.4053254644742],[-74.3735915828719,39.40545339722],[-74.3735687509948,39.4055537803314],[-74.3735491355319,39.4056566936827],[-74.3735262432421,39.4058097385131],[-74.3735065676064,39.4059452428093],[-74.3735030484605,39.4061108838866],[-74.3734993621127,39.4063292144937],[-74.3734988991789,39.4063502179929]]}},{"type":"Feature","id":339214,"properties":{"OBJECTID":339214,"PRIMENAME":"Vernon Place","ELEVTYP_F":0,"ELEVTYP_T":0},"geometry":{"type":"LineString","coordinates":[[-74.3633145444773,39.4075417874191],[-74.3629799619172,39.4071858320484]]}},{"type":"Feature","id":339821,"properties":{"OBJECTID":339821,"PRIMENAME":"West Brigantine Avenue","ELEVTYP_F":0,"ELEVTYP_T":0},"geometry":{"type":"LineString","coordinates":[[-74.3922098930499,39.3890741230929],[-74.391913624137,39.3893270537058]]}},{"type":"Feature","id":340014,"properties":{"OBJECTID":340014,"PRIMENAME":"Unnamed Segment","ELEVTYP_F":0,"ELEVTYP_T":0},"geometry":{"type":"LineString","coordinates":[[-74.375458269695,39.400475922948],[-74.3751768432435,39.4001633588928],[-74.3744882694398,39.3994145092524],[-74.3739889626697,39.3988661848181],[-74.3739574985831,39.3988286448928]]}},{"type":"Feature","id":340061,"properties":{"OBJECTID":340061,"PRIMENAME":"Harbor Beach Boulevard","ELEVTYP_F":0,"ELEVTYP_T":0},"geometry":{"type":"LineString","coordinates":[[-74.3974752656998,39.3932606885625],[-74.3975015950017,39.3933451121719],[-74.3975308624861,39.3934289513035],[-74.3975630466768,39.3935121444063],[-74.3975981239556,39.3935946304033],[-74.3976360685804,39.3936763487364],[-74.3976768527034,39.3937572394107],[-74.3977204463922,39.3938372430391],[-74.397766817651,39.3939163008852],[-74.3978182906517,39.3940034628705],[-74.3978771629173,39.3941031579087]]}},{"type":"Feature","id":340113,"properties":{"OBJECTID":340113,"PRIMENAME":"East Brigantine Avenue","ELEVTYP_F":0,"ELEVTYP_T":0},"geometry":{"type":"LineString","coordinates":[[-74.3569784629571,39.4123462765132],[-74.3563408804943,39.4128136786795]]}},{"type":"Feature","id":340355,"properties":{"OBJECTID":340355,"PRIMENAME":"East Brigantine Avenue","ELEVTYP_F":0,"ELEVTYP_T":0},"geometry":{"type":"LineString","coordinates":[[-74.3576230570333,39.4118735799779],[-74.3570881416052,39.4122658814813],[-74.3569784629571,39.4123462765132]]}},{"type":"Feature","id":340608,"properties":{"OBJECTID":340608,"PRIMENAME":"Revere Boulevard","ELEVTYP_F":0,"ELEVTYP_T":0},"geometry":{"type":"LineString","coordinates":[[-74.3837779797596,39.3975617827722],[-74.3834369844567,39.3977930373402]]}},{"type":"Feature","id":340967,"properties":{"OBJECTID":340967,"PRIMENAME":"Sandy Lane","ELEVTYP_F":0,"ELEVTYP_T":0},"geometry":{"type":"LineString","coordinates":[[-74.4066134757611,39.380828972253],[-74.4064389091088,39.3805931711991],[-74.4062354259767,39.3803141303941],[-74.406161405121,39.3802140460919]]}},{"type":"Feature","id":341165,"properties":{"OBJECTID":341165,"PRIMENAME":"Bayshore Avenue","ELEVTYP_F":0,"ELEVTYP_T":0},"geometry":{"type":"LineString","coordinates":[[-74.3785492001769,39.402021148852],[-74.3781136035525,39.4021303003195],[-74.3780853138767,39.402137354593]]}},{"type":"Feature","id":341293,"properties":{"OBJECTID":341293,"PRIMENAME":"Ontario Avenue","ELEVTYP_F":0,"ELEVTYP_T":0},"geometry":{"type":"LineString","coordinates":[[-74.4054094635978,39.3824609270659],[-74.4056798576612,39.3823167797752],[-74.4062055175233,39.3820424741342]]}},{"type":"Feature","id":341417,"properties":{"OBJECTID":341417,"PRIMENAME":"Lafayette Place","ELEVTYP_F":0,"ELEVTYP_T":0},"geometry":{"type":"LineString","coordinates":[[-74.3778591118956,39.4143032271214],[-74.3780273852732,39.4144466445169],[-74.3783259102362,39.4147169640624],[-74.3785425867833,39.4149332448469],[-74.3788246723148,39.4152353405915],[-74.3788585866626,39.4152740067511]]}},{"type":"Feature","id":341428,"properties":{"OBJECTID":341428,"PRIMENAME":"Harbor Beach Boulevard","ELEVTYP_F":0,"ELEVTYP_T":0},"geometry":{"type":"LineString","coordinates":[[-74.3981012784576,39.3944827757918],[-74.3981942768459,39.3945779118469]]}},{"type":"Feature","id":342386,"properties":{"OBJECTID":342386,"PRIMENAME":"Unnamed Segment","ELEVTYP_F":0,"ELEVTYP_T":0},"geometry":{"type":"LineString","coordinates":[[-74.3851484004985,39.3917446317391],[-74.3849829299581,39.3915997990972],[-74.3845841332783,39.3912394211183]]}},{"type":"Feature","id":342587,"properties":{"OBJECTID":342587,"PRIMENAME":"Whalerman Road","ELEVTYP_F":0,"ELEVTYP_T":0},"geometry":{"type":"LineString","coordinates":[[-74.3995282352461,39.3874035138254],[-74.3993312336392,39.3878890513929],[-74.3993002529113,39.3879768305643]]}},{"type":"Feature","id":342734,"properties":{"OBJECTID":342734,"PRIMENAME":"14th Street South","ELEVTYP_F":0,"ELEVTYP_T":0},"geometry":{"type":"LineString","coordinates":[[-74.374862842701,39.404178730015],[-74.3745360985547,39.4038094995152]]}},{"type":"Feature","id":342776,"properties":{"OBJECTID":342776,"PRIMENAME":"30th Street South","ELEVTYP_F":0,"ELEVTYP_T":0},"geometry":{"type":"LineString","coordinates":[[-74.3858488272382,39.3961444662858],[-74.3864672955418,39.3966878596942],[-74.3868271015321,39.3970039058717]]}},{"type":"Feature","id":343038,"properties":{"OBJECTID":343038,"PRIMENAME":"Ocean Avenue","ELEVTYP_F":0,"ELEVTYP_T":0},"geometry":{"type":"LineString","coordinates":[[-74.3671162181127,39.4030053044276],[-74.367113016157,39.402964713309],[-74.3671563574123,39.4028781920717],[-74.3672719810473,39.4026716312697],[-74.3674417434902,39.4023757616053],[-74.3675224702982,39.4022634459881]]}},{"type":"Feature","id":343424,"properties":{"OBJECTID":343424,"PRIMENAME":"Hail Lane","ELEVTYP_F":0,"ELEVTYP_T":0},"geometry":{"type":"LineString","coordinates":[[-74.4034959159194,39.3799150323926],[-74.4038238835257,39.3801191149602],[-74.4038514596229,39.3801593344299],[-74.4038667483423,39.3802079176383]]}},{"type":"Feature","id":343903,"properties":{"OBJECTID":343903,"PRIMENAME":"4th Street South","ELEVTYP_F":0,"ELEVTYP_T":0},"geometry":{"type":"LineString","coordinates":[[-74.3653075766,39.406026673986],[-74.3659714112706,39.4067582225679],[-74.3668355201072,39.4077091545636]]}},{"type":"Feature","id":344724,"properties":{"OBJECTID":344724,"PRIMENAME":"Revere Boulevard","ELEVTYP_F":0,"ELEVTYP_T":0},"geometry":{"type":"LineString","coordinates":[[-74.3834369844567,39.3977930373402],[-74.3830850759518,39.3980316935454]]}},{"type":"Feature","id":345793,"properties":{"OBJECTID":345793,"PRIMENAME":"Sailfish Drive","ELEVTYP_F":0,"ELEVTYP_T":0},"geometry":{"type":"LineString","coordinates":[[-74.4030955901388,39.3888524315511],[-74.4032069664639,39.3889890655685],[-74.4034152602508,39.3891757241926]]}},{"type":"Feature","id":346266,"properties":{"OBJECTID":346266,"PRIMENAME":"Adriatic Avenue","ELEVTYP_F":0,"ELEVTYP_T":0},"geometry":{"type":"LineString","coordinates":[[-74.4208532905951,39.3719768507117],[-74.4216940458022,39.3716332226478]]}},{"type":"Feature","id":346378,"properties":{"OBJECTID":346378,"PRIMENAME":"McDermott Place","ELEVTYP_F":0,"ELEVTYP_T":0},"geometry":{"type":"LineString","coordinates":[[-74.3652852972831,39.4159133138171],[-74.365051951536,39.4158984089712]]}},{"type":"Feature","id":347219,"properties":{"OBJECTID":347219,"PRIMENAME":"Ocean Avenue","ELEVTYP_F":0,"ELEVTYP_T":0},"geometry":{"type":"LineString","coordinates":[[-74.3872315691425,39.3901984474827],[-74.3875546243547,39.3899584875809]]}},{"type":"Feature","id":347473,"properties":{"OBJECTID":347473,"PRIMENAME":"Explorer Road","ELEVTYP_F":0,"ELEVTYP_T":0},"geometry":{"type":"LineString","coordinates":[[-74.4021917047269,39.3890368420525],[-74.4019315760167,39.3891542475132],[-74.4017690785986,39.389215805675],[-74.401589273013,39.3892800117514],[-74.4013922050361,39.3893415122173],[-74.4011813474419,39.3893949564508],[-74.401116575105,39.3894093710537]]}},{"type":"Feature","id":347686,"properties":{"OBJECTID":347686,"PRIMENAME":"Jenkins Parkway","ELEVTYP_F":0,"ELEVTYP_T":0},"geometry":{"type":"LineString","coordinates":[[-74.3609186189397,39.4160350522573],[-74.3605903532644,39.4162792410957],[-74.360573691544,39.4162915215586]]}},{"type":"Feature","id":348580,"properties":{"OBJECTID":348580,"PRIMENAME":"Harbor Beach Boulevard","ELEVTYP_F":0,"ELEVTYP_T":0},"geometry":{"type":"LineString","coordinates":[[-74.3973587783769,39.3911155912286],[-74.3973600573666,39.3912085328715]]}},{"type":"Feature","id":349638,"properties":{"OBJECTID":349638,"PRIMENAME":"38th Street South","ELEVTYP_F":0,"ELEVTYP_T":0},"geometry":{"type":"LineString","coordinates":[[-74.3936541676293,39.3942156533338],[-74.3936561532991,39.3942360277343],[-74.3936676254448,39.3943717560657],[-74.3936938489826,39.394672703532]]}},{"type":"Feature","id":349778,"properties":{"OBJECTID":349778,"PRIMENAME":"12th Street North","ELEVTYP_F":0,"ELEVTYP_T":0},"geometry":{"type":"LineString","coordinates":[[-74.3624309335701,39.4187740104853],[-74.362381914857,39.4187430010181],[-74.3623492291675,39.4187223232164],[-74.3622910819799,39.4186795871032],[-74.3621941428836,39.4186167072646],[-74.3614576176983,39.418000945391],[-74.3604690779041,39.4172041861772],[-74.3600363481318,39.4168451397238],[-74.3599940826784,39.4168100819628],[-74.3599854995169,39.4168029571117]]}},{"type":"Feature","id":349841,"properties":{"OBJECTID":349841,"PRIMENAME":"West Beach Avenue","ELEVTYP_F":0,"ELEVTYP_T":0},"geometry":{"type":"LineString","coordinates":[[-74.36552266342,39.4087503324248],[-74.365543233273,39.4086915716835],[-74.3656012682509,39.4085868376699],[-74.3657057477592,39.408440313204],[-74.3658256482127,39.4083176929854],[-74.3659724878736,39.4081921391389],[-74.3660862629475,39.4081261549056]]}},{"type":"Feature","id":349936,"properties":{"OBJECTID":349936,"PRIMENAME":"12th Street North","ELEVTYP_F":0,"ELEVTYP_T":0},"geometry":{"type":"LineString","coordinates":[[-74.3585164367801,39.4156022972411],[-74.3580177887443,39.4151973554947],[-74.3578860816622,39.4150903975614],[-74.3578395908314,39.4150526449568],[-74.357370225799,39.4146643217222]]}},{"type":"Feature","id":350021,"properties":{"OBJECTID":350021,"PRIMENAME":"38th Street South","ELEVTYP_F":0,"ELEVTYP_T":0},"geometry":{"type":"LineString","coordinates":[[-74.3934361741034,39.3937156598253],[-74.39351068929,39.3938110043018],[-74.3935662630213,39.3939158844324],[-74.3935982125238,39.3939886184566],[-74.3936314446841,39.394079118402],[-74.3936485229449,39.3941575769368],[-74.3936541676293,39.3942156533338]]}},{"type":"Feature","id":350168,"properties":{"OBJECTID":350168,"PRIMENAME":"Sheridan Place","ELEVTYP_F":0,"ELEVTYP_T":0},"geometry":{"type":"LineString","coordinates":[[-74.3657356465248,39.4110185065104],[-74.3657276560695,39.4111165495111],[-74.3656971873337,39.4114451951086]]}},{"type":"Feature","id":350333,"properties":{"OBJECTID":350333,"PRIMENAME":"East Beach Avenue","ELEVTYP_F":0,"ELEVTYP_T":0},"geometry":{"type":"LineString","coordinates":[[-74.3576525995549,39.4138986130975],[-74.3582994517533,39.4134166906078]]}},{"type":"Feature","id":350398,"properties":{"OBJECTID":350398,"PRIMENAME":"Unnamed Segment","ELEVTYP_F":0,"ELEVTYP_T":0},"geometry":{"type":"LineString","coordinates":[[-74.3790097215145,39.4019054602248],[-74.3787892807983,39.4016571884137],[-74.3781389900788,39.4009437659452]]}},{"type":"Feature","id":350652,"properties":{"OBJECTID":350652,"PRIMENAME":"North New Hampshire Avenue","ELEVTYP_F":0,"ELEVTYP_T":0},"geometry":{"type":"LineString","coordinates":[[-74.4165613552515,39.3737103771214],[-74.4167689314895,39.3740298259526],[-74.4168876669877,39.3742125540065],[-74.4169143999084,39.3742536949505],[-74.4169917440517,39.3743650475921]]}},{"type":"Feature","id":350776,"properties":{"OBJECTID":350776,"PRIMENAME":"West Beach Avenue","ELEVTYP_F":0,"ELEVTYP_T":0},"geometry":{"type":"LineString","coordinates":[[-74.3735970927543,39.4040092179657],[-74.3736284096847,39.4039917899294],[-74.3738871907044,39.4038544037794],[-74.3742425135471,39.4036601483837],[-74.3743459733485,39.4035946943527]]}},{"type":"Feature","id":350865,"properties":{"OBJECTID":350865,"PRIMENAME":"Golf Course Drive","ELEVTYP_F":0,"ELEVTYP_T":0},"geometry":{"type":"LineString","coordinates":[[-74.3716506238123,39.4208968542527],[-74.3712127303554,39.4210660665778]]}},{"type":"Feature","id":351390,"properties":{"OBJECTID":351390,"PRIMENAME":"Lagoon Boulevard","ELEVTYP_F":0,"ELEVTYP_T":0},"geometry":{"type":"LineString","coordinates":[[-74.4027358134343,39.3897158879896],[-74.4028891375768,39.3896360624138],[-74.4030517154669,39.3895423512315],[-74.4032488254975,39.3894245341735],[-74.4034391090866,39.3893040213107],[-74.4034461224057,39.389298672746],[-74.4035036465181,39.3892549269324]]}},{"type":"Feature","id":351849,"properties":{"OBJECTID":351849,"PRIMENAME":"Lagoon Boulevard","ELEVTYP_F":0,"ELEVTYP_T":0},"geometry":{"type":"LineString","coordinates":[[-74.4079256373475,39.3829811887852],[-74.408254455409,39.3828535007272],[-74.408790990667,39.3826458291263],[-74.4088084058982,39.3826395002005]]}},{"type":"Feature","id":351951,"properties":{"OBJECTID":351951,"PRIMENAME":"North New Hampshire Avenue","ELEVTYP_F":0,"ELEVTYP_T":0},"geometry":{"type":"LineString","coordinates":[[-74.4174408971602,39.3750116810013],[-74.4177026521704,39.3754193897735],[-74.417868068791,39.3756770383877],[-74.4178937766352,39.3757153642518],[-74.4180541465643,39.3759544542041],[-74.4180626913833,39.3759683533683]]}},{"type":"Feature","id":352020,"properties":{"OBJECTID":352020,"PRIMENAME":"Unnamed Segment","ELEVTYP_F":0,"ELEVTYP_T":0},"geometry":{"type":"LineString","coordinates":[[-74.3762988942931,39.4026478500938],[-74.3758777987227,39.4021809551646]]}},{"type":"Feature","id":352031,"properties":{"OBJECTID":352031,"PRIMENAME":"Harbor Beach Boulevard","ELEVTYP_F":0,"ELEVTYP_T":0},"geometry":{"type":"LineString","coordinates":[[-74.3975039031153,39.3904063507959],[-74.397504020852,39.3903012747307]]}},{"type":"Feature","id":352055,"properties":{"OBJECTID":352055,"PRIMENAME":"East Beach Avenue","ELEVTYP_F":0,"ELEVTYP_T":0},"geometry":{"type":"LineString","coordinates":[[-74.3629604150315,39.4102112126435],[-74.363016506444,39.410197357715],[-74.3631166559224,39.4101877703555],[-74.3632017959671,39.4101796191557],[-74.3634873923573,39.4101619980417],[-74.3636803968732,39.4101442677722],[-74.3638502418604,39.4101145123077],[-74.3639667854295,39.410083375511]]}},{"type":"Feature","id":352116,"properties":{"OBJECTID":352116,"PRIMENAME":"6th Street North","ELEVTYP_F":0,"ELEVTYP_T":0},"geometry":{"type":"LineString","coordinates":[[-74.3623994312068,39.4127253641204],[-74.3623316436716,39.4126972636084],[-74.3622839592307,39.4126755348002],[-74.3622386878657,39.4126508956394],[-74.3621961230669,39.4126235059179],[-74.3621565443492,39.4125935452294],[-74.3608649158074,39.4115326493662]]}},{"type":"Feature","id":352247,"properties":{"OBJECTID":352247,"PRIMENAME":"Bayshore Avenue","ELEVTYP_F":0,"ELEVTYP_T":0},"geometry":{"type":"LineString","coordinates":[[-74.3946910522335,39.3919365751694],[-74.3947276279927,39.3919214522313],[-74.3951336633175,39.3917390402424],[-74.3956175697334,39.3915412992611]]}},{"type":"Feature","id":352320,"properties":{"OBJECTID":352320,"PRIMENAME":"East Beach Avenue","ELEVTYP_F":0,"ELEVTYP_T":0},"geometry":{"type":"LineString","coordinates":[[-74.3570141857123,39.4143697525257],[-74.3571116089289,39.414294421153],[-74.357490380924,39.4140194704175],[-74.3576525995549,39.4138986130975]]}},{"type":"Feature","id":352380,"properties":{"OBJECTID":352380,"PRIMENAME":"Quay Boulevard","ELEVTYP_F":0,"ELEVTYP_T":0},"geometry":{"type":"LineString","coordinates":[[-74.3596706873712,39.4125552592447],[-74.3594789735883,39.412543440838]]}},{"type":"Feature","id":352692,"properties":{"OBJECTID":352692,"PRIMENAME":"Harbor Beach Boulevard","ELEVTYP_F":0,"ELEVTYP_T":0},"geometry":{"type":"LineString","coordinates":[[-74.3975147207339,39.391162431799],[-74.3975039031153,39.3904063507959]]}},{"type":"Feature","id":352718,"properties":{"OBJECTID":352718,"PRIMENAME":"North Connecticut Avenue","ELEVTYP_F":0,"ELEVTYP_T":0},"geometry":{"type":"LineString","coordinates":[[-74.4221321839352,39.372285145616],[-74.4216940458022,39.3716332226478]]}},{"type":"Feature","id":353300,"properties":{"OBJECTID":353300,"PRIMENAME":"Quay Boulevard","ELEVTYP_F":0,"ELEVTYP_T":0},"geometry":{"type":"LineString","coordinates":[[-74.3594789735883,39.412543440838],[-74.3591258747771,39.4125217080666],[-74.3583589001187,39.4124806902757]]}},{"type":"Feature","id":353380,"properties":{"OBJECTID":353380,"PRIMENAME":"Harbor Beach Boulevard","ELEVTYP_F":0,"ELEVTYP_T":0},"geometry":{"type":"LineString","coordinates":[[-74.4003697679788,39.3842038413915],[-74.4000967899288,39.3843857268358],[-74.3995433549472,39.3847552833095],[-74.3992991724953,39.3849128645638],[-74.3992528153907,39.3849427528015],[-74.3992385053939,39.3849536951076]]}},{"type":"Feature","id":353599,"properties":{"OBJECTID":353599,"PRIMENAME":"2nd Street North","ELEVTYP_F":0,"ELEVTYP_T":0},"geometry":{"type":"LineString","coordinates":[[-74.3621203981238,39.4085761193127],[-74.3631916493337,39.4094491824317],[-74.3639667854295,39.410083375511]]}},{"type":"Feature","id":353608,"properties":{"OBJECTID":353608,"PRIMENAME":"33rd Street South","ELEVTYP_F":0,"ELEVTYP_T":0},"geometry":{"type":"LineString","coordinates":[[-74.3848127903242,39.3919926166335],[-74.3853365185347,39.3924515766811],[-74.3865168594994,39.3934857050194],[-74.3865775656535,39.3935396061773]]}},{"type":"Feature","id":353609,"properties":{"OBJECTID":353609,"PRIMENAME":"Bayshore Avenue","ELEVTYP_F":0,"ELEVTYP_T":0},"geometry":{"type":"LineString","coordinates":[[-74.3964617793762,39.3911114743458],[-74.3963576264062,39.3911226110513],[-74.3962605654261,39.3911463021948],[-74.3961379550812,39.3911957244576],[-74.3959846863291,39.391255003717],[-74.3955774426699,39.3914250837928],[-74.3955120455495,39.3914523960314]]}},{"type":"Feature","id":353669,"properties":{"OBJECTID":353669,"PRIMENAME":"North New Hampshire Avenue","ELEVTYP_F":0,"ELEVTYP_T":0},"geometry":{"type":"LineString","coordinates":[[-74.4143566090027,39.3704725942375],[-74.4143597159254,39.3704772915347],[-74.4145568514558,39.3707722114044],[-74.4147864720774,39.3711178674941]]}},{"type":"Feature","id":353704,"properties":{"OBJECTID":353704,"PRIMENAME":"Lagoon Boulevard","ELEVTYP_F":0,"ELEVTYP_T":0},"geometry":{"type":"LineString","coordinates":[[-74.3975039031153,39.3904063507959],[-74.3984129206208,39.3903877086011]]}},{"type":"Feature","id":353757,"properties":{"OBJECTID":353757,"PRIMENAME":"42nd Street South","ELEVTYP_F":0,"ELEVTYP_T":0},"geometry":{"type":"LineString","coordinates":[[-74.3908506398899,39.3881109143075],[-74.3919181122991,39.3888716622683],[-74.3922098930499,39.3890741230929]]}},{"type":"Feature","id":354104,"properties":{"OBJECTID":354104,"PRIMENAME":"East Beach Avenue","ELEVTYP_F":0,"ELEVTYP_T":0},"geometry":{"type":"LineString","coordinates":[[-74.3602163150127,39.4120035187555],[-74.3608649158074,39.4115326493662]]}},{"type":"Feature","id":354134,"properties":{"OBJECTID":354134,"PRIMENAME":"Lagoon Boulevard","ELEVTYP_F":0,"ELEVTYP_T":0},"geometry":{"type":"LineString","coordinates":[[-74.4018246763948,39.3900669519471],[-74.4020834795323,39.3899893575994],[-74.4023185966578,39.3898957084673],[-74.4025156889325,39.3898181171838],[-74.4026885773714,39.389740477401],[-74.4027140716014,39.3897272091452],[-74.4027358134343,39.3897158879896]]}},{"type":"Feature","id":354199,"properties":{"OBJECTID":354199,"PRIMENAME":"Harbor Beach Boulevard","ELEVTYP_F":0,"ELEVTYP_T":0},"geometry":{"type":"LineString","coordinates":[[-74.3983951594364,39.385677020241],[-74.3983001376318,39.3857650450125],[-74.3981381146768,39.3859897461283],[-74.3981000134004,39.386132157126]]}},{"type":"Feature","id":354216,"properties":{"OBJECTID":354216,"PRIMENAME":"Harbor Beach Boulevard","ELEVTYP_F":0,"ELEVTYP_T":0},"geometry":{"type":"LineString","coordinates":[[-74.4045883417779,39.3818985221614],[-74.4044249048094,39.3819847113843],[-74.4041013007521,39.3821553622846],[-74.4038947464914,39.3822622184416],[-74.4038313699155,39.3822950040644]]}},{"type":"Feature","id":354218,"properties":{"OBJECTID":354218,"PRIMENAME":"North New Hampshire Avenue","ELEVTYP_F":0,"ELEVTYP_T":0},"geometry":{"type":"LineString","coordinates":[[-74.4139210436719,39.3698104573857],[-74.4141480277375,39.3701555165051],[-74.4143566090027,39.3704725942375]]}},{"type":"Feature","id":354515,"properties":{"OBJECTID":354515,"PRIMENAME":"Harbor Beach Boulevard","ELEVTYP_F":0,"ELEVTYP_T":0},"geometry":{"type":"LineString","coordinates":[[-74.3974809536706,39.3889208745812],[-74.3974694016447,39.3882307973254],[-74.3974709811138,39.3880963582173],[-74.3974782887591,39.3879620331584],[-74.3974913165548,39.3878279690701],[-74.3975100502186,39.3876943125875],[-74.3975344692278,39.387561209899],[-74.3975645468418,39.3874288065866],[-74.397600250131,39.3872972474664],[-74.3976415400138,39.3871666764304]]}},{"type":"Feature","id":355283,"properties":{"OBJECTID":355283,"PRIMENAME":"South Roosevelt Boulevard","ELEVTYP_F":0,"ELEVTYP_T":0},"geometry":{"type":"LineString","coordinates":[[-74.3642323504254,39.4094074603375],[-74.3642441495696,39.4094188404201],[-74.364443286616,39.4096145906888]]}},{"type":"Feature","id":355498,"properties":{"OBJECTID":355498,"PRIMENAME":"Atlantic Brigantine Boulevard","ELEVTYP_F":1,"ELEVTYP_T":0},"geometry":{"type":"LineString","coordinates":[[-74.4191364356798,39.3868733673527],[-74.4187529888764,39.3870912978293],[-74.418687913913,39.3871273575526]]}},{"type":"Feature","id":358077,"properties":{"OBJECTID":358077,"PRIMENAME":"Atlantic Brigantine Boulevard","ELEVTYP_F":0,"ELEVTYP_T":0},"geometry":{"type":"LineString","coordinates":[[-74.3906039270647,39.3947794564749],[-74.3901492697612,39.3947929113117],[-74.3899810346579,39.3947967609367],[-74.3899189317201,39.394796729223]]}},{"type":"Feature","id":358623,"properties":{"OBJECTID":358623,"PRIMENAME":"Bayshore Avenue","ELEVTYP_F":0,"ELEVTYP_T":0},"geometry":{"type":"LineString","coordinates":[[-74.3880703789854,39.39594160614],[-74.3877621939334,39.3962052222533]]}},{"type":"Feature","id":358904,"properties":{"OBJECTID":358904,"PRIMENAME":"Atlantic Brigantine Boulevard","ELEVTYP_F":0,"ELEVTYP_T":0},"geometry":{"type":"LineString","coordinates":[[-74.3982658714403,39.3944750125603],[-74.3981012784576,39.3944827757918]]}},{"type":"Feature","id":359799,"properties":{"OBJECTID":359799,"PRIMENAME":"West Beach Avenue","ELEVTYP_F":0,"ELEVTYP_T":0},"geometry":{"type":"LineString","coordinates":[[-74.3675827723986,39.4072994507813],[-74.3680739325757,39.4070300564353],[-74.3683336994593,39.4068883726015]]}},{"type":"Feature","id":360292,"properties":{"OBJECTID":360292,"PRIMENAME":"Harbor Beach Boulevard","ELEVTYP_F":0,"ELEVTYP_T":0},"geometry":{"type":"LineString","coordinates":[[-74.4048252525446,39.3817642609531],[-74.404648991091,39.3818665293008],[-74.4045883417779,39.3818985221614]]}},{"type":"Feature","id":360645,"properties":{"OBJECTID":360645,"PRIMENAME":"Harbor Beach Boulevard","ELEVTYP_F":0,"ELEVTYP_T":0},"geometry":{"type":"LineString","coordinates":[[-74.397504020852,39.3903012747307],[-74.3974809536706,39.3889208745812]]}},{"type":"Feature","id":361093,"properties":{"OBJECTID":361093,"PRIMENAME":"Lagoon Boulevard","ELEVTYP_F":0,"ELEVTYP_T":0},"geometry":{"type":"LineString","coordinates":[[-74.4044311277525,39.386505091078],[-74.4043248939985,39.3863355415694],[-74.4041585431974,39.3860643532271],[-74.4041094388269,39.3859303242687]]}},{"type":"Feature","id":363014,"properties":{"OBJECTID":363014,"PRIMENAME":"West Beach Avenue","ELEVTYP_F":0,"ELEVTYP_T":0},"geometry":{"type":"LineString","coordinates":[[-74.3721063969922,39.4048307628182],[-74.3726937006069,39.4045116202924],[-74.3728559581598,39.4044213832851]]}},{"type":"Feature","id":364227,"properties":{"OBJECTID":364227,"PRIMENAME":"Quay Boulevard","ELEVTYP_F":0,"ELEVTYP_T":0},"geometry":{"type":"LineString","coordinates":[[-74.3609772181311,39.4126239294152],[-74.3596706873712,39.4125552592447]]}},{"type":"Feature","id":364339,"properties":{"OBJECTID":364339,"PRIMENAME":"Unnamed Segment","ELEVTYP_F":0,"ELEVTYP_T":0},"geometry":{"type":"LineString","coordinates":[[-74.3882981441865,39.392360391028],[-74.3879513579103,39.3920566081292],[-74.3869845009529,39.39119482647],[-74.3864812220736,39.3907558212917]]}},{"type":"Feature","id":364755,"properties":{"OBJECTID":364755,"PRIMENAME":"Bayshore Avenue","ELEVTYP_F":0,"ELEVTYP_T":0},"geometry":{"type":"LineString","coordinates":[[-74.3946184603921,39.3918301154311],[-74.3939180305825,39.392120792818],[-74.3938714340658,39.3921408211504]]}},{"type":"Feature","id":365265,"properties":{"OBJECTID":365265,"PRIMENAME":"North Roosevelt Boulevard","ELEVTYP_F":0,"ELEVTYP_T":0},"geometry":{"type":"LineString","coordinates":[[-74.3672275600774,39.4122574691855],[-74.3673353723919,39.4123829098264]]}},{"type":"Feature","id":365597,"properties":{"OBJECTID":365597,"PRIMENAME":"Lagoon Boulevard","ELEVTYP_F":0,"ELEVTYP_T":0},"geometry":{"type":"LineString","coordinates":[[-74.3984129206208,39.3903877086011],[-74.3984169897034,39.3903876301803],[-74.398820673489,39.3903753787442],[-74.3992854337893,39.3903604610606]]}},{"type":"Feature","id":365683,"properties":{"OBJECTID":365683,"PRIMENAME":"Evans Boulevard","ELEVTYP_F":0,"ELEVTYP_T":0},"geometry":{"type":"LineString","coordinates":[[-74.3648281817435,39.4100080500997],[-74.3648382644943,39.4100040934096],[-74.364848162568,39.409999865422],[-74.3648578638385,39.4099953713165],[-74.3648673564209,39.4099906165989],[-74.3648766286859,39.4099856070942],[-74.3648856692742,39.4099803489395],[-74.3648944671101,39.4099748485765],[-74.3649030114155,39.4099691127438],[-74.364911291723,39.4099631484682],[-74.3649192978883,39.4099569630567],[-74.3649270201033,39.4099505640868],[-74.3649344489076,39.409943959398],[-74.3649415752003,39.4099371570816],[-74.3649483902511,39.4099301654711],[-74.3649548857109,39.4099229931319],[-74.3649610536224,39.4099156488508]]}},{"type":"Feature","id":365864,"properties":{"OBJECTID":365864,"PRIMENAME":"West Brigantine Avenue","ELEVTYP_F":0,"ELEVTYP_T":0},"geometry":{"type":"LineString","coordinates":[[-74.3981000134004,39.386132157126],[-74.39801567698,39.3860337387127],[-74.3979840504477,39.3859968320164],[-74.3979034735161,39.3859606861435],[-74.3978208803519,39.3859273933421],[-74.3977364386044,39.3858970211895],[-74.3976503196746,39.3858696313347],[-74.3975626983669,39.3858452793731],[-74.3974737525349,39.3858240147339],[-74.3973836627199,39.3858058805796],[-74.397292611785,39.3857909137185],[-74.3972007845436,39.3857791445299],[-74.3971083673845,39.3857705969027],[-74.3970155478939,39.3857652881867],[-74.3969225144742,39.3857632291571],[-74.396829455962,39.3857644239935],[-74.3967365612448,39.3857688702706],[-74.3966440188779,39.3857765589634],[-74.3965520167013,39.3857874744655]]}},{"type":"Feature","id":366221,"properties":{"OBJECTID":366221,"PRIMENAME":"Quay Boulevard","ELEVTYP_F":0,"ELEVTYP_T":0},"geometry":{"type":"LineString","coordinates":[[-74.3623994312068,39.4127253641204],[-74.3619058267703,39.4126771989545],[-74.3617464239751,39.4126651586977],[-74.3609772181311,39.4126239294152]]}},{"type":"Feature","id":366571,"properties":{"OBJECTID":366571,"PRIMENAME":"Lagoon Boulevard","ELEVTYP_F":0,"ELEVTYP_T":0},"geometry":{"type":"LineString","coordinates":[[-74.4049934516459,39.3847120586125],[-74.4055022919461,39.3842788232951],[-74.4059516826846,39.3839269462046],[-74.4061592457519,39.3837554823506],[-74.4062492028512,39.3836885331076],[-74.4064013641927,39.3835921180419],[-74.406518911472,39.3835305451674],[-74.4065367889244,39.3835226243293],[-74.4065584202386,39.3835130598298]]}},{"type":"Feature","id":366849,"properties":{"OBJECTID":366849,"PRIMENAME":"East Evans Boulevard","ELEVTYP_F":0,"ELEVTYP_T":0},"geometry":{"type":"LineString","coordinates":[[-74.3644430346425,39.4099462366816],[-74.3644518692105,39.4099538601892],[-74.3644610985838,39.4099611968291],[-74.3644707072972,39.4099682343073],[-74.3644806792493,39.4099749608311],[-74.3644909977304,39.4099813651289],[-74.3645016454499,39.4099874364692],[-74.3645126045656,39.4099931646781],[-74.3645238567134,39.4099985401569],[-74.3645353830382,39.4100035538981],[-74.3645471642255,39.4100081975],[-74.3645591805335,39.4100124631814],[-74.3645714118267,39.4100163437943],[-74.3645838376091,39.410019832836],[-74.364596437059,39.4100229244599],[-74.3646091890633,39.4100256134853],[-74.3646220722538,39.4100278954064],[-74.3646350650419,39.4100297663992],[-74.3646481456558,39.4100312233285],[-74.3646612921763,39.4100322637531],[-74.3646744825738,39.4100328859294],[-74.3646876947451,39.4100330888148],[-74.3647009065507,39.4100328720694],[-74.3647140958514,39.4100322360564],[-74.3647272405461,39.4100311818415],[-74.3647403186082,39.4100297111913],[-74.3647533081228,39.4100278265702],[-74.3647661873235,39.4100255311362],[-74.3647789346284,39.4100228287357],[-74.3647915286771,39.4100197238972],[-74.3648039483658,39.4100162218235],[-74.3648161728828,39.4100123283829],[-74.3648281817435,39.4100080500997]]}},{"type":"Feature","id":367057,"properties":{"OBJECTID":367057,"PRIMENAME":"East Beach Avenue","ELEVTYP_F":0,"ELEVTYP_T":0},"geometry":{"type":"LineString","coordinates":[[-74.3561119678342,39.4156072284099],[-74.3561303065524,39.4156059602429],[-74.3561512688389,39.4156023622436],[-74.3561694101547,39.4155937351868],[-74.3561928082222,39.4155763300184],[-74.3563064800513,39.4154668916915],[-74.3563916250875,39.4153562370915],[-74.3564651836495,39.4152335703693],[-74.3565272276505,39.4150989456828],[-74.3565622671467,39.4149967678366]]}},{"type":"Feature","id":367107,"properties":{"OBJECTID":367107,"PRIMENAME":"North Massachusetts Avenue","ELEVTYP_F":0,"ELEVTYP_T":0},"geometry":{"type":"LineString","coordinates":[[-74.4217173921517,39.373281791073],[-74.4221545170061,39.3739306656623]]}},{"type":"Feature","id":367575,"properties":{"OBJECTID":367575,"PRIMENAME":"Harbor Beach Boulevard","ELEVTYP_F":0,"ELEVTYP_T":0},"geometry":{"type":"LineString","coordinates":[[-74.3982658714403,39.3944750125603],[-74.3979080833225,39.3938654934508],[-74.3978650863276,39.3937923405482],[-74.397824560334,39.3937183432678],[-74.3977865328482,39.3936435518489],[-74.3977510296803,39.3935680170697],[-74.3977180749262,39.3934917902133],[-74.3976876909516,39.3934149230319],[-74.3976598983764,39.3933374677129],[-74.3976347160609,39.3932594768423]]}},{"type":"Feature","id":367596,"properties":{"OBJECTID":367596,"PRIMENAME":"Harbor Beach Boulevard","ELEVTYP_F":0,"ELEVTYP_T":0},"geometry":{"type":"LineString","coordinates":[[-74.3975277550752,39.3925484859312],[-74.397528921104,39.3924739182919],[-74.3975324091017,39.3923993942906],[-74.397528759737,39.3921441985868],[-74.3975168861226,39.3913138193224],[-74.3975147207339,39.391162431799]]}},{"type":"Feature","id":367713,"properties":{"OBJECTID":367713,"PRIMENAME":"Bayshore Avenue","ELEVTYP_F":0,"ELEVTYP_T":0},"geometry":{"type":"LineString","coordinates":[[-74.3934894984529,39.3922944484624],[-74.3934581997471,39.3923065833699],[-74.3932078502195,39.3924212595759],[-74.3930776133459,39.3924794301221]]}},{"type":"Feature","id":368085,"properties":{"OBJECTID":368085,"PRIMENAME":"Amherst Avenue","ELEVTYP_F":0,"ELEVTYP_T":0},"geometry":{"type":"LineString","coordinates":[[-74.3936541676293,39.3942156533338],[-74.3936225676706,39.3942666009521],[-74.3929240976532,39.3942811055008]]}},{"type":"Feature","id":368086,"properties":{"OBJECTID":368086,"PRIMENAME":"Amherst Avenue","ELEVTYP_F":0,"ELEVTYP_T":0},"geometry":{"type":"LineString","coordinates":[[-74.3929240976532,39.3942811055008],[-74.3920804774171,39.3943022660851]]}},{"type":"Feature","id":368087,"properties":{"OBJECTID":368087,"PRIMENAME":"Atlantic Brigantine Boulevard","ELEVTYP_F":0,"ELEVTYP_T":0},"geometry":{"type":"LineString","coordinates":[[-74.3936938489826,39.394672703532],[-74.3935134350238,39.3946815997471],[-74.3930761073183,39.3946952557352],[-74.3929392744608,39.3947015229189]]}},{"type":"Feature","id":368088,"properties":{"OBJECTID":368088,"PRIMENAME":"Atlantic Brigantine Boulevard","ELEVTYP_F":0,"ELEVTYP_T":0},"geometry":{"type":"LineString","coordinates":[[-74.3929392744608,39.3947015229189],[-74.3922169307455,39.3947346046547],[-74.3920838506617,39.394738188111]]}},{"type":"Feature","id":368089,"properties":{"OBJECTID":368089,"PRIMENAME":"Unnamed Segment","ELEVTYP_F":0,"ELEVTYP_T":0},"geometry":{"type":"LineString","coordinates":[[-74.3906039270647,39.3947794564749],[-74.390588739255,39.3944397138646]]}},{"type":"Feature","id":368090,"properties":{"OBJECTID":368090,"PRIMENAME":"Amherst Avenue","ELEVTYP_F":0,"ELEVTYP_T":0},"geometry":{"type":"LineString","coordinates":[[-74.3909835849142,39.3943424039867],[-74.3910000956326,39.3947680610731]]}},{"type":"Feature","id":368091,"properties":{"OBJECTID":368091,"PRIMENAME":"Amherst Avenue","ELEVTYP_F":0,"ELEVTYP_T":0},"geometry":{"type":"LineString","coordinates":[[-74.3909835849142,39.3943424039867],[-74.3907200163373,39.3943487533314],[-74.390588739255,39.3944397138646]]}},{"type":"Feature","id":368092,"properties":{"OBJECTID":368092,"PRIMENAME":"Atlantic Brigantine Boulevard","ELEVTYP_F":0,"ELEVTYP_T":0},"geometry":{"type":"LineString","coordinates":[[-74.3910000956326,39.3947680610731],[-74.3908065709873,39.3947734592004],[-74.3906039270647,39.3947794564749]]}},{"type":"Feature","id":369197,"properties":{"OBJECTID":369197,"PRIMENAME":null,"ELEVTYP_F":0,"ELEVTYP_T":0},"geometry":{"type":"LineString","coordinates":[[-74.3662876648185,39.4177920733672],[-74.3663624695774,39.4178270833473],[-74.3664149581343,39.4178564043251],[-74.3664553221636,39.4178857122624],[-74.3664956651354,39.4179254685436],[-74.3665508103155,39.4179746479472],[-74.3665965241754,39.4180238147081],[-74.3666381985529,39.4180719336935],[-74.3666691234243,39.4181054113486],[-74.3667000372149,39.418144112723],[-74.3667381216922,39.4181996897871]]}},{"type":"Feature","id":369198,"properties":{"OBJECTID":369198,"PRIMENAME":"Sheridan Boulevard","ELEVTYP_F":0,"ELEVTYP_T":0},"geometry":{"type":"LineString","coordinates":[[-74.3666792844041,39.4178248453363],[-74.3668262967137,39.4178233391314],[-74.3669972336088,39.4178178497325],[-74.3670434074025,39.4178163666476]]}},{"type":"Feature","id":369199,"properties":{"OBJECTID":369199,"PRIMENAME":"Sheridan Boulevard","ELEVTYP_F":0,"ELEVTYP_T":0},"geometry":{"type":"LineString","coordinates":[[-74.3662876648185,39.4177920733672],[-74.3663841289962,39.4178087931549],[-74.3664133576873,39.4178138603933],[-74.3665268269644,39.4178230508818],[-74.3665638476704,39.4178260587845],[-74.3666792844041,39.4178248453363]]}},{"type":"Feature","id":369200,"properties":{"OBJECTID":369200,"PRIMENAME":"Unnamed Segment","ELEVTYP_F":0,"ELEVTYP_T":0},"geometry":{"type":"LineString","coordinates":[[-74.3655626076916,39.4128866421783],[-74.3653347643686,39.4128689490701],[-74.3652207586152,39.4128639932614],[-74.365203596614,39.4128619222541],[-74.3651872872722,39.4128572930566],[-74.3651724573462,39.4128502793494],[-74.3651596788208,39.4128411538379],[-74.365149444559,39.4128302693073],[-74.3651421474285,39.4128180432845],[-74.3651380710342,39.412804946317],[-74.3651373688484,39.4127914848331],[-74.3651989329533,39.4119681717296]]}},{"type":"Feature","id":369201,"properties":{"OBJECTID":369201,"PRIMENAME":"Unnamed Segment","ELEVTYP_F":0,"ELEVTYP_T":0},"geometry":{"type":"LineString","coordinates":[[-74.3651989329533,39.4119681717296],[-74.3652855340887,39.4119488354532],[-74.3653494123664,39.4119285080574],[-74.365406824773,39.4119015027136],[-74.3654534891706,39.4118729463435],[-74.3654691917397,39.4118336625465],[-74.3655459710192,39.4110142356554],[-74.3657356465248,39.4110185065104]]}},{"type":"Feature","id":369202,"properties":{"OBJECTID":369202,"PRIMENAME":"Unnamed Segment","ELEVTYP_F":0,"ELEVTYP_T":0},"geometry":{"type":"LineString","coordinates":[[-74.3633787819471,39.4120038713646],[-74.3634676448948,39.4120207071648],[-74.3635312589296,39.4120290079182],[-74.3636224479828,39.4120356961014],[-74.3640444137766,39.4120619664008],[-74.364079983208,39.4120613990202],[-74.3641146865776,39.412055323119],[-74.3641471240764,39.4120439856845],[-74.3641759802589,39.4120278454922],[-74.3642000949175,39.4120075542713],[-74.3642184898396,39.4119839324136],[-74.3642304211303,39.4119579348039],[-74.3642354071626,39.4119306094144],[-74.3642362578156,39.4119141275474],[-74.3642344613386,39.4118883832559],[-74.3642264925408,39.4118633542038],[-74.3642126319017,39.4118399235022],[-74.3641933667179,39.4118189150501],[-74.3641693772131,39.4118010700976],[-74.3641415110403,39.4117870210934],[-74.3641107485056,39.4117772601164],[-74.3640781770329,39.4117721325407],[-74.3637757225317,39.4117471274623],[-74.3637110496588,39.4117388256019],[-74.3636214601003,39.411729719811]]}},{"type":"Feature","id":369203,"properties":{"OBJECTID":369203,"PRIMENAME":"South Roosevelt Boulevard","ELEVTYP_F":0,"ELEVTYP_T":0},"geometry":{"type":"LineString","coordinates":[[-74.3628719070915,39.4079268655721],[-74.3627441245243,39.4078996548062]]}},{"type":"Feature","id":369204,"properties":{"OBJECTID":369204,"PRIMENAME":"South Roosevelt Boulevard","ELEVTYP_F":0,"ELEVTYP_T":0},"geometry":{"type":"LineString","coordinates":[[-74.3627441245243,39.4078996548062],[-74.3623593329619,39.4075598618698]]}},{"type":"Feature","id":369205,"properties":{"OBJECTID":369205,"PRIMENAME":"South Roosevelt Boulevard","ELEVTYP_F":0,"ELEVTYP_T":0},"geometry":{"type":"LineString","coordinates":[[-74.3627441245243,39.4078996548062],[-74.3627459408954,39.4080363509149]]}},{"type":"Feature","id":369206,"properties":{"OBJECTID":369206,"PRIMENAME":"2nd Street North","ELEVTYP_F":0,"ELEVTYP_T":0},"geometry":{"type":"LineString","coordinates":[[-74.3617986040926,39.4083200422449],[-74.3621203981238,39.4085761193127]]}},{"type":"Feature","id":369207,"properties":{"OBJECTID":369207,"PRIMENAME":"Unnamed Segment","ELEVTYP_F":0,"ELEVTYP_T":0},"geometry":{"type":"LineString","coordinates":[[-74.357370225799,39.4146643217222],[-74.3572349013422,39.4147490426891],[-74.3572239405067,39.4147566677902],[-74.3572140597797,39.4147651345842],[-74.3572053660074,39.4147743515151],[-74.3571979532008,39.4147842189152],[-74.3571919015191,39.4147946300827],[-74.3571872764032,39.4148054724361],[-74.3571841278678,39.4148166287306],[-74.3571824899605,39.4148279783271],[-74.3571823803936,39.4148393984959],[-74.3571838003527,39.4148507657441],[-74.3571867344836,39.414861957151],[-74.3571911510587,39.4148728516974],[-74.3571970023195,39.414883331574],[-74.3572042249936,39.4148932834558],[-74.3572127409782,39.4149025997269],[-74.3572224581855,39.414911179645],[-74.3575057493998,39.4151365154432],[-74.3573236212469,39.415268901784]]}},{"type":"Feature","id":369208,"properties":{"OBJECTID":369208,"PRIMENAME":"Unnamed Segment","ELEVTYP_F":0,"ELEVTYP_T":0},"geometry":{"type":"LineString","coordinates":[[-74.3568062388975,39.4145574344194],[-74.3568755586987,39.4146049603889],[-74.3570656130481,39.4147586265262],[-74.3570580860584,39.4147640157767],[-74.3568867780836,39.4148866842875]]}},{"type":"Feature","id":369209,"properties":{"OBJECTID":369209,"PRIMENAME":"15th Street North","ELEVTYP_F":0,"ELEVTYP_T":0},"geometry":{"type":"LineString","coordinates":[[-74.3554003222774,39.4160233509301],[-74.3553697960372,39.4160152652326],[-74.3553418070128,39.4160028264109],[-74.3552661617535,39.4159549944053],[-74.3548583131787,39.4156725276301],[-74.35479250087,39.4156294770819],[-74.3547236577756,39.4155893796798],[-74.3546520038575,39.4155523635369],[-74.3545777680574,39.4155185469214],[-74.3545011875652,39.4154880378789],[-74.3544225070609,39.4154609338866],[-74.3543419779335,39.4154373215428],[-74.3542598574775,39.4154172762895],[-74.3541962823108,39.415404421476]]}},{"type":"Feature","id":369323,"properties":{"OBJECTID":369323,"PRIMENAME":"15th Street North","ELEVTYP_F":0,"ELEVTYP_T":0},"geometry":{"type":"LineString","coordinates":[[-74.3541962823108,39.415404421476],[-74.3540493589477,39.4154218361874],[-74.353526850351,39.4155516541557]]}},{"type":"Feature","id":369324,"properties":{"OBJECTID":369324,"PRIMENAME":"Unnamed Segment","ELEVTYP_F":0,"ELEVTYP_T":0},"geometry":{"type":"LineString","coordinates":[[-74.3541962823108,39.415404421476],[-74.3540611609003,39.4155307055313],[-74.3539764005019,39.4156544078989],[-74.3538822060762,39.415799943666],[-74.3537974169381,39.4159382091021],[-74.3536655590247,39.4161346799501],[-74.3531477397723,39.4168113248486],[-74.3528936024038,39.4171095974514],[-74.3525266246688,39.4174878382616],[-74.3523762292789,39.4175677565787],[-74.3522634343184,39.4176258762493]]}},{"type":"Feature","id":369325,"properties":{"OBJECTID":369325,"PRIMENAME":"East Beach Avenue","ELEVTYP_F":0,"ELEVTYP_T":0},"geometry":{"type":"LineString","coordinates":[[-74.3561119678342,39.4156072284099],[-74.3560012425048,39.4156863816743],[-74.355551150875,39.4159941577945],[-74.3555478349213,39.4159960210366],[-74.3555250290119,39.4160088372309],[-74.3554957835354,39.4160193988258],[-74.3554644871546,39.4160254556646],[-74.3554322749426,39.4160267902617],[-74.3554003222774,39.4160233509301]]}},{"type":"Feature","id":369326,"properties":{"OBJECTID":369326,"PRIMENAME":"East Beach Avenue","ELEVTYP_F":0,"ELEVTYP_T":0},"geometry":{"type":"LineString","coordinates":[[-74.3568062388975,39.4145574344194],[-74.3568448754073,39.4145126193908],[-74.3569299499807,39.4144348849539],[-74.3570141857123,39.4143697525257]]}},{"type":"Feature","id":369327,"properties":{"OBJECTID":369327,"PRIMENAME":"12th Street North","ELEVTYP_F":1,"ELEVTYP_T":0},"geometry":{"type":"LineString","coordinates":[[-74.357370225799,39.4146643217222],[-74.3570141857123,39.4143697525257]]}},{"type":"Feature","id":369328,"properties":{"OBJECTID":369328,"PRIMENAME":"Unnamed Segment","ELEVTYP_F":0,"ELEVTYP_T":0},"geometry":{"type":"LineString","coordinates":[[-74.3746196314743,39.40264136481],[-74.3744635598329,39.402716006378],[-74.374177822829,39.4024031570254],[-74.3741622788789,39.402381980359],[-74.3741523930247,39.4023588460607],[-74.374148552608,39.4023346571552],[-74.3741509068755,39.4023103542426],[-74.3741593658775,39.4022868830681],[-74.3741735982168,39.4022651557851],[-74.3741930508414,39.4022460212506],[-74.3742169665459,39.4022302182023],[-74.3742360107472,39.402219965134]]}},{"type":"Feature","id":369329,"properties":{"OBJECTID":369329,"PRIMENAME":"Unnamed Segment","ELEVTYP_F":0,"ELEVTYP_T":0},"geometry":{"type":"LineString","coordinates":[[-74.3734998800423,39.4026520460406],[-74.3736625251339,39.4025667149703]]}},{"type":"Feature","id":369330,"properties":{"OBJECTID":369330,"PRIMENAME":"Unnamed Segment","ELEVTYP_F":0,"ELEVTYP_T":0},"geometry":{"type":"LineString","coordinates":[[-74.3736625251339,39.4025667149703],[-74.3737382098576,39.4025265852965],[-74.3737548548889,39.4025204616858],[-74.3737709267329,39.402517980297],[-74.3737873044587,39.4025184358545],[-74.3738031068415,39.4025217994776],[-74.3738174912457,39.4025278909929],[-74.3738340025146,39.4025405840933],[-74.3740529887293,39.4027810654247],[-74.3740637625862,39.4027972491969],[-74.3740686722335,39.4028150633795],[-74.3740673704349,39.4028332500766],[-74.3740599465675,39.4028505311461],[-74.3740506274157,39.4028621954605],[-74.3740385013787,39.4028721884489],[-74.3739717146963,39.4029100237012]]}},{"type":"Feature","id":369331,"properties":{"OBJECTID":369331,"PRIMENAME":"Unnamed Segment","ELEVTYP_F":0,"ELEVTYP_T":0},"geometry":{"type":"LineString","coordinates":[[-74.3736625251339,39.4025667149703],[-74.3739717146963,39.4029100237012]]}},{"type":"Feature","id":369332,"properties":{"OBJECTID":369332,"PRIMENAME":"Unnamed Segment","ELEVTYP_F":0,"ELEVTYP_T":0},"geometry":{"type":"LineString","coordinates":[[-74.3739717146963,39.4029100237012],[-74.3743997698506,39.4033853059393]]}},{"type":"Feature","id":369333,"properties":{"OBJECTID":369333,"PRIMENAME":"Unnamed Segment","ELEVTYP_F":0,"ELEVTYP_T":0},"geometry":{"type":"LineString","coordinates":[[-74.3743997698506,39.4033853059393],[-74.3742373014624,39.4034718975406]]}},{"type":"Feature","id":369334,"properties":{"OBJECTID":369334,"PRIMENAME":"Unnamed Segment","ELEVTYP_F":0,"ELEVTYP_T":0},"geometry":{"type":"LineString","coordinates":[[-74.3877556799542,39.3953927954124],[-74.3875993586614,39.3952720944262],[-74.3878528084577,39.3950611932505],[-74.3880151566496,39.3951744653665]]}},{"type":"Feature","id":369335,"properties":{"OBJECTID":369335,"PRIMENAME":"Unnamed Segment","ELEVTYP_F":0,"ELEVTYP_T":0},"geometry":{"type":"LineString","coordinates":[[-74.3878292126225,39.3953309225447],[-74.3880151566496,39.3951744653665]]}},{"type":"Feature","id":369336,"properties":{"OBJECTID":369336,"PRIMENAME":"Unnamed Segment","ELEVTYP_F":0,"ELEVTYP_T":0},"geometry":{"type":"LineString","coordinates":[[-74.3883108309439,39.395736036857],[-74.3881519027931,39.3956210731385],[-74.388069554414,39.3955596077702],[-74.3879855359008,39.395500080166],[-74.387901555919,39.3954172901781],[-74.3878292126225,39.3953309225447]]}},{"type":"Feature","id":369337,"properties":{"OBJECTID":369337,"PRIMENAME":"Unnamed Segment","ELEVTYP_F":0,"ELEVTYP_T":0},"geometry":{"type":"LineString","coordinates":[[-74.3877556799542,39.3953927954124],[-74.3878292126225,39.3953309225447]]}},{"type":"Feature","id":369338,"properties":{"OBJECTID":369338,"PRIMENAME":"Unnamed Segment","ELEVTYP_F":0,"ELEVTYP_T":0},"geometry":{"type":"LineString","coordinates":[[-74.3875874704559,39.3955178880004],[-74.3877556799542,39.3953927954124]]}},{"type":"Feature","id":369339,"properties":{"OBJECTID":369339,"PRIMENAME":"Unnamed Segment","ELEVTYP_F":0,"ELEVTYP_T":0},"geometry":{"type":"LineString","coordinates":[[-74.3880983873786,39.3951098902398],[-74.3882232279505,39.3950130332865]]}},{"type":"Feature","id":369340,"properties":{"OBJECTID":369340,"PRIMENAME":"33rd Street South","ELEVTYP_F":0,"ELEVTYP_T":0},"geometry":{"type":"LineString","coordinates":[[-74.3880628460793,39.39485352328],[-74.3881345612473,39.3949165242173]]}},{"type":"Feature","id":369341,"properties":{"OBJECTID":369341,"PRIMENAME":"Unnamed Segment","ELEVTYP_F":0,"ELEVTYP_T":0},"geometry":{"type":"LineString","coordinates":[[-74.3880151566496,39.3951744653665],[-74.3880983873786,39.3951098902398]]}},{"type":"Feature","id":369398,"properties":{"OBJECTID":369398,"PRIMENAME":"Sheridan Place","ELEVTYP_F":0,"ELEVTYP_T":0},"geometry":{"type":"LineString","coordinates":[[-74.3657490051479,39.4108545841914],[-74.3657356465248,39.4110185065104]]}},{"type":"Feature","id":369399,"properties":{"OBJECTID":369399,"PRIMENAME":"East Evans Boulevard","ELEVTYP_F":0,"ELEVTYP_T":0},"geometry":{"type":"LineString","coordinates":[[-74.3636214601003,39.411729719811],[-74.3635497635442,39.4118294760428],[-74.3633787819471,39.4120038713646]]}},{"type":"Feature","id":369400,"properties":{"OBJECTID":369400,"PRIMENAME":"15th Street South","ELEVTYP_F":0,"ELEVTYP_T":0},"geometry":{"type":"LineString","coordinates":[[-74.3746196314743,39.40264136481],[-74.3747556480594,39.4027901113176]]}},{"type":"Feature","id":369401,"properties":{"OBJECTID":369401,"PRIMENAME":"15th Street South","ELEVTYP_F":0,"ELEVTYP_T":0},"geometry":{"type":"LineString","coordinates":[[-74.3742360107472,39.402219965134],[-74.3744424885122,39.4024476381235],[-74.3746196314743,39.40264136481]]}},{"type":"Feature","id":369402,"properties":{"OBJECTID":369402,"PRIMENAME":"14th Street South","ELEVTYP_F":0,"ELEVTYP_T":0},"geometry":{"type":"LineString","coordinates":[[-74.3743459733485,39.4035946943527],[-74.3742373014624,39.4034718975406]]}},{"type":"Feature","id":369403,"properties":{"OBJECTID":369403,"PRIMENAME":"14th Street South","ELEVTYP_F":0,"ELEVTYP_T":0},"geometry":{"type":"LineString","coordinates":[[-74.3734998800423,39.4026520460406],[-74.3728243771752,39.4019140746715]]}},{"type":"Feature","id":369404,"properties":{"OBJECTID":369404,"PRIMENAME":"32nd Street South","ELEVTYP_F":0,"ELEVTYP_T":0},"geometry":{"type":"LineString","coordinates":[[-74.3872327493316,39.3952031497844],[-74.3875874704559,39.3955178880004]]}},{"type":"Feature","id":369405,"properties":{"OBJECTID":369405,"PRIMENAME":"44th Street","ELEVTYP_F":0,"ELEVTYP_T":0},"geometry":{"type":"LineString","coordinates":[[-74.3964909638154,39.3932681603518],[-74.3964829809051,39.3929587558011]]}},{"type":"Feature","id":369408,"properties":{"OBJECTID":369408,"PRIMENAME":"Unnamed Segment","ELEVTYP_F":0,"ELEVTYP_T":0},"geometry":{"type":"LineString","coordinates":[[-74.3929240976532,39.3942811055008],[-74.3929392744608,39.3947015229189]]}},{"type":"Feature","id":369471,"properties":{"OBJECTID":369471,"PRIMENAME":"Unnamed Segment","ELEVTYP_F":0,"ELEVTYP_T":0},"geometry":{"type":"LineString","coordinates":[[-74.3880983873786,39.3951098902398],[-74.3881174230711,39.3950850346463],[-74.3881292009265,39.3950663254634],[-74.3881351281774,39.3950500563373],[-74.3881390869117,39.395028378693],[-74.3881386407333,39.3950067950015],[-74.3881387066966,39.3949654886996],[-74.3881345612473,39.3949165242173]]}},{"type":"Feature","id":369472,"properties":{"OBJECTID":369472,"PRIMENAME":"Unnamed Segment","ELEVTYP_F":0,"ELEVTYP_T":0},"geometry":{"type":"LineString","coordinates":[[-74.3882232279505,39.3950130332865],[-74.3884116894974,39.3950155004212],[-74.3885618652499,39.3951063607105],[-74.388814601392,39.3953062927071]]}},{"type":"Feature","id":369473,"properties":{"OBJECTID":369473,"PRIMENAME":"Bayshore Avenue","ELEVTYP_F":0,"ELEVTYP_T":0},"geometry":{"type":"LineString","coordinates":[[-74.3883108309439,39.395736036857],[-74.3882848706565,39.3957581834194],[-74.3880703789854,39.39594160614]]}},{"type":"Feature","id":369474,"properties":{"OBJECTID":369474,"PRIMENAME":"Unnamed Segment","ELEVTYP_F":0,"ELEVTYP_T":0},"geometry":{"type":"LineString","coordinates":[[-74.3939979808665,39.3875506623168],[-74.3928655034568,39.3867298383629],[-74.3931761273787,39.3864742438949],[-74.394307546635,39.3872866909162]]}},{"type":"Feature","id":369475,"properties":{"OBJECTID":369475,"PRIMENAME":"Unnamed Segment","ELEVTYP_F":0,"ELEVTYP_T":0},"geometry":{"type":"LineString","coordinates":[[-74.397401957073,39.3929335373995],[-74.3964829809051,39.3929587558011]]}},{"type":"Feature","id":369476,"properties":{"OBJECTID":369476,"PRIMENAME":"Unnamed Segment","ELEVTYP_F":0,"ELEVTYP_T":0},"geometry":{"type":"LineString","coordinates":[[-74.3964829809051,39.3929587558011],[-74.3957698492419,39.3929777648159],[-74.3952782712726,39.3929773234298],[-74.3952851439814,39.3926139109155],[-74.3963554626697,39.3921614132941],[-74.3973731614029,39.392145522558]]}},{"type":"Feature","id":369477,"properties":{"OBJECTID":369477,"PRIMENAME":"Harbor Beach Boulevard","ELEVTYP_F":0,"ELEVTYP_T":0},"geometry":{"type":"LineString","coordinates":[[-74.397401957073,39.3929335373995],[-74.3974087249519,39.3929747297345],[-74.3974161801045,39.3930158505725],[-74.3974243212805,39.3930568930102],[-74.3974331471144,39.3930978501574],[-74.3974426561256,39.3931387151382],[-74.397452846719,39.3931794810922],[-74.397463717185,39.3932201411757],[-74.3974752656998,39.3932606885625]]}},{"type":"Feature","id":369478,"properties":{"OBJECTID":369478,"PRIMENAME":"Harbor Beach Boulevard","ELEVTYP_F":0,"ELEVTYP_T":0},"geometry":{"type":"LineString","coordinates":[[-74.3973731614029,39.392145522558],[-74.3973766807301,39.3923971698831],[-74.3973720953202,39.3925491225327]]}},{"type":"Feature","id":369479,"properties":{"OBJECTID":369479,"PRIMENAME":"West Brigantine Avenue","ELEVTYP_F":0,"ELEVTYP_T":0},"geometry":{"type":"LineString","coordinates":[[-74.394307546635,39.3872866909162],[-74.3942423494454,39.3873422113579],[-74.394187914345,39.3873885668487],[-74.3939979808665,39.3875506623168]]}},{"type":"Feature","id":369480,"properties":{"OBJECTID":369480,"PRIMENAME":"Unnamed Segment","ELEVTYP_F":0,"ELEVTYP_T":0},"geometry":{"type":"LineString","coordinates":[[-74.3947314988668,39.3941887296918],[-74.3947067677841,39.3934566228624],[-74.3957938170425,39.3934257076061],[-74.3958137803557,39.3937686949773]]}},{"type":"Feature","id":369481,"properties":{"OBJECTID":369481,"PRIMENAME":"Amherst Avenue","ELEVTYP_F":0,"ELEVTYP_T":0},"geometry":{"type":"LineString","coordinates":[[-74.39524225988,39.3941759632565],[-74.3947314988668,39.3941887296918]]}},{"type":"Feature","id":369482,"properties":{"OBJECTID":369482,"PRIMENAME":"Amherst Avenue","ELEVTYP_F":0,"ELEVTYP_T":0},"geometry":{"type":"LineString","coordinates":[[-74.3920804774171,39.3943022660851],[-74.3909835849142,39.3943424039867]]}},{"type":"Feature","id":370179,"properties":{"OBJECTID":370179,"PRIMENAME":"Unnamed Segment","ELEVTYP_F":0,"ELEVTYP_T":0},"geometry":{"type":"LineString","coordinates":[[-74.4172986149774,39.3701008210959],[-74.417512844104,39.370436345739],[-74.4166385517555,39.370779608866],[-74.4164219973644,39.3704560121653]]}},{"type":"Feature","id":370182,"properties":{"OBJECTID":370182,"PRIMENAME":"37th Street South","ELEVTYP_F":0,"ELEVTYP_T":0},"geometry":{"type":"LineString","coordinates":[[-74.3920838506617,39.394738188111],[-74.3920804774171,39.3943022660851]]}},{"type":"Feature","id":370304,"properties":{"OBJECTID":370304,"PRIMENAME":"Ocean Drive West","ELEVTYP_F":0,"ELEVTYP_T":0},"geometry":{"type":"LineString","coordinates":[[-74.4088952317139,39.3799707569142],[-74.4085895310871,39.3795007889599],[-74.4084647049442,39.3793031673968]]}},{"type":"Feature","id":370341,"properties":{"OBJECTID":370341,"PRIMENAME":"Amherst Avenue","ELEVTYP_F":0,"ELEVTYP_T":0},"geometry":{"type":"LineString","coordinates":[[-74.3947314988668,39.3941887296918],[-74.3947183852512,39.3941890574301],[-74.393873336407,39.3942101765747],[-74.3936541676293,39.3942156533338]]}},{"type":"Feature","id":370799,"properties":{"OBJECTID":370799,"PRIMENAME":"Unnamed Segment","ELEVTYP_F":0,"ELEVTYP_T":0},"geometry":{"type":"LineString","coordinates":[[-74.3769619321368,39.3996518772728],[-74.3767154207337,39.3993855902363],[-74.3756966519934,39.3982638953058],[-74.3753956292712,39.3979304976646]]}},{"type":"Feature","id":370925,"properties":{"OBJECTID":370925,"PRIMENAME":"North Shore Drive","ELEVTYP_F":0,"ELEVTYP_T":0},"geometry":{"type":"LineString","coordinates":[[-74.3716506238123,39.4208968542527],[-74.3715357343024,39.4207079648337],[-74.3715216300396,39.42068595648],[-74.3715049537335,39.4206650581152],[-74.371485849272,39.4206454500531],[-74.3714644814926,39.4206273014747],[-74.3714299589022,39.4206042704471],[-74.3713973923968,39.4205795849543],[-74.3713669135318,39.4205533447177],[-74.3713386454293,39.4205256557387],[-74.3713270453424,39.4205111202131]]}},{"type":"Feature","id":371021,"properties":{"OBJECTID":371021,"PRIMENAME":"Unnamed Segment","ELEVTYP_F":0,"ELEVTYP_T":0},"geometry":{"type":"LineString","coordinates":[[-74.3753956292712,39.3979304976646],[-74.3748309600674,39.397305117716]]}},{"type":"Feature","id":371407,"properties":{"OBJECTID":371407,"PRIMENAME":"Harbor Beach Boulevard","ELEVTYP_F":0,"ELEVTYP_T":0},"geometry":{"type":"LineString","coordinates":[[-74.3977916430383,39.3867963639242],[-74.3978251289997,39.3867276674066],[-74.3978602083707,39.3866594514093],[-74.3978968697029,39.386591738186],[-74.3979351010318,39.3865245498264],[-74.3979748898811,39.3864579082488],[-74.3980162232665,39.3863918351932],[-74.3980590876997,39.3863263522139],[-74.3981034691933,39.3862614806728],[-74.3981000134004,39.386132157126]]}},{"type":"Feature","id":372084,"properties":{"OBJECTID":372084,"PRIMENAME":"41st Street South","ELEVTYP_F":0,"ELEVTYP_T":0},"geometry":{"type":"LineString","coordinates":[[-74.3916190572331,39.3895785078179],[-74.3902549108762,39.3886187683088]]}},{"type":"Feature","id":372335,"properties":{"OBJECTID":372335,"PRIMENAME":"West Beach Avenue","ELEVTYP_F":0,"ELEVTYP_T":0},"geometry":{"type":"LineString","coordinates":[[-74.3728559581598,39.4044213832851],[-74.3735970927543,39.4040092179657]]}},{"type":"Feature","id":372336,"properties":{"OBJECTID":372336,"PRIMENAME":"Bayshore Avenue","ELEVTYP_F":0,"ELEVTYP_T":0},"geometry":{"type":"LineString","coordinates":[[-74.3938714340658,39.3921408211504],[-74.3937340838965,39.3921998651316],[-74.3934894984529,39.3922944484624]]}},{"type":"Feature","id":372805,"properties":{"OBJECTID":372805,"PRIMENAME":"Lagoon Boulevard","ELEVTYP_F":0,"ELEVTYP_T":0},"geometry":{"type":"LineString","coordinates":[[-74.4035036465181,39.3892549269324],[-74.4036293544054,39.3891593728354],[-74.4037677227814,39.3890441969288],[-74.4039130357011,39.3889209544765],[-74.4040099422783,39.3888244969898],[-74.4041033663969,39.3887387453206],[-74.4042141084043,39.3886155010132],[-74.404217084782,39.3886121812943],[-74.4043865522467,39.3884449727113]]}},{"type":"Feature","id":373510,"properties":{"OBJECTID":373510,"PRIMENAME":"West Beach Avenue","ELEVTYP_F":0,"ELEVTYP_T":0},"geometry":{"type":"LineString","coordinates":[[-74.3690917355926,39.4064748545648],[-74.3696731177805,39.4061577529391],[-74.3698473185094,39.406062591735]]}},{"type":"Feature","id":373600,"properties":{"OBJECTID":373600,"PRIMENAME":"Lagoon Boulevard","ELEVTYP_F":0,"ELEVTYP_T":0},"geometry":{"type":"LineString","coordinates":[[-74.4043977548623,39.3852143283436],[-74.4046999037815,39.3849620578682],[-74.4049934516459,39.3847120586125]]}},{"type":"Feature","id":373850,"properties":{"OBJECTID":373850,"PRIMENAME":"East Shore Drive","ELEVTYP_F":0,"ELEVTYP_T":0},"geometry":{"type":"LineString","coordinates":[[-74.3712127303554,39.4210660665778],[-74.3710740313829,39.4211257350623],[-74.3710427657722,39.4211387294581],[-74.3710127345139,39.4211533708419],[-74.370984081599,39.4211695890131],[-74.3709569444098,39.4211873062107],[-74.3709314530617,39.4212064374865],[-74.3709077297789,39.4212268911121],[-74.3708858883088,39.4212485690188],[-74.3708660333762,39.4212713672677],[-74.3707898862179,39.4213261351164]]}},{"type":"Feature","id":374384,"properties":{"OBJECTID":374384,"PRIMENAME":"Quay Boulevard","ELEVTYP_F":0,"ELEVTYP_T":0},"geometry":{"type":"LineString","coordinates":[[-74.3627949079243,39.4127507617657],[-74.3623994312068,39.4127253641204]]}},{"type":"Feature","id":374567,"properties":{"OBJECTID":374567,"PRIMENAME":"Bayshore Avenue","ELEVTYP_F":0,"ELEVTYP_T":0},"geometry":{"type":"LineString","coordinates":[[-74.3956175697334,39.3915412992611],[-74.39596915274,39.3913976268285],[-74.3963980945749,39.3912263783423],[-74.3964606619944,39.3912210526273]]}},{"type":"Feature","id":374578,"properties":{"OBJECTID":374578,"PRIMENAME":"Pepper Cove Lane","ELEVTYP_F":0,"ELEVTYP_T":0},"geometry":{"type":"LineString","coordinates":[[-74.4076228851301,39.3779682949978],[-74.4079894326001,39.377819701865]]}},{"type":"Feature","id":374598,"properties":{"OBJECTID":374598,"PRIMENAME":"Unnamed Segment","ELEVTYP_F":0,"ELEVTYP_T":0},"geometry":{"type":"LineString","coordinates":[[-74.3864812220736,39.3907558212917],[-74.3859188993154,39.3902652993678]]}},{"type":"Feature","id":374601,"properties":{"OBJECTID":374601,"PRIMENAME":"41st Street South","ELEVTYP_F":0,"ELEVTYP_T":0},"geometry":{"type":"LineString","coordinates":[[-74.3929416707374,39.3905089249415],[-74.3916190572331,39.3895785078179]]}},{"type":"Feature","id":374602,"properties":{"OBJECTID":374602,"PRIMENAME":"Unnamed Segment","ELEVTYP_F":0,"ELEVTYP_T":0},"geometry":{"type":"LineString","coordinates":[[-74.3766955429438,39.4030873953139],[-74.3762988942931,39.4026478500938]]}},{"type":"Feature","id":374800,"properties":{"OBJECTID":374800,"PRIMENAME":"42nd Street South","ELEVTYP_F":0,"ELEVTYP_T":0},"geometry":{"type":"LineString","coordinates":[[-74.3955120455495,39.3914523960314],[-74.3956175697334,39.3915412992611]]}},{"type":"Feature","id":374801,"properties":{"OBJECTID":374801,"PRIMENAME":"Ocean Drive West","ELEVTYP_F":0,"ELEVTYP_T":0},"geometry":{"type":"LineString","coordinates":[[-74.4076228851301,39.3779682949978],[-74.4075861250374,39.3779098998417],[-74.4075137274762,39.3778133046703],[-74.4074412516385,39.3777488889093],[-74.4073860164204,39.377703266844],[-74.4073135124574,39.3776602946846],[-74.4072030204396,39.3776119377974],[-74.4070925072478,39.3775796700977],[-74.4070164939236,39.3775688735698],[-74.4069405096772,39.3775632944883]]}},{"type":"Feature","id":375327,"properties":{"OBJECTID":375327,"PRIMENAME":"Ocean Drive West","ELEVTYP_F":0,"ELEVTYP_T":0},"geometry":{"type":"LineString","coordinates":[[-74.4084331266979,39.3792531721137],[-74.4079998936055,39.3785671823953],[-74.4076228851301,39.3779682949978]]}},{"type":"Feature","id":375654,"properties":{"OBJECTID":375654,"PRIMENAME":"Bayshore Avenue","ELEVTYP_F":0,"ELEVTYP_T":0},"geometry":{"type":"LineString","coordinates":[[-74.3955120455495,39.3914523960314],[-74.3953741279361,39.3915099947551],[-74.3950854805009,39.3916365293946],[-74.3946563105141,39.3918144171545],[-74.3946184603921,39.3918301154311]]}},{"type":"Feature","id":375776,"properties":{"OBJECTID":375776,"PRIMENAME":"Harbor Beach Boulevard","ELEVTYP_F":0,"ELEVTYP_T":0},"geometry":{"type":"LineString","coordinates":[[-74.3976415400138,39.3871666764304],[-74.3976577955944,39.387119800864],[-74.3976747726646,39.387073079556],[-74.3976924687932,39.3870265191931],[-74.397710881446,39.386980126439],[-74.3977300079866,39.3869339079334],[-74.397749845676,39.386887870291],[-74.3977703916739,39.3868420201006],[-74.3977916430383,39.3867963639242]]}},{"type":"Feature","id":375778,"properties":{"OBJECTID":375778,"PRIMENAME":"Unnamed Segment","ELEVTYP_F":0,"ELEVTYP_T":0},"geometry":{"type":"LineString","coordinates":[[-74.3552836017031,39.4149522097977],[-74.3551984825606,39.4150199864176],[-74.3551444819836,39.4150629846683],[-74.3550974820324,39.4150979870991],[-74.3550384826869,39.4151349860473],[-74.35498282833,39.4151751239211],[-74.3549398952382,39.4151809436161],[-74.3548919324724,39.4151789263625],[-74.3548465147083,39.4151671196612],[-74.3548036355767,39.4151474827486],[-74.35476078375,39.4151141383716],[-74.3544810102298,39.4148924998818]]}},{"type":"Feature","id":375877,"properties":{"OBJECTID":375877,"PRIMENAME":"Ocean Drive West","ELEVTYP_F":0,"ELEVTYP_T":0},"geometry":{"type":"LineString","coordinates":[[-74.4084647049442,39.3793031673968],[-74.4084331266979,39.3792531721137]]}},{"type":"Feature","id":376100,"properties":{"OBJECTID":376100,"PRIMENAME":"Renaissance Cove","ELEVTYP_F":0,"ELEVTYP_T":0},"geometry":{"type":"LineString","coordinates":[[-74.4084647049442,39.3793031673968],[-74.408890553036,39.379149113264]]}},{"type":"Feature","id":376433,"properties":{"OBJECTID":376433,"PRIMENAME":"15th Street South","ELEVTYP_F":0,"ELEVTYP_T":0},"geometry":{"type":"LineString","coordinates":[[-74.3735827942679,39.4014996761333],[-74.3742360107472,39.402219965134]]}},{"type":"Feature","id":376457,"properties":{"OBJECTID":376457,"PRIMENAME":"West Beach Avenue","ELEVTYP_F":0,"ELEVTYP_T":0},"geometry":{"type":"LineString","coordinates":[[-74.3649504414315,39.4096373924602],[-74.3651776304747,39.4093827093026],[-74.3651830219954,39.4093766882871],[-74.3652367840482,39.4093043207224]]}},{"type":"Feature","id":376699,"properties":{"OBJECTID":376699,"PRIMENAME":"Sheridan Boulevard","ELEVTYP_F":0,"ELEVTYP_T":0},"geometry":{"type":"LineString","coordinates":[[-74.365311666566,39.4165674273044],[-74.3653119618327,39.4165702957949],[-74.3653579337005,39.4167409903388],[-74.3654423800287,39.4169865489464],[-74.3655500128808,39.4172141777274],[-74.3656499978246,39.4173879279074],[-74.3657693495502,39.4175407234072],[-74.3658618436333,39.4176156766877],[-74.3659428073959,39.4176666742369],[-74.3660391697287,39.4177176615371],[-74.3661587357766,39.417759725103],[-74.3662744657077,39.4177897854768],[-74.3662876648185,39.4177920733672]]}},{"type":"Feature","id":377091,"properties":{"OBJECTID":377091,"PRIMENAME":"44th Street","ELEVTYP_F":0,"ELEVTYP_T":0},"geometry":{"type":"LineString","coordinates":[[-74.3964829809051,39.3929587558011],[-74.3964814713908,39.392552772748]]}},{"type":"Feature","id":377206,"properties":{"OBJECTID":377206,"PRIMENAME":"Atlantic Brigantine Boulevard","ELEVTYP_F":0,"ELEVTYP_T":0},"geometry":{"type":"LineString","coordinates":[[-74.4169531264803,39.3880990380766],[-74.4165594770168,39.3883034923597],[-74.4162255083372,39.388467909665],[-74.415824215817,39.3886523202367],[-74.4155549811674,39.3887705999435]]}},{"type":"Feature","id":377245,"properties":{"OBJECTID":377245,"PRIMENAME":"Sheridan Boulevard","ELEVTYP_F":0,"ELEVTYP_T":0},"geometry":{"type":"LineString","coordinates":[[-74.3670434074025,39.4178163666476],[-74.3670964719923,39.417814642796],[-74.3672354334889,39.4178028577532],[-74.3674555006396,39.4177671955837],[-74.3675521023578,39.4177487995633]]}},{"type":"Feature","id":377324,"properties":{"OBJECTID":377324,"PRIMENAME":"East Evans Boulevard","ELEVTYP_F":0,"ELEVTYP_T":0},"geometry":{"type":"LineString","coordinates":[[-74.3638079940895,39.4113447052754],[-74.3638053751639,39.4113627686795],[-74.3637626449565,39.4114944545251],[-74.3636851988666,39.4116410367666],[-74.3636214601003,39.411729719811]]}},{"type":"Feature","id":377415,"properties":{"OBJECTID":377415,"PRIMENAME":"Harbor Beach Boulevard","ELEVTYP_F":0,"ELEVTYP_T":0},"geometry":{"type":"LineString","coordinates":[[-74.3976347160609,39.3932594768423],[-74.3976097288063,39.3931719218014],[-74.3975880311144,39.393083840342],[-74.3975696412986,39.3929953068565],[-74.3975545748779,39.3929063961187],[-74.3975428445644,39.3928171832209],[-74.3975344602525,39.3927277435102],[-74.3975294290107,39.392638152525],[-74.3975277550752,39.3925484859312]]}},{"type":"Feature","id":377446,"properties":{"OBJECTID":377446,"PRIMENAME":"Jenkins Parkway","ELEVTYP_F":0,"ELEVTYP_T":0},"geometry":{"type":"LineString","coordinates":[[-74.360573691544,39.4162915215586],[-74.3599996126669,39.4167150226494],[-74.3599893714439,39.4167239931061],[-74.3599812588243,39.4167341903115],[-74.3599755088429,39.4167453118788],[-74.3599722928699,39.416757031925],[-74.3599717068227,39.4167690073607],[-74.3599737653489,39.4167808832882],[-74.359978407596,39.4167923110245],[-74.3599806758525,39.4167957160775],[-74.3599854995169,39.4168029571117]]}},{"type":"Feature","id":377560,"properties":{"OBJECTID":377560,"PRIMENAME":"Lagoon Boulevard","ELEVTYP_F":0,"ELEVTYP_T":0},"geometry":{"type":"LineString","coordinates":[[-74.4043865522467,39.3884449727113],[-74.4044888778701,39.3883440710945],[-74.404671800822,39.3881162768727],[-74.4047990784849,39.3879315430694],[-74.4048708192641,39.3877344632359],[-74.4049028091395,39.3875496792913],[-74.4049031018177,39.3873340357692],[-74.4048318984025,39.3871614949703],[-74.4046338540557,39.3868286681377],[-74.4044311277525,39.386505091078]]}},{"type":"Feature","id":377829,"properties":{"OBJECTID":377829,"PRIMENAME":"33rd Street South","ELEVTYP_F":0,"ELEVTYP_T":0},"geometry":{"type":"LineString","coordinates":[[-74.3865775656535,39.3935396061773],[-74.3874796831988,39.3943411707992],[-74.3880628460793,39.39485352328]]}},{"type":"Feature","id":378403,"properties":{"OBJECTID":378403,"PRIMENAME":"West Beach Avenue","ELEVTYP_F":0,"ELEVTYP_T":0},"geometry":{"type":"LineString","coordinates":[[-74.3698473185094,39.406062591735],[-74.3705980755912,39.4056524607042]]}},{"type":"Feature","id":378437,"properties":{"OBJECTID":378437,"PRIMENAME":"Atlantic Brigantine Boulevard","ELEVTYP_F":0,"ELEVTYP_T":0},"geometry":{"type":"LineString","coordinates":[[-74.4155549811674,39.3887705999435],[-74.4150656816954,39.3889870964205],[-74.4144779938312,39.3892476679124],[-74.4135563418995,39.3896565846802],[-74.413158859945,39.3898322339249],[-74.4130075169316,39.3898991110332],[-74.4126849195059,39.3900440151929],[-74.4123783513469,39.3901817168807],[-74.4118761109341,39.390402225745],[-74.4111694158835,39.3907174114491],[-74.4109233411171,39.3908271593414],[-74.4104158855196,39.391051639439],[-74.4096397822374,39.3913964753951],[-74.4095226500826,39.3914485193432],[-74.409082525417,39.3916449300211],[-74.4081530226812,39.3920558019521],[-74.4081113697968,39.3920742454674],[-74.40691281716,39.3926049637973],[-74.4065187898243,39.3927810857606],[-74.4057425152981,39.3931280573964],[-74.4052686952777,39.3933404885238],[-74.4051709008867,39.3933836258507]]}},{"type":"Feature","id":378466,"properties":{"OBJECTID":378466,"PRIMENAME":"Lagoon Boulevard","ELEVTYP_F":0,"ELEVTYP_T":0},"geometry":{"type":"LineString","coordinates":[[-74.4065584202386,39.3835130598298],[-74.4066399499622,39.3834769921465],[-74.4068335414317,39.3834074348418],[-74.4072829712554,39.3832308088748],[-74.4079159026722,39.3829849977968],[-74.4079256373475,39.3829811887852]]}},{"type":"Feature","id":378641,"properties":{"OBJECTID":378641,"PRIMENAME":"North New Hampshire Avenue","ELEVTYP_F":0,"ELEVTYP_T":0},"geometry":{"type":"LineString","coordinates":[[-74.4147864720774,39.3711178674941],[-74.4147893323204,39.3711221799538],[-74.4152290999659,39.3717749543787],[-74.4154663465008,39.3721312207334],[-74.4156578132559,39.3724187407106]]}},{"type":"Feature","id":378828,"properties":{"OBJECTID":378828,"PRIMENAME":"East Beach Avenue","ELEVTYP_F":0,"ELEVTYP_T":0},"geometry":{"type":"LineString","coordinates":[[-74.3594789735883,39.412543440838],[-74.3595720596386,39.4124746923998]]}},{"type":"Feature","id":378835,"properties":{"OBJECTID":378835,"PRIMENAME":"East Beach Avenue","ELEVTYP_F":0,"ELEVTYP_T":0},"geometry":{"type":"LineString","coordinates":[[-74.3639667854295,39.410083375511],[-74.3640510670897,39.4100608774226],[-74.3641012096938,39.410046162861],[-74.3642402543381,39.410005361249],[-74.3642440769547,39.4100042406086],[-74.3644430346425,39.4099462366816]]}},{"type":"Feature","id":378957,"properties":{"OBJECTID":378957,"PRIMENAME":"Bobby Jones Road","ELEVTYP_F":0,"ELEVTYP_T":0},"geometry":{"type":"LineString","coordinates":[[-74.3793823855876,39.414599479165],[-74.3796095178758,39.4148718634765]]}},{"type":"Feature","id":379089,"properties":{"OBJECTID":379089,"PRIMENAME":"Roosevelt Boulevard","ELEVTYP_F":0,"ELEVTYP_T":0},"geometry":{"type":"LineString","coordinates":[[-74.3705409501382,39.4194534475886],[-74.3705262415867,39.4195398647847],[-74.3705212038515,39.4196413649273],[-74.3705887799119,39.4197955255622],[-74.3707627277731,39.4200852198278],[-74.3709028196406,39.4203259484066],[-74.371012415473,39.42054507875]]}},{"type":"Feature","id":379113,"properties":{"OBJECTID":379113,"PRIMENAME":"South Roosevelt Boulevard","ELEVTYP_F":0,"ELEVTYP_T":0},"geometry":{"type":"LineString","coordinates":[[-74.3648281817435,39.4100080500997],[-74.3656337867343,39.4107486340448]]}},{"type":"Feature","id":379127,"properties":{"OBJECTID":379127,"PRIMENAME":"Lagoon Boulevard","ELEVTYP_F":0,"ELEVTYP_T":0},"geometry":{"type":"LineString","coordinates":[[-74.4102857222255,39.3820842404798],[-74.4106658876298,39.3819418677904]]}},{"type":"Feature","id":379231,"properties":{"OBJECTID":379231,"PRIMENAME":"Sterling Place","ELEVTYP_F":0,"ELEVTYP_T":0},"geometry":{"type":"LineString","coordinates":[[-74.3796095178758,39.4148718634765],[-74.3799427300253,39.4152714517324],[-74.3801347838722,39.4155257872736],[-74.3804085714688,39.4159041440963],[-74.3805989558683,39.416205098065]]}},{"type":"Feature","id":379235,"properties":{"OBJECTID":379235,"PRIMENAME":"Lagoon Boulevard","ELEVTYP_F":0,"ELEVTYP_T":0},"geometry":{"type":"LineString","coordinates":[[-74.4088084058982,39.3826395002005],[-74.4095936550909,39.3823537953392],[-74.4101734070935,39.3821262998478],[-74.4102857222255,39.3820842404798]]}},{"type":"Feature","id":379658,"properties":{"OBJECTID":379658,"PRIMENAME":"West Beach Avenue","ELEVTYP_F":0,"ELEVTYP_T":0},"geometry":{"type":"LineString","coordinates":[[-74.3743459733485,39.4035946943527],[-74.3744125126863,39.4035525933234],[-74.3746364568192,39.4034600314565],[-74.3748527169661,39.4033884108572],[-74.3750558672746,39.4033456320868]]}},{"type":"Feature","id":379778,"properties":{"OBJECTID":379778,"PRIMENAME":"South Roosevelt Boulevard","ELEVTYP_F":0,"ELEVTYP_T":0},"geometry":{"type":"LineString","coordinates":[[-74.364350004972,39.40933203654],[-74.3643487682417,39.409330855048],[-74.3637775181565,39.4087802887442],[-74.3628719070915,39.4079268655721]]}},{"type":"Feature","id":380157,"properties":{"OBJECTID":380157,"PRIMENAME":"Harbor Beach Boulevard","ELEVTYP_F":0,"ELEVTYP_T":0},"geometry":{"type":"LineString","coordinates":[[-74.3973720953202,39.3925491225327],[-74.39737256707,39.3925972887643],[-74.3973739716823,39.3926454440547],[-74.3973763088417,39.3926935775268],[-74.3973795780224,39.3927416783086],[-74.3973837784878,39.3927897355353],[-74.397388909291,39.392837738352],[-74.397394969275,39.3928856759161],[-74.397401957073,39.3929335373995]]}},{"type":"Feature","id":380164,"properties":{"OBJECTID":380164,"PRIMENAME":"Ocean Avenue","ELEVTYP_F":0,"ELEVTYP_T":0},"geometry":{"type":"LineString","coordinates":[[-74.3861457287269,39.3910048884547],[-74.3864812220736,39.3907558212917]]}},{"type":"Feature","id":380240,"properties":{"OBJECTID":380240,"PRIMENAME":"Atlantic Brigantine Boulevard","ELEVTYP_F":0,"ELEVTYP_T":0},"geometry":{"type":"LineString","coordinates":[[-74.418687913913,39.3871273575526],[-74.4185257907513,39.3872171922643],[-74.4179731685162,39.3875314841309],[-74.4173828354687,39.3878643896501],[-74.4169763732024,39.38808696586],[-74.4169531264803,39.3880990380766]]}},{"type":"Feature","id":380348,"properties":{"OBJECTID":380348,"PRIMENAME":"North New Hampshire Avenue","ELEVTYP_F":0,"ELEVTYP_T":0},"geometry":{"type":"LineString","coordinates":[[-74.4169917440517,39.3743650475921],[-74.4170430416177,39.3744388990241],[-74.4171732366259,39.3746263389583],[-74.4172903265231,39.374794910127],[-74.4174408971602,39.3750116810013]]}},{"type":"Feature","id":380399,"properties":{"OBJECTID":380399,"PRIMENAME":"Jenkins Parkway","ELEVTYP_F":0,"ELEVTYP_T":0},"geometry":{"type":"LineString","coordinates":[[-74.3599854995169,39.4168029571117],[-74.3599989492126,39.416809245571],[-74.360013601234,39.4168136248779],[-74.3600290098835,39.4168159656813],[-74.3600447107682,39.4168161953581],[-74.3600602254293,39.4168143061263],[-74.3600750787607,39.4168103559666],[-74.3600888245639,39.4168044659506],[-74.3601010409192,39.4167968121282],[-74.360670983053,39.4163710418772]]}},{"type":"Feature","id":380624,"properties":{"OBJECTID":380624,"PRIMENAME":"North Roosevelt Boulevard","ELEVTYP_F":0,"ELEVTYP_T":0},"geometry":{"type":"LineString","coordinates":[[-74.3663907573934,39.411461562239],[-74.3672275600774,39.4122574691855]]}},{"type":"Feature","id":380997,"properties":{"OBJECTID":380997,"PRIMENAME":"Harbor Beach Boulevard","ELEVTYP_F":0,"ELEVTYP_T":0},"geometry":{"type":"LineString","coordinates":[[-74.4066134757611,39.380828972253],[-74.4065007978843,39.3808774244192],[-74.4060355527486,39.3811175973601],[-74.4052668650318,39.3815300595013],[-74.4049229436508,39.381707588227],[-74.4048252525446,39.3817642609531]]}},{"type":"Feature","id":381096,"properties":{"OBJECTID":381096,"PRIMENAME":"West Beach Avenue","ELEVTYP_F":0,"ELEVTYP_T":0},"geometry":{"type":"LineString","coordinates":[[-74.3683336994593,39.4068883726015],[-74.3690917355926,39.4064748545648]]}},{"type":"Feature","id":381136,"properties":{"OBJECTID":381136,"PRIMENAME":"Atlantic Brigantine Boulevard","ELEVTYP_F":0,"ELEVTYP_T":1},"geometry":{"type":"LineString","coordinates":[[-74.421432959039,39.3855743927867],[-74.4206793616962,39.3860035054195],[-74.4196052436822,39.386606979033],[-74.4191795603346,39.3868488782918]]}},{"type":"Feature","id":381137,"properties":{"OBJECTID":381137,"PRIMENAME":"Harbor Beach Boulevard","ELEVTYP_F":0,"ELEVTYP_T":0},"geometry":{"type":"LineString","coordinates":[[-74.4038313699155,39.3822950040644],[-74.4035442451792,39.3824435327282]]}},{"type":"Feature","id":381203,"properties":{"OBJECTID":381203,"PRIMENAME":"East Beach Avenue","ELEVTYP_F":0,"ELEVTYP_T":0},"geometry":{"type":"LineString","coordinates":[[-74.3565622671467,39.4149967678366],[-74.3565816035741,39.414940369127],[-74.3566435885645,39.4147997314542],[-74.3567094468015,39.4146860603807],[-74.3567752619048,39.4145933652594],[-74.3568062388975,39.4145574344194]]}},{"type":"Feature","id":381603,"properties":{"OBJECTID":381603,"PRIMENAME":"Amherst Avenue","ELEVTYP_F":0,"ELEVTYP_T":0},"geometry":{"type":"LineString","coordinates":[[-74.3965316405092,39.3941387643381],[-74.3961254324335,39.3941520171646],[-74.395471855464,39.3941702118223],[-74.39524225988,39.3941759632565]]}},{"type":"Feature","id":381791,"properties":{"OBJECTID":381791,"PRIMENAME":"Atlantic Brigantine Boulevard","ELEVTYP_F":0,"ELEVTYP_T":0},"geometry":{"type":"LineString","coordinates":[[-74.3981012784576,39.3944827757918],[-74.3978895467087,39.3944927773673],[-74.3973202609532,39.3945083377203],[-74.3972027731926,39.3945112823028]]}},{"type":"Feature","id":381795,"properties":{"OBJECTID":381795,"PRIMENAME":"Harbor Beach Boulevard","ELEVTYP_F":0,"ELEVTYP_T":0},"geometry":{"type":"LineString","coordinates":[[-74.3981942768459,39.3945779118469],[-74.3982658714403,39.3944750125603]]}},{"type":"Feature","id":381822,"properties":{"OBJECTID":381822,"PRIMENAME":"West Beach Avenue","ELEVTYP_F":0,"ELEVTYP_T":0},"geometry":{"type":"LineString","coordinates":[[-74.3668355201072,39.4077091545636],[-74.3669846095303,39.4076275323045],[-74.3675827723986,39.4072994507813]]}},{"type":"Feature","id":381951,"properties":{"OBJECTID":381951,"PRIMENAME":"West Brigantine Avenue","ELEVTYP_F":0,"ELEVTYP_T":0},"geometry":{"type":"LineString","coordinates":[[-74.3947066547179,39.3869468213214],[-74.3944388624397,39.3871748661561],[-74.394307546635,39.3872866909162]]}},{"type":"Feature","id":382014,"properties":{"OBJECTID":382014,"PRIMENAME":"West Beach Avenue","ELEVTYP_F":0,"ELEVTYP_T":0},"geometry":{"type":"LineString","coordinates":[[-74.3652367840482,39.4093043207224],[-74.3652874224769,39.4092360950041],[-74.3653842406791,39.4090805557585],[-74.3654500966367,39.4089578742969],[-74.36552266342,39.4087503324248]]}},{"type":"Feature","id":382255,"properties":{"OBJECTID":382255,"PRIMENAME":"Harbor Beach Boulevard","ELEVTYP_F":0,"ELEVTYP_T":0},"geometry":{"type":"LineString","coordinates":[[-74.3973600573666,39.3912085328715],[-74.3973731614029,39.392145522558]]}},{"type":"Feature","id":382363,"properties":{"OBJECTID":382363,"PRIMENAME":"Unnamed Segment","ELEVTYP_F":0,"ELEVTYP_T":0},"geometry":{"type":"LineString","coordinates":[[-74.3903414496607,39.3941626072274],[-74.3893814515018,39.3933131536177],[-74.3883662367132,39.3924200644026],[-74.3882981441865,39.392360391028]]}},{"type":"Feature","id":382421,"properties":{"OBJECTID":382421,"PRIMENAME":"Atlantic Brigantine Boulevard","ELEVTYP_F":0,"ELEVTYP_T":0},"geometry":{"type":"LineString","coordinates":[[-74.4026069600258,39.39418439302],[-74.4024779774833,39.3942096002855],[-74.4021130192762,39.3942735418821],[-74.4019820758595,39.3942910360644],[-74.4017247929359,39.3943254099234],[-74.4014323121674,39.3943592903883],[-74.4010234147981,39.3943890634697],[-74.4005498398835,39.3944127660829],[-74.4000193369927,39.3944303779743],[-74.3994034427825,39.3944499179409],[-74.3989819146121,39.3944574005446],[-74.398433014037,39.3944671414234],[-74.3982658714403,39.3944750125603]]}},{"type":"Feature","id":382859,"properties":{"OBJECTID":382859,"PRIMENAME":"East Beach Avenue","ELEVTYP_F":0,"ELEVTYP_T":0},"geometry":{"type":"LineString","coordinates":[[-74.3595720596386,39.4124746923998],[-74.3598518863721,39.4122681176246],[-74.3599006258731,39.4122327307062],[-74.3602163150127,39.4120035187555]]}},{"type":"Feature","id":383172,"properties":{"OBJECTID":383172,"PRIMENAME":"East Beach Avenue","ELEVTYP_F":0,"ELEVTYP_T":0},"geometry":{"type":"LineString","coordinates":[[-74.35893179176,39.4129474869083],[-74.359148444611,39.4127875086258],[-74.3594789735883,39.412543440838]]}},{"type":"Feature","id":383237,"properties":{"OBJECTID":383237,"PRIMENAME":"Bayshore Avenue","ELEVTYP_F":0,"ELEVTYP_T":0},"geometry":{"type":"LineString","coordinates":[[-74.3930776133459,39.3924794301221],[-74.3926768313846,39.3926448713027]]}},{"type":"Feature","id":383350,"properties":{"OBJECTID":383350,"PRIMENAME":"Evans Boulevard","ELEVTYP_F":0,"ELEVTYP_T":0},"geometry":{"type":"LineString","coordinates":[[-74.3649610536224,39.4099156488508],[-74.3649729273995,39.409899669594],[-74.3649832529355,39.4098830557727],[-74.3649919742255,39.4098658975002],[-74.3649990439666,39.4098482878432],[-74.3650044238138,39.4098303223162],[-74.3650080845881,39.4098120983642],[-74.365010006435,39.4097937148336],[-74.3650101789316,39.4097752714364],[-74.3650086011438,39.4097568682093],[-74.3650052816308,39.4097386049708],[-74.3650002383989,39.4097205807802],[-74.3649934988037,39.4097028934002],[-74.3649850994019,39.4096856387665],[-74.3649750857527,39.4096689104674],[-74.3649635121707,39.4096527992364],[-74.3649504414315,39.4096373924602]]}},{"type":"Feature","id":383564,"properties":{"OBJECTID":383564,"PRIMENAME":"42nd Street South","ELEVTYP_F":0,"ELEVTYP_T":0},"geometry":{"type":"LineString","coordinates":[[-74.3922098930499,39.3890741230929],[-74.3932844587183,39.389819763885],[-74.3938920785698,39.3902616292163],[-74.3949818384205,39.3910057060559],[-74.3954863536746,39.3914007118166],[-74.3955120455495,39.3914523960314]]}},{"type":"Feature","id":383648,"properties":{"OBJECTID":383648,"PRIMENAME":"Lagoon Boulevard","ELEVTYP_F":0,"ELEVTYP_T":0},"geometry":{"type":"LineString","coordinates":[[-74.4041094388269,39.3859303242687],[-74.4040953027387,39.3858917905743],[-74.4041034626841,39.3856946596254],[-74.4041672686704,39.3854790674616],[-74.4042945343821,39.3853005397645],[-74.4043977548623,39.3852143283436]]}},{"type":"Feature","id":383814,"properties":{"OBJECTID":383814,"PRIMENAME":"Bayshore Avenue","ELEVTYP_F":0,"ELEVTYP_T":0},"geometry":{"type":"LineString","coordinates":[[-74.388814601392,39.3953062927071],[-74.3883108309439,39.395736036857]]}},{"type":"Feature","id":383850,"properties":{"OBJECTID":383850,"PRIMENAME":"Bayshore Avenue","ELEVTYP_F":0,"ELEVTYP_T":0},"geometry":{"type":"LineString","coordinates":[[-74.3926768313846,39.3926448713027],[-74.3925180952898,39.3927118283993],[-74.3923417860816,39.3927928819217],[-74.3923266444753,39.3928597247064],[-74.3923215447471,39.3928625485127]]}},{"type":"Feature","id":384118,"properties":{"OBJECTID":384118,"PRIMENAME":"East Beach Avenue","ELEVTYP_F":0,"ELEVTYP_T":0},"geometry":{"type":"LineString","coordinates":[[-74.3608649158074,39.4115326493662],[-74.3611155899215,39.4113506375272],[-74.3615157024251,39.4110607078667]]}},{"type":"Feature","id":384246,"properties":{"OBJECTID":384246,"PRIMENAME":"West Brigantine Avenue","ELEVTYP_F":0,"ELEVTYP_T":0},"geometry":{"type":"LineString","coordinates":[[-74.3965520167013,39.3857874744655],[-74.3964697473862,39.3858000483775],[-74.3963882033771,39.3858152026745],[-74.3963075190155,39.3858329123902],[-74.3962278272266,39.3858531483486],[-74.3961492593008,39.3858758772114],[-74.3960719446776,39.3859010615336],[-74.3959960107318,39.3859286598248],[-74.3959215825641,39.3859586266174],[-74.3958487827949,39.385990912542],[-74.3957777313625,39.3860254644082],[-74.3957085453251,39.3860622252925],[-74.3956413386684,39.3861011346321],[-74.3955762221176,39.3861421283244],[-74.3955133029552,39.3861851388328],[-74.3954526848438,39.386230095298],[-74.3953944676558,39.3862769236544],[-74.3952514995473,39.3863876652629],[-74.3952544387808,39.3864808553186]]}},{"type":"Feature","id":384321,"properties":{"OBJECTID":384321,"PRIMENAME":"East Beach Avenue","ELEVTYP_F":0,"ELEVTYP_T":0},"geometry":{"type":"LineString","coordinates":[[-74.3615157024251,39.4110607078667],[-74.3616682962108,39.4109501295793],[-74.3621719118697,39.4105814374856]]}},{"type":"Feature","id":384373,"properties":{"OBJECTID":384373,"PRIMENAME":"East Beach Avenue","ELEVTYP_F":0,"ELEVTYP_T":0},"geometry":{"type":"LineString","coordinates":[[-74.3621719118697,39.4105814374856],[-74.3622479431961,39.4105257634254],[-74.3623638713533,39.4104480614825],[-74.362514538895,39.4103614221934],[-74.36265357918,39.4103017317696],[-74.3628234777594,39.4102450421047],[-74.3629604150315,39.4102112126435]]}},{"type":"Feature","id":384508,"properties":{"OBJECTID":384508,"PRIMENAME":"Unnamed Segment","ELEVTYP_F":0,"ELEVTYP_T":0},"geometry":{"type":"LineString","coordinates":[[-74.3781389900788,39.4009437659452],[-74.3778268137983,39.4006012748522],[-74.3771301709145,39.39983365247],[-74.3769619321368,39.3996518772728]]}},{"type":"Feature","id":384520,"properties":{"OBJECTID":384520,"PRIMENAME":"Atlantic Brigantine Boulevard","ELEVTYP_F":0,"ELEVTYP_T":0},"geometry":{"type":"LineString","coordinates":[[-74.3920838506617,39.394738188111],[-74.3917286944336,39.3947477526019],[-74.3917122961217,39.3947481940493],[-74.3915220271017,39.3947535027129],[-74.3910000956326,39.3947680610731]]}},{"type":"Feature","id":384614,"properties":{"OBJECTID":384614,"PRIMENAME":"East Evans Boulevard","ELEVTYP_F":0,"ELEVTYP_T":0},"geometry":{"type":"LineString","coordinates":[[-74.3623994312068,39.4127253641204],[-74.3615639267062,39.4133614527078]]}},{"type":"Feature","id":384666,"properties":{"OBJECTID":384666,"PRIMENAME":"Harbor Beach Boulevard","ELEVTYP_F":0,"ELEVTYP_T":0},"geometry":{"type":"LineString","coordinates":[[-74.4027044490999,39.3828810675716],[-74.4025971197826,39.3829371214103],[-74.4021268064756,39.3831888056003],[-74.4018851587572,39.3833124593028],[-74.401811301763,39.3833502867006]]}},{"type":"Feature","id":384672,"properties":{"OBJECTID":384672,"PRIMENAME":"Harbor Beach Boulevard","ELEVTYP_F":0,"ELEVTYP_T":0},"geometry":{"type":"LineString","coordinates":[[-74.4029502769197,39.382752679206],[-74.4027044490999,39.3828810675716]]}},{"type":"Feature","id":384939,"properties":{"OBJECTID":384939,"PRIMENAME":"North New Hampshire Avenue","ELEVTYP_F":0,"ELEVTYP_T":0},"geometry":{"type":"LineString","coordinates":[[-74.4156578132559,39.3724187407106],[-74.4158965930258,39.3727572964842],[-74.4161154659801,39.3730676250111],[-74.4161257475667,39.3730824453005],[-74.4163444240421,39.3733976700278],[-74.4165613552515,39.3737103771214]]}},{"type":"Feature","id":384947,"properties":{"OBJECTID":384947,"PRIMENAME":"Atlantic Brigantine Boulevard","ELEVTYP_F":0,"ELEVTYP_T":0},"geometry":{"type":"LineString","coordinates":[[-74.3972027731926,39.3945112823028],[-74.3962359421847,39.3945354916877],[-74.3952741278748,39.3945653816273]]}},{"type":"Feature","id":385153,"properties":{"OBJECTID":385153,"PRIMENAME":"Ocean Avenue","ELEVTYP_F":0,"ELEVTYP_T":0},"geometry":{"type":"LineString","coordinates":[[-74.3864812220736,39.3907558212917],[-74.3865880741524,39.3906764727196],[-74.3867942598694,39.39052332863]]}},{"type":"Feature","id":385887,"properties":{"OBJECTID":385887,"PRIMENAME":"South Roosevelt Boulevard","ELEVTYP_F":0,"ELEVTYP_T":0},"geometry":{"type":"LineString","coordinates":[[-74.3656337867343,39.4107486340448],[-74.3657490051479,39.4108545841914]]}},{"type":"Feature","id":386026,"properties":{"OBJECTID":386026,"PRIMENAME":"Harbor Beach Boulevard","ELEVTYP_F":0,"ELEVTYP_T":0},"geometry":{"type":"LineString","coordinates":[[-74.4035442451792,39.3824435327282],[-74.4033301690086,39.3825542731236],[-74.4029502769197,39.382752679206]]}},{"type":"Feature","id":386252,"properties":{"OBJECTID":386252,"PRIMENAME":"Amherst Avenue","ELEVTYP_F":0,"ELEVTYP_T":0},"geometry":{"type":"LineString","coordinates":[[-74.397186259466,39.3941174028252],[-74.3967049207374,39.3941331108132],[-74.3965316405092,39.3941387643381]]}},{"type":"Feature","id":386466,"properties":{"OBJECTID":386466,"PRIMENAME":"West Beach Avenue","ELEVTYP_F":0,"ELEVTYP_T":0},"geometry":{"type":"LineString","coordinates":[[-74.3660862629475,39.4081261549056],[-74.3662970157581,39.4080039143765],[-74.3668355201072,39.4077091545636]]}},{"type":"Feature","id":387769,"properties":{"OBJECTID":387769,"PRIMENAME":"East Shore Drive","ELEVTYP_F":0,"ELEVTYP_T":0},"geometry":{"type":"LineString","coordinates":[[-74.3710660582015,39.4207834754444],[-74.3710697281504,39.4207979311455],[-74.3710739304593,39.4208122993808],[-74.37107866168,39.4208265683591],[-74.37108391793,39.4208407263704],[-74.3710896948959,39.4208547617957],[-74.3710959878374,39.4208686631169],[-74.3711027915902,39.4208824189256],[-74.3711101005711,39.4208960179331],[-74.3712127303554,39.4210660665778]]}},{"type":"Feature","id":387867,"properties":{"OBJECTID":387867,"PRIMENAME":"32nd Street South","ELEVTYP_F":0,"ELEVTYP_T":0},"geometry":{"type":"LineString","coordinates":[[-74.3875874704559,39.3955178880004],[-74.3877679925814,39.3956780621474],[-74.3880703789854,39.39594160614]]}},{"type":"Feature","id":390099,"properties":{"OBJECTID":390099,"PRIMENAME":"South Roosevelt Boulevard","ELEVTYP_F":0,"ELEVTYP_T":0},"geometry":{"type":"LineString","coordinates":[[-74.3657490051479,39.4108545841914],[-74.3662957977206,39.4113663708706],[-74.3663907573934,39.411461562239]]}},{"type":"Feature","id":390103,"properties":{"OBJECTID":390103,"PRIMENAME":"Sterling Place","ELEVTYP_F":0,"ELEVTYP_T":0},"geometry":{"type":"LineString","coordinates":[[-74.3805989558683,39.416205098065],[-74.3806699842389,39.416317412499],[-74.3807516343846,39.4164699621244],[-74.3808210067084,39.4166193958538],[-74.3808984723945,39.4168386327494],[-74.3809514079537,39.4170166049389],[-74.3809920253791,39.4171945644987],[-74.3810163249368,39.4173724794261],[-74.3810623935981,39.4176963201419]]}},{"type":"Feature","id":395214,"properties":{"OBJECTID":395214,"PRIMENAME":"Lagoon Boulevard","ELEVTYP_F":0,"ELEVTYP_T":0},"geometry":{"type":"LineString","coordinates":[[-74.3973482720523,39.3903645072441],[-74.3975039031153,39.3904063507959]]}},{"type":"Feature","id":396234,"properties":{"OBJECTID":396234,"PRIMENAME":"Atlantic Brigantine Boulevard","ELEVTYP_F":0,"ELEVTYP_T":0},"geometry":{"type":"LineString","coordinates":[[-74.3952741278748,39.3945653816273],[-74.3947298218685,39.3945823255117],[-74.3943390658307,39.39459399706],[-74.3941526703683,39.3946500585376]]}},{"type":"Feature","id":396675,"properties":{"OBJECTID":396675,"PRIMENAME":"12th Street North","ELEVTYP_F":0,"ELEVTYP_T":0},"geometry":{"type":"LineString","coordinates":[[-74.3599854995169,39.4168029571117],[-74.359936055078,39.4167619084738],[-74.3596905551775,39.4165582425421],[-74.3586536229236,39.4157136903458],[-74.3586088599585,39.4156773435987],[-74.3585164367801,39.4156022972411]]}},{"type":"Feature","id":397014,"properties":{"OBJECTID":397014,"PRIMENAME":"Bayshore Avenue","ELEVTYP_F":0,"ELEVTYP_T":0},"geometry":{"type":"LineString","coordinates":[[-74.3892708083199,39.3949192568468],[-74.3892047615323,39.3949734755207],[-74.388814601392,39.3953062927071]]}},{"type":"Feature","id":398571,"properties":{"OBJECTID":398571,"PRIMENAME":"West Beach Avenue","ELEVTYP_F":0,"ELEVTYP_T":0},"geometry":{"type":"LineString","coordinates":[[-74.371342623967,39.4052457770102],[-74.3721063969922,39.4048307628182]]}},{"type":"Feature","id":399073,"properties":{"OBJECTID":399073,"PRIMENAME":"Harbor Beach Boulevard","ELEVTYP_F":0,"ELEVTYP_T":0},"geometry":{"type":"LineString","coordinates":[[-74.401811301763,39.3833502867006],[-74.4017188204321,39.3833976261459],[-74.4014248665604,39.3835555824233],[-74.4011689439317,39.3836894367728],[-74.4009856392349,39.3837858175949],[-74.4009666198484,39.3838004359001]]}},{"type":"Feature","id":399143,"properties":{"OBJECTID":399143,"PRIMENAME":"7th Street North","ELEVTYP_F":0,"ELEVTYP_T":0},"geometry":{"type":"LineString","coordinates":[[-74.3602163150127,39.4120035187555],[-74.3609772181311,39.4126239294152]]}},{"type":"Feature","id":399179,"properties":{"OBJECTID":399179,"PRIMENAME":"East Shore Drive","ELEVTYP_F":0,"ELEVTYP_T":0},"geometry":{"type":"LineString","coordinates":[[-74.371012415473,39.42054507875],[-74.371034441793,39.4205984899752],[-74.3710415681975,39.4206140964902],[-74.3710477259045,39.4206299490783],[-74.3710529008722,39.4206460115913],[-74.3710570812995,39.4206622474024],[-74.3710602576533,39.4206786194894],[-74.3710624226899,39.4206950905196],[-74.3710635714718,39.4207116229345],[-74.3710637013785,39.4207281790355],[-74.3710660582015,39.4207834754444]]}},{"type":"Feature","id":399188,"properties":{"OBJECTID":399188,"PRIMENAME":"Unnamed Segment","ELEVTYP_F":0,"ELEVTYP_T":0},"geometry":{"type":"LineString","coordinates":[[-74.3758777987227,39.4021809551646],[-74.3754444483394,39.4017006064807],[-74.3747043039715,39.400887263249]]}},{"type":"Feature","id":399228,"properties":{"OBJECTID":399228,"PRIMENAME":"North New Hampshire Avenue","ELEVTYP_F":0,"ELEVTYP_T":0},"geometry":{"type":"LineString","coordinates":[[-74.4129791123066,39.3682354451388],[-74.4129760694652,39.3683793712999],[-74.4131530684678,39.3686451005129],[-74.4135264495024,39.3692056505858],[-74.4139199849065,39.3698088369498],[-74.4139210436719,39.3698104573857]]}},{"type":"Feature","id":399264,"properties":{"OBJECTID":399264,"PRIMENAME":"East Beach Avenue","ELEVTYP_F":0,"ELEVTYP_T":0},"geometry":{"type":"LineString","coordinates":[[-74.3582994517533,39.4134166906078],[-74.3586537332068,39.4131527437195],[-74.35893179176,39.4129474869083]]}},{"type":"Feature","id":399359,"properties":{"OBJECTID":399359,"PRIMENAME":"Unnamed Segment","ELEVTYP_F":0,"ELEVTYP_T":0},"geometry":{"type":"LineString","coordinates":[[-74.3793651293432,39.4023057334616],[-74.3792625825872,39.4021902432649],[-74.3790097215145,39.4019054602248]]}},{"type":"Feature","id":399434,"properties":{"OBJECTID":399434,"PRIMENAME":"Unnamed Segment","ELEVTYP_F":0,"ELEVTYP_T":0},"geometry":{"type":"LineString","coordinates":[[-74.3747043039715,39.400887263249],[-74.374389424824,39.4005412739201],[-74.3732288372509,39.3992440396623]]}},{"type":"Feature","id":399480,"properties":{"OBJECTID":399480,"PRIMENAME":"Bayshore Avenue","ELEVTYP_F":0,"ELEVTYP_T":0},"geometry":{"type":"LineString","coordinates":[[-74.3973587783769,39.3911155912286],[-74.3966103640768,39.3911089707112],[-74.3964679727088,39.3911107934435],[-74.3964617793762,39.3911114743458]]}},{"type":"Feature","id":399722,"properties":{"OBJECTID":399722,"PRIMENAME":"West Brigantine Avenue","ELEVTYP_F":0,"ELEVTYP_T":0},"geometry":{"type":"LineString","coordinates":[[-74.391913624137,39.3893270537058],[-74.3916190572331,39.3895785078179]]}},{"type":"Feature","id":399940,"properties":{"OBJECTID":399940,"PRIMENAME":"Lagoon Boulevard","ELEVTYP_F":0,"ELEVTYP_T":0},"geometry":{"type":"LineString","coordinates":[[-74.3992854337893,39.3903604610606],[-74.3992970050532,39.3903600873328],[-74.3996328188758,39.3903492849701],[-74.400116647431,39.3903362748047],[-74.4004760730312,39.3903178298308],[-74.4005994008773,39.3903084903125]]}},{"type":"Feature","id":399945,"properties":{"OBJECTID":399945,"PRIMENAME":"Quay Boulevard","ELEVTYP_F":0,"ELEVTYP_T":0},"geometry":{"type":"LineString","coordinates":[[-74.3583589001187,39.4124806902757],[-74.3575410427605,39.4124369486713],[-74.35729293675,39.4124236784698],[-74.3571771757231,39.4124145302067],[-74.3571116252854,39.4123964661245],[-74.3570833724564,39.4123858172824],[-74.3569784629571,39.4123462765132]]}},{"type":"Feature","id":399985,"properties":{"OBJECTID":399985,"PRIMENAME":"14th Street South","ELEVTYP_F":0,"ELEVTYP_T":0},"geometry":{"type":"LineString","coordinates":[[-74.3742373014624,39.4034718975406],[-74.3738578265771,39.4030430866517],[-74.3734998800423,39.4026520460406]]}},{"type":"Feature","id":400079,"properties":{"OBJECTID":400079,"PRIMENAME":"West Beach Avenue","ELEVTYP_F":0,"ELEVTYP_T":0},"geometry":{"type":"LineString","coordinates":[[-74.3705980755912,39.4056524607042],[-74.3713301895466,39.4052525444987],[-74.371342623967,39.4052457770102]]}},{"type":"Feature","id":400239,"properties":{"OBJECTID":400239,"PRIMENAME":"12th Street North","ELEVTYP_F":0,"ELEVTYP_T":0},"geometry":{"type":"LineString","coordinates":[[-74.3570141857123,39.4143697525257],[-74.356767181648,39.4141653920921],[-74.3561276168833,39.4136425726446],[-74.3557010910756,39.4132828320339]]}},{"type":"Feature","id":400393,"properties":{"OBJECTID":400393,"PRIMENAME":"Atlantic Brigantine Boulevard","ELEVTYP_F":0,"ELEVTYP_T":0},"geometry":{"type":"LineString","coordinates":[[-74.3896397242104,39.3946438613302],[-74.3895879794272,39.3946277500034],[-74.3895388463392,39.3946156497108],[-74.3894793319326,39.3946115846179],[-74.3894197997098,39.3946195452112],[-74.3893576609001,39.3946415891679],[-74.389300683252,39.3946676186546],[-74.3892151900079,39.3947338175433],[-74.3891909550038,39.3947533986633]]}},{"type":"Feature","id":400595,"properties":{"OBJECTID":400595,"PRIMENAME":"Brigantine Boulevard","ELEVTYP_F":1,"ELEVTYP_T":0},"geometry":{"type":"LineString","coordinates":[[-74.424948716917,39.3835963613829],[-74.424912605274,39.3836174791004],[-74.4248788684312,39.3836354968649],[-74.4243478335904,39.383931354923],[-74.4238713119061,39.3841989104703],[-74.4234500954468,39.3844378359078],[-74.4231275587452,39.3846207868175],[-74.4219072316214,39.385304329835],[-74.421432959039,39.3855743927867]]}},{"type":"Feature","id":400614,"properties":{"OBJECTID":400614,"PRIMENAME":"Jenkins Parkway","ELEVTYP_F":0,"ELEVTYP_T":0},"geometry":{"type":"LineString","coordinates":[[-74.360670983053,39.4163710418772],[-74.3606731451373,39.4163694527521],[-74.3610013761104,39.4161252627418]]}},{"type":"Feature","id":400735,"properties":{"OBJECTID":400735,"PRIMENAME":"Harbor Beach Boulevard","ELEVTYP_F":0,"ELEVTYP_T":0},"geometry":{"type":"LineString","coordinates":[[-74.3992385053939,39.3849536951076],[-74.3989449375783,39.3851784473444],[-74.3986889239641,39.3853927434553],[-74.3985401378082,39.3855428015157],[-74.3983951594364,39.385677020241]]}},{"type":"Feature","id":400770,"properties":{"OBJECTID":400770,"PRIMENAME":"West Brigantine Avenue","ELEVTYP_F":0,"ELEVTYP_T":0},"geometry":{"type":"LineString","coordinates":[[-74.3916190572331,39.3895785078179],[-74.3912505003962,39.3898931123247],[-74.3910210484028,39.390088497493]]}},{"type":"Feature","id":400811,"properties":{"OBJECTID":400811,"PRIMENAME":"Atlantic Brigantine Boulevard","ELEVTYP_F":1,"ELEVTYP_T":1},"geometry":{"type":"LineString","coordinates":[[-74.4191795603346,39.3868488782918],[-74.4191364356798,39.3868733673527]]}},{"type":"Feature","id":400955,"properties":{"OBJECTID":400955,"PRIMENAME":"Bayshore Avenue","ELEVTYP_F":0,"ELEVTYP_T":0},"geometry":{"type":"LineString","coordinates":[[-74.3767258793809,39.4024911267199],[-74.3765536039637,39.4025477793083],[-74.3763593543061,39.4026228585322],[-74.3762988942931,39.4026478500938]]}},{"type":"Feature","id":400975,"properties":{"OBJECTID":400975,"PRIMENAME":"South Roosevelt Boulevard","ELEVTYP_F":0,"ELEVTYP_T":0},"geometry":{"type":"LineString","coordinates":[[-74.3627459408954,39.4080363509149],[-74.3636728647547,39.4088682744712],[-74.3642323504254,39.4094074603375]]}},{"type":"Feature","id":401061,"properties":{"OBJECTID":401061,"PRIMENAME":"Hagen Road","ELEVTYP_F":0,"ELEVTYP_T":0},"geometry":{"type":"LineString","coordinates":[[-74.3670434074025,39.4178163666476],[-74.366997017319,39.4178424413325],[-74.3669619467681,39.4178643465283],[-74.3669322585955,39.4178883486274],[-74.3668877029562,39.4179384569157],[-74.3668525817954,39.417987532858],[-74.3668214926665,39.4180397490907],[-74.3667863423997,39.4181034557761],[-74.3667619993527,39.418151497301],[-74.3667381216922,39.4181996897871]]}},{"type":"Feature","id":401067,"properties":{"OBJECTID":401067,"PRIMENAME":"Atlantic Brigantine Boulevard","ELEVTYP_F":0,"ELEVTYP_T":0},"geometry":{"type":"LineString","coordinates":[[-74.4051709008867,39.3933836258507],[-74.4049502435685,39.3934807795133],[-74.4045463091264,39.3936390651616],[-74.4042537658522,39.3937472510072],[-74.4039948714429,39.3938313844858],[-74.4037515223277,39.3939074572396],[-74.403474550257,39.3939875660239],[-74.40319758871,39.3940596011492],[-74.4029179837387,39.3941236171523],[-74.4026069600258,39.39418439302]]}},{"type":"Feature","id":401108,"properties":{"OBJECTID":401108,"PRIMENAME":"Harbor Beach Boulevard","ELEVTYP_F":0,"ELEVTYP_T":0},"geometry":{"type":"LineString","coordinates":[[-74.4009666198484,39.3838004359001],[-74.4008702425138,39.3838742946756],[-74.4008338973438,39.3838977152845],[-74.4006916883013,39.3839893500785],[-74.4006872219743,39.3839923270329],[-74.4004342233043,39.3841608993025],[-74.4003697679788,39.3842038413915]]}},{"type":"Feature","id":401301,"properties":{"OBJECTID":401301,"PRIMENAME":"Lagoon Boulevard","ELEVTYP_F":0,"ELEVTYP_T":0},"geometry":{"type":"LineString","coordinates":[[-74.4005994008773,39.3903084903125],[-74.4006013119152,39.3903083550227],[-74.4007214550263,39.390299259475],[-74.400953063776,39.390261923024],[-74.4011881039371,39.3902245629023],[-74.4014439050155,39.3901684939622],[-74.4017446742049,39.3900909638324],[-74.4018187648882,39.3900687584777],[-74.4018246763948,39.3900669519471]]}},{"type":"Feature","id":401328,"properties":{"OBJECTID":401328,"PRIMENAME":"Bayshore Avenue","ELEVTYP_F":0,"ELEVTYP_T":0},"geometry":{"type":"LineString","coordinates":[[-74.3975147207339,39.391162431799],[-74.3973587783769,39.3911155912286]]}},{"type":"Feature","id":401574,"properties":{"OBJECTID":401574,"PRIMENAME":"33rd Street South","ELEVTYP_F":0,"ELEVTYP_T":0},"geometry":{"type":"LineString","coordinates":[[-74.3842529213002,39.3915020441524],[-74.3848127903242,39.3919926166335]]}},{"type":"Feature","id":401739,"properties":{"OBJECTID":401739,"PRIMENAME":"Bayshore Avenue","ELEVTYP_F":0,"ELEVTYP_T":0},"geometry":{"type":"LineString","coordinates":[[-74.3762988942931,39.4026478500938],[-74.3761230554509,39.402720490204],[-74.3759041251959,39.4028225871832]]}},{"type":"Feature","id":401831,"properties":{"OBJECTID":401831,"PRIMENAME":"Amherst Avenue","ELEVTYP_F":0,"ELEVTYP_T":0},"geometry":{"type":"LineString","coordinates":[[-74.3978771629173,39.3941031579087],[-74.3975669381177,39.3941084963263],[-74.3973398080159,39.3941124038185],[-74.397319630628,39.3941130607166],[-74.397186259466,39.3941174028252]]}},{"type":"Feature","id":401932,"properties":{"OBJECTID":401932,"PRIMENAME":"East Evans Boulevard","ELEVTYP_F":0,"ELEVTYP_T":0},"geometry":{"type":"LineString","coordinates":[[-74.3633787819471,39.4120038713646],[-74.3632234831186,39.4121238035152],[-74.3631549412103,39.412175205499],[-74.3623994312068,39.4127253641204]]}},{"type":"Feature","id":402387,"properties":{"OBJECTID":402387,"PRIMENAME":"Madison Avenue","ELEVTYP_F":0,"ELEVTYP_T":0},"geometry":{"type":"LineString","coordinates":[[-74.419318028415,39.3692856453584],[-74.4197606879023,39.3691065572708]]}},{"type":"Feature","id":402391,"properties":{"OBJECTID":402391,"PRIMENAME":"Madison Avenue","ELEVTYP_F":0,"ELEVTYP_T":0},"geometry":{"type":"LineString","coordinates":[[-74.4154596981502,39.3708457407296],[-74.4154814998491,39.3708369160372],[-74.4161771938199,39.3705551645793]]}},{"type":"Feature","id":402393,"properties":{"OBJECTID":402393,"PRIMENAME":"Madison Avenue","ELEVTYP_F":0,"ELEVTYP_T":0},"geometry":{"type":"LineString","coordinates":[[-74.4149432592709,39.3710545022676],[-74.4154596981502,39.3708457407296]]}},{"type":"Feature","id":402408,"properties":{"OBJECTID":402408,"PRIMENAME":"Madison Avenue","ELEVTYP_F":0,"ELEVTYP_T":0},"geometry":{"type":"LineString","coordinates":[[-74.4147864720774,39.3711178674941],[-74.4148733241145,39.3710827860414],[-74.4149432592709,39.3710545022676]]}},{"type":"Feature","id":402419,"properties":{"OBJECTID":402419,"PRIMENAME":"Madison Avenue","ELEVTYP_F":0,"ELEVTYP_T":0},"geometry":{"type":"LineString","coordinates":[[-74.4180982980207,39.3697765426625],[-74.4186810759662,39.3695402748412]]}},{"type":"Feature","id":402424,"properties":{"OBJECTID":402424,"PRIMENAME":"Madison Avenue","ELEVTYP_F":0,"ELEVTYP_T":0},"geometry":{"type":"LineString","coordinates":[[-74.4144046302154,39.3712728928373],[-74.4147169977799,39.371145959639],[-74.4147864720774,39.3711178674941]]}},{"type":"Feature","id":402428,"properties":{"OBJECTID":402428,"PRIMENAME":"Madison Avenue","ELEVTYP_F":0,"ELEVTYP_T":0},"geometry":{"type":"LineString","coordinates":[[-74.4135030672308,39.3716143259859],[-74.413553440414,39.3716143634157],[-74.4136122937612,39.37159485779],[-74.4136596150875,39.3715756282344],[-74.4138940360009,39.3714803730515]]}},{"type":"Feature","id":402429,"properties":{"OBJECTID":402429,"PRIMENAME":"Madison Avenue","ELEVTYP_F":0,"ELEVTYP_T":0},"geometry":{"type":"LineString","coordinates":[[-74.4186810759662,39.3695402748412],[-74.419318028415,39.3692856453584]]}},{"type":"Feature","id":402449,"properties":{"OBJECTID":402449,"PRIMENAME":"Madison Avenue","ELEVTYP_F":0,"ELEVTYP_T":0},"geometry":{"type":"LineString","coordinates":[[-74.417429444468,39.3700477816388],[-74.4180982980207,39.3697765426625]]}},{"type":"Feature","id":402455,"properties":{"OBJECTID":402455,"PRIMENAME":"Madison Avenue","ELEVTYP_F":0,"ELEVTYP_T":0},"geometry":{"type":"LineString","coordinates":[[-74.4138940360009,39.3714803730515],[-74.4144046302154,39.3712728928373]]}},{"type":"Feature","id":402821,"properties":{"OBJECTID":402821,"PRIMENAME":"Madison Avenue","ELEVTYP_F":0,"ELEVTYP_T":0},"geometry":{"type":"LineString","coordinates":[[-74.4172986149774,39.3701008210959],[-74.417429444468,39.3700477816388]]}},{"type":"Feature","id":402822,"properties":{"OBJECTID":402822,"PRIMENAME":"Madison Avenue","ELEVTYP_F":0,"ELEVTYP_T":0},"geometry":{"type":"LineString","coordinates":[[-74.4161771938199,39.3705551645793],[-74.4164219973644,39.3704560121653]]}},{"type":"Feature","id":402824,"properties":{"OBJECTID":402824,"PRIMENAME":"Madison Avenue","ELEVTYP_F":0,"ELEVTYP_T":0},"geometry":{"type":"LineString","coordinates":[[-74.4164219973644,39.3704560121653],[-74.4169432767879,39.3702448765684],[-74.4172986149774,39.3701008210959]]}},{"type":"Feature","id":406108,"properties":{"OBJECTID":406108,"PRIMENAME":"Madison Avenue","ELEVTYP_F":0,"ELEVTYP_T":0},"geometry":{"type":"LineString","coordinates":[[-74.4197606879023,39.3691065572708],[-74.4198773889161,39.3690593434466]]}},{"type":"Feature","id":406109,"properties":{"OBJECTID":406109,"PRIMENAME":"North Connecticut Avenue","ELEVTYP_F":0,"ELEVTYP_T":0},"geometry":{"type":"LineString","coordinates":[[-74.4203119607838,39.3697056446437],[-74.4198773889161,39.3690593434466]]}},{"type":"Feature","id":406110,"properties":{"OBJECTID":406110,"PRIMENAME":"North Connecticut Avenue","ELEVTYP_F":0,"ELEVTYP_T":0},"geometry":{"type":"LineString","coordinates":[[-74.4198773889161,39.3690593434466],[-74.419575968995,39.3686054561078]]}},{"type":"Feature","id":415083,"properties":{"OBJECTID":415083,"PRIMENAME":"Starboard Court","ELEVTYP_F":0,"ELEVTYP_T":0},"geometry":{"type":"LineString","coordinates":[[-74.4193676857688,39.3744394627947],[-74.4188795347092,39.3746298307471]]}},{"type":"Feature","id":415084,"properties":{"OBJECTID":415084,"PRIMENAME":"Unnamed Segment","ELEVTYP_F":0,"ELEVTYP_T":0},"geometry":{"type":"LineString","coordinates":[[-74.4188795347092,39.3746298307471],[-74.4187726279165,39.3744635121906]]}},{"type":"Feature","id":415085,"properties":{"OBJECTID":415085,"PRIMENAME":"Starboard Court","ELEVTYP_F":0,"ELEVTYP_T":0},"geometry":{"type":"LineString","coordinates":[[-74.4188795347092,39.3746298307471],[-74.4183930565745,39.374819542931]]}},{"type":"Feature","id":415086,"properties":{"OBJECTID":415086,"PRIMENAME":"Main Sail Way","ELEVTYP_F":0,"ELEVTYP_T":0},"geometry":{"type":"LineString","coordinates":[[-74.4190046874013,39.3743702052693],[-74.4189750976226,39.3743816402376],[-74.4187726279165,39.3744635121906]]}},{"type":"Feature","id":433550,"properties":{"OBJECTID":433550,"PRIMENAME":"Beach Avenue","ELEVTYP_F":0,"ELEVTYP_T":0},"geometry":{"type":"LineString","coordinates":[[-74.4157442123077,39.3699069286764],[-74.4169936262069,39.3693975989635]]}},{"type":"Feature","id":433701,"properties":{"OBJECTID":433701,"PRIMENAME":"31st Street South","ELEVTYP_F":0,"ELEVTYP_T":0},"geometry":{"type":"LineString","coordinates":[[-74.3834242017119,39.3929285737562],[-74.3828313761678,39.3924052325685]]}},{"type":"Feature","id":434546,"properties":{"OBJECTID":434546,"PRIMENAME":"Sheridan Square","ELEVTYP_F":0,"ELEVTYP_T":0},"geometry":{"type":"LineString","coordinates":[[-74.3704624921035,39.4080035192516],[-74.3699216461221,39.4073943430856],[-74.3698208131997,39.4072826533774],[-74.369742819269,39.407196263853]]}},{"type":"Feature","id":434902,"properties":{"OBJECTID":434902,"PRIMENAME":"Boardwalk","ELEVTYP_F":0,"ELEVTYP_T":0},"geometry":{"type":"LineString","coordinates":[[-74.4125866586733,39.3706169983107],[-74.4124219938493,39.3703762651187],[-74.4122933224033,39.3704170090443],[-74.4121198321056,39.3700843395133],[-74.4119801751802,39.3698106955209],[-74.4118814495754,39.3696195188943],[-74.4117513925612,39.3693908466097],[-74.4115660621521,39.3690816801102],[-74.41144067586,39.3688660168751],[-74.4113515921925,39.3686879619717],[-74.4109182941037,39.3678708727925],[-74.4106316319699,39.3673103520324],[-74.4105968168396,39.3672453139514]]}},{"type":"Feature","id":434925,"properties":{"OBJECTID":434925,"PRIMENAME":"Boardwalk","ELEVTYP_F":0,"ELEVTYP_T":0},"geometry":{"type":"LineString","coordinates":[[-74.3574442636668,39.4116266424112],[-74.3574266145011,39.4118646088422],[-74.3570226846915,39.4121503652007],[-74.3566402127975,39.4124328181244],[-74.3562749253215,39.4127036409467],[-74.3555250058148,39.4132585729232],[-74.3546912825937,39.4138699800666],[-74.3539391884855,39.4144265636576],[-74.3539369416963,39.4144748239364],[-74.3539728498914,39.4147461433339]]}}]}
